  Linear solve converged due to CONVERGED_RTOL iterations 30
  Linear solve converged due to CONVERGED_RTOL iterations 30
  Linear solve converged due to CONVERGED_RTOL iterations 30
[0]main |b-Ax|/|b|=7.614560e-07, |b|=2.222509e+00, emax=9.989586e-01
****************************************************************************************************************************************************************
***                                WIDEN YOUR WINDOW TO 160 CHARACTERS.  Use 'enscript -r -fCourier9' to print this document                                 ***
****************************************************************************************************************************************************************

------------------------------------------------------------------ PETSc Performance Summary: ------------------------------------------------------------------

/global/homes/m/madams/petsc/arch-perlmutter-opt-gcc-kokkos-cuda-notpl/tests/ksp/ksp/tutorials/ex56 on a arch-perlmutter-opt-gcc-kokkos-cuda-notpl named nid001161 with 8 processes and CUDA architecture 80, by madams on Mon Jun 22 07:46:10 2026
Using PETSc Development Git Revision: v3.25.2-340-g83d2bd4a8b4 Git Date: 2026-06-21 14:23:19 -0400

                         Max       Max/Min     Avg       Total
Time (sec):           3.636e+00     1.000   3.636e+00
Objects:              0.000e+00     0.000   0.000e+00
Flops:                1.006e+10     1.020   9.962e+09  7.969e+10
Flops/sec:            2.766e+09     1.020   2.739e+09  2.192e+10
MPI Msg Count:        1.423e+04     1.095   1.336e+04  1.069e+05
MPI Msg Len (bytes):  7.245e+07     1.039   5.326e+03  5.693e+08
MPI Reductions:       2.230e+02     1.000

Flop counting convention: 1 flop = 1 real number operation of type (multiply/divide/add/subtract)
                            e.g., VecAXPY() for real vectors of length N --> 2N flops
                            and VecAXPY() for complex vectors of length N --> 8N flops

Summary of Stages:   ----- Time ------  ----- Flop ------  --- Messages ---  -- Message Lengths --  -- Reductions --
                        Avg     %Total     Avg     %Total    Count   %Total     Avg         %Total    Count   %Total
 0:      Main Stage: 1.1345e+00  31.2%  1.7301e+08   0.2%  2.630e+02   0.2%  7.069e+04        3.3%  9.000e+00   4.0%
 1:           Setup: 2.0510e+00  56.4%  3.1676e+09   4.0%  1.659e+04  15.5%  8.244e+03       24.0%  1.970e+02  88.3%
 2:           Solve: 1.4849e-01   4.1%  2.4879e+10  31.2%  2.940e+04  27.5%  4.329e+03       22.4%  0.000e+00   0.0%
 3:       2nd Setup: 3.4402e-02   0.9%  1.6548e+09   2.1%  1.822e+03   1.7%  1.761e+04        5.6%  0.000e+00   0.0%
 4:       2nd Solve: 1.3455e-01   3.7%  2.4879e+10  31.2%  2.940e+04  27.5%  4.329e+03       22.4%  0.000e+00   0.0%
 5:       3rd Setup: 2.7325e-07   0.0%  0.0000e+00   0.0%  0.000e+00   0.0%  0.000e+00        0.0%  0.000e+00   0.0%
 6:       3rd Solve: 1.3345e-01   3.7%  2.4941e+10  31.3%  2.940e+04  27.5%  4.329e+03       22.4%  0.000e+00   0.0%

------------------------------------------------------------------------------------------------------------------------
See the 'Profiling' chapter of the users' manual for details on interpreting output.
Phase summary info:
   Count: number of times phase was executed
   Time and Flop: Max - maximum over all processes
                  Ratio - ratio of maximum to minimum over all processes
   Mess: number of messages sent
   AvgLen: average message length (bytes)
   Reduct: number of global reductions
   Global: entire computation
   Stage: stages of a computation. Set stages with PetscLogStagePush() and PetscLogStagePop().
      %T - percent time in this phase         %F - percent flop in this phase
      %M - percent messages in this phase     %L - percent message lengths in this phase
      %R - percent reductions in this phase
   Total Mflop/s: 1e-6 * (sum of flop over all processes)/(max time over all processes)
   GPU Mflop/s: 1e-6 * (sum of flop on GPU over all processes)/(max GPU time over all processes)
   CpuToGpu Count: total number of CPU to GPU copies per processor
   CpuToGpu Size (Mbytes): 1e-6 * (total size of CPU to GPU copies per processor)
   GpuToCpu Count: total number of GPU to CPU copies per processor
   GpuToCpu Size (Mbytes): 1e-6 * (total size of GPU to CPU copies per processor)
   GPU %F: percent flops on GPU in this event
------------------------------------------------------------------------------------------------------------------------
Event                Count      Time (sec)     Flop                              --- Global ---  --- Stage ----  Total   GPU    - CpuToGpu -   - GpuToCpu - GPU
                   Max Ratio  Max     Ratio   Max  Ratio  Mess   AvgLen  Reduct  %T %F %M %L %R  %T %F %M %L %R Mflop/s Mflop/s Count   Size   Count   Size  %F
---------------------------------------------------------------------------------------------------------------------------------------------------------------

--- Event Stage 0: Main Stage

BuildTwoSided          4 1.0 9.8652e-02 1.5 0.00e+00 0.0 9.4e+01 5.6e+00 0.0e+00  2  0  0  0  0   7  0 36  0  0     0       0      0 0.00e+00    0 0.00e+00  0
BuildTwoSidedF         3 1.0 9.9707e-02 1.5 0.00e+00 0.0 9.5e+01 1.9e+05 0.0e+00  2  0  0  3  0   7  0 36 95  0     0       0      0 0.00e+00    0 0.00e+00  0
MatMult                1 1.0 1.3970e-03 6.0 1.54e+07 1.0 5.6e+01 1.1e+04 0.0e+00  0  0  0  0  0   0 71 21  3  0 88378       0      0 0.00e+00    0 0.00e+00 100
MatAssemblyBegin       1 1.0 9.9041e-02 1.3 0.00e+00 0.0 3.8e+01 4.6e+05 0.0e+00  2  0  0  3  0   8  0 14 93  0     0       0      0 0.00e+00    0 0.00e+00  0
MatAssemblyEnd         1 1.0 5.2060e-02 1.0 0.00e+00 0.0 1.1e+02 2.7e+03 1.0e+00  1  0  0  0  0   5  0 43  2 11     0       0      0 0.00e+00    1 1.93e+00  0
DCtxCreate             1 1.0 6.2300e-05 2.2 0.00e+00 0.0 0.0e+00 0.0e+00 0.0e+00  0  0  0  0  0   0  0  0  0  0     0       0      0 0.00e+00    0 0.00e+00  0
DCtxDestroy            1 1.0 2.3757e-05 1.1 0.00e+00 0.0 0.0e+00 0.0e+00 0.0e+00  0  0  0  0  0   0  0  0  0  0     0       0      0 0.00e+00    0 0.00e+00  0
DCtxSetUp              1 1.0 9.9790e-06 1.3 0.00e+00 0.0 0.0e+00 0.0e+00 0.0e+00  0  0  0  0  0   0  0  0  0  0     0       0      0 0.00e+00    0 0.00e+00  0
DCtxSetDevice          1 1.0 1.5670e-05 1.2 0.00e+00 0.0 0.0e+00 0.0e+00 0.0e+00  0  0  0  0  0   0  0  0  0  0     0       0      0 0.00e+00    0 0.00e+00  0
VecMDot                3 1.0 9.0140e-04 1.4 2.36e+06 1.0 0.0e+00 0.0e+00 0.0e+00  0  0  0  0  0   0 11  0  0  0 20939       0      0 0.00e+00    0 0.00e+00  0
VecNorm                5 1.0 1.7041e-03 7.2 9.83e+05 1.0 0.0e+00 0.0e+00 0.0e+00  0  0  0  0  0   0  5  0  0  0  4615       0      0 0.00e+00    0 0.00e+00 40
VecScale               3 1.0 4.9617e-05 1.1 2.95e+05 1.0 0.0e+00 0.0e+00 0.0e+00  0  0  0  0  0   0  1  0  0  0 47550       0      0 0.00e+00    0 0.00e+00  0
VecAXPY                1 1.0 4.4706e-05 1.3 1.97e+05 1.0 0.0e+00 0.0e+00 0.0e+00  0  0  0  0  0   0  1  0  0  0 35182       0      0 0.00e+00    0 0.00e+00 100
VecMAXPY               3 1.0 2.7848e-04 1.1 2.36e+06 1.0 0.0e+00 0.0e+00 0.0e+00  0  0  0  0  0   0 11  0  0  0 67777       0      0 0.00e+00    0 0.00e+00  0
VecAssemblyBegin       1 1.0 7.2424e-04 1.3 0.00e+00 0.0 5.7e+01 6.1e+03 0.0e+00  0  0  0  0  0   0  0 22  2  0     0       0      0 0.00e+00    0 0.00e+00  0
VecAssemblyEnd         1 1.0 8.8331e-05 6.4 0.00e+00 0.0 0.0e+00 0.0e+00 0.0e+00  0  0  0  0  0   0  0  0  0  0     0       0      0 0.00e+00    0 0.00e+00  0
VecScatterBegin        1 1.0 2.0276e-04 1.2 0.00e+00 0.0 5.6e+01 1.1e+04 0.0e+00  0  0  0  0  0   0  0 21  3  0     0       0      0 0.00e+00    0 0.00e+00  0
VecScatterEnd          1 1.0 1.2122e-03 210.1 0.00e+00 0.0 0.0e+00 0.0e+00 0.0e+00  0  0  0  0  0   0  0  0  0  0     0       0      0 0.00e+00    0 0.00e+00  0
VecNormalize           3 1.0 2.1420e-04 1.2 8.85e+05 1.0 0.0e+00 0.0e+00 0.0e+00  0  0  0  0  0   0  4  0  0  0 33043       0      0 0.00e+00    0 0.00e+00  0
SFSetGraph             1 1.0 7.7901e-05 1.1 0.00e+00 0.0 0.0e+00 0.0e+00 0.0e+00  0  0  0  0  0   0  0  0  0  0     0       0      0 0.00e+00    0 0.00e+00  0
SFSetUp                1 1.0 5.6151e-04 1.1 0.00e+00 0.0 1.1e+02 2.7e+03 0.0e+00  0  0  0  0  0   0  0 43  2  0     0       0      0 0.00e+00    0 0.00e+00  0
SFPack                 1 1.0 6.4620e-06 1.8 0.00e+00 0.0 0.0e+00 0.0e+00 0.0e+00  0  0  0  0  0   0  0  0  0  0     0       0      0 0.00e+00    0 0.00e+00  0
SFUnpack               1 1.0 1.8100e-07 1.5 0.00e+00 0.0 0.0e+00 0.0e+00 0.0e+00  0  0  0  0  0   0  0  0  0  0     0       0      0 0.00e+00    0 0.00e+00  0

--- Event Stage 1: Setup

BuildTwoSided        267 1.0 7.5537e-02 4.0 0.00e+00 0.0 3.4e+03 4.0e+00 0.0e+00  2  0  3  0  0   3  0 21  0  0     0       0      0 0.00e+00    0 0.00e+00  0
BuildTwoSidedF       162 1.0 6.6642e-02 5.8 0.00e+00 0.0 7.2e+02 4.8e+04 0.0e+00  1  0  1  6  0   2  0  4 26  0     0       0      0 0.00e+00    0 0.00e+00  0
MatMult               80 1.0 5.7091e-02 1.3 3.63e+08 1.0 3.4e+03 5.0e+03 0.0e+00  1  4  3  3  0   2 90 20 12  0 50175       0      7 1.22e-01    0 0.00e+00 100
MatConvert            20 1.0 7.8819e-01 1.0 0.00e+00 0.0 9.4e+02 1.5e+02 4.8e+01 22  0  1  0 22  38  0  6  0 24     0       0      0 0.00e+00   12 2.30e+01  0
MatScale              12 1.0 2.0158e-03 1.1 4.44e+06 1.0 1.7e+02 1.4e+03 0.0e+00  0  0  0  0  0   0  1  1  0  0 17562       0      0 0.00e+00    0 0.00e+00 60
MatAssemblyBegin      77 1.0 7.1934e-02 4.9 0.00e+00 0.0 7.2e+02 4.8e+04 0.0e+00  1  0  1  6  0   3  0  4 26  0     0       0      0 0.00e+00    0 0.00e+00  0
MatAssemblyEnd        77 1.0 1.6772e-01 2.2 0.00e+00 0.0 2.4e+03 3.1e+02 4.4e+01  4  0  2  0 20   7  0 15  1 22     0       0      0 0.00e+00   10 1.98e+00  0
MatSetValues     3689288 1.0 5.7886e-01 1.2 1.52e+06 1.0 0.0e+00 0.0e+00 0.0e+00 14  0  0  0  0  25  0  0  0  0    21       0      0 0.00e+00    0 0.00e+00  0
MatGetRow         411747 1.0 4.2935e-02 1.1 0.00e+00 0.0 0.0e+00 0.0e+00 0.0e+00  1  0  0  0  0   2  0  0  0  0     0       0      0 0.00e+00    0 0.00e+00  0
MatCreateSubMat        2 1.0 9.7805e-03 1.0 0.00e+00 0.0 1.7e+02 5.1e+01 2.2e+01  0  0  0  0 10   0  0  1  0 11     0       0      0 0.00e+00    2 1.18e-01  0
MatCoarsen             4 1.0 1.0541e-02 1.0 0.00e+00 0.0 1.7e+03 9.7e+02 2.7e+01  0  0  2  0 12   1  0 10  1 14     0       0      0 0.00e+00    0 0.00e+00  0
MatAXPY                8 1.0 8.6240e-01 1.0 1.52e+06 1.0 1.1e+03 2.3e+02 4.0e+01 24  0  1  0 18  42  0  7  0 20    14       0      0 0.00e+00   10 2.29e+01  0
MatTranspose           9 1.0 2.9386e-02 1.1 0.00e+00 0.0 1.4e+03 3.3e+03 2.1e+01  1  0  1  1  9   1  0  9  3 11     0       0      0 0.00e+00    0 0.00e+00  0
MatMatMultSym          4 1.0 1.3914e-01 1.1 0.00e+00 0.0 2.2e+03 2.7e+03 2.8e+01  4  0  2  1 13   7  0 13  4 14     0       0      0 0.00e+00   33 1.27e+02  0
MatMatMultNum          4 1.0 8.3000e-07 1.4 0.00e+00 0.0 0.0e+00 0.0e+00 0.0e+00  0  0  0  0  0   0  0  0  0  0     0       0      0 0.00e+00    0 0.00e+00  0
MatPtAPSymbolic        4 1.0 2.1981e-01 1.1 0.00e+00 0.0 3.1e+03 1.9e+04 2.8e+01  6  0  3 10 13  10  0 19 43 14     0       0      0 0.00e+00   33 1.46e+02  0
MatPtAPNumeric         4 1.0 8.3100e-07 1.3 0.00e+00 0.0 0.0e+00 0.0e+00 0.0e+00  0  0  0  0  0   0  0  0  0  0     0       0      0 0.00e+00    0 0.00e+00  0
MatTrnMatMultSym       1 1.0 1.7862e-01 1.0 0.00e+00 0.0 3.9e+02 9.2e+04 4.0e+00  5  0  0  6  2   9  0  2 26  2     0       0      0 0.00e+00    0 0.00e+00  0
MatGetLocalMat         1 1.0 1.3218e-03 1.1 0.00e+00 0.0 0.0e+00 0.0e+00 0.0e+00  0  0  0  0  0   0  0  0  0  0     0       0      0 0.00e+00    0 0.00e+00  0
MatCreateGraph         4 1.0 1.0140e-01 1.0 2.68e+06 1.0 2.0e+03 2.5e+03 2.8e+01  3  0  2  1 13   5  1 12  4 14   211       0      0 0.00e+00    6 9.88e+00  0
MatSetPreallCOO        8 1.0 4.7718e-02 1.0 0.00e+00 0.0 2.1e+03 5.7e+02 3.2e+01  1  0  2  0 14   2  0 13  1 16     0       0      0 0.00e+00   24 3.48e+01  0
MatSetValuesCOO        8 1.0 2.3242e-02 2.5 0.00e+00 0.0 1.2e+02 1.9e+05 0.0e+00  0  0  0  4  0   1  0  1 17  0     0       0      0 0.00e+00    0 0.00e+00  0
KSPSetUp               1 1.0 2.4520e-03 3.5 0.00e+00 0.0 0.0e+00 0.0e+00 0.0e+00  0  0  0  0  0   0  0  0  0  0     0       0      0 0.00e+00    0 0.00e+00  0
PCSetUp_GAMG+          1 1.0 2.0502e+00 1.0 4.01e+08 1.0 1.7e+04 8.2e+03 2.0e+02 56  4 16 24 88 100 100 100 100 100  1545       0      7 1.22e-01   88 3.06e+02 99
 PCGAMGCreateG         4 1.0 1.0141e-01 1.0 2.68e+06 1.0 2.0e+03 2.5e+03 2.8e+01  3  0  2  1 13   5  1 12  4 14   211       0      0 0.00e+00    6 9.88e+00  0
 GAMG Coarsen          8 1.0 2.1429e-01 1.0 0.00e+00 0.0 2.3e+03 1.7e+04 3.1e+01  6  0  2  7 14  10  0 14 29 16     0       0      0 0.00e+00    0 0.00e+00  0
  GAMG MIS/Agg         4 1.0 1.8931e-01 1.0 0.00e+00 0.0 2.0e+03 1.8e+04 3.1e+01  5  0  2  7 14   9  0 12 28 16     0       0      0 0.00e+00    0 0.00e+00  0
 PCGAMGProl            4 1.0 3.9351e-01 1.0 0.00e+00 0.0 2.5e+03 4.0e+03 1.2e+01 11  0  2  2  5  19  0 15  7  6     0       0      0 0.00e+00    4 1.30e-01  0
  GAMG Prol-col        4 1.0 8.8281e-02 1.0 0.00e+00 0.0 2.2e+03 3.6e+03 0.0e+00  2  0  2  1  0   4  0 14  6  0     0       0      0 0.00e+00    0 0.00e+00  0
  GAMG Prol-lift       4 1.0 3.0149e-01 1.0 0.00e+00 0.0 2.8e+02 7.4e+03 4.0e+00  8  0  0  0  2  15  0  2  2  2     0       0      0 0.00e+00    4 1.30e-01  0
 PCGAMGOptProl         4 1.0 1.0690e+00 1.0 1.97e+08 1.0 4.7e+03 3.1e+03 6.4e+01 29  2  4  3 29  52 49 28 11 32  1453       0      7 1.22e-01   43 1.50e+02 100
  GAMG smooth          4 1.0 9.5966e-01 1.0 3.27e+06 1.0 3.0e+03 2.0e+03 6.4e+01 26  0  3  1 29  47  1 18  4 32    27       0      0 0.00e+00   43 1.50e+02 81
 PCGAMGCreateL         4 1.0 2.3187e-01 1.1 0.00e+00 0.0 3.3e+03 1.8e+04 6.2e+01  6  0  3 10 28  11  0 20 43 31     0       0      0 0.00e+00   35 1.46e+02  0
  GAMG PtAP            4 1.0 2.1985e-01 1.1 0.00e+00 0.0 3.1e+03 1.9e+04 2.8e+01  6  0  3 10 13  10  0 19 43 14     0       0      0 0.00e+00   33 1.46e+02  0
  GAMG Reduce          2 1.0 3.2183e-02 1.0 0.00e+00 0.0 8.9e+02 6.7e+03 4.8e+01  1  0  1  1 22   2  0  5  4 24     0       0      0 0.00e+00   19 3.20e+00  0
PCGAMG Squ l00         1 1.0 1.7862e-01 1.0 0.00e+00 0.0 3.9e+02 9.2e+04 4.0e+00  5  0  0  6  2   9  0  2 26  2     0       0      0 0.00e+00    0 0.00e+00  0
PCGAMG Gal l00         1 1.0 1.5639e-01 1.0 0.00e+00 0.0 1.2e+03 2.7e+04 7.0e+00  4  0  1  6  3   8  0  7 24  4     0       0      0 0.00e+00    8 1.24e+02  0
PCGAMG Opt l00         1 1.0 1.0569e-01 1.1 0.00e+00 0.0 7.1e+02 6.0e+03 7.0e+00  3  0  1  1  3   5  0  4  3  4     0       0      0 0.00e+00    8 1.12e+02  0
PCGAMG Gal l01         1 1.0 4.3706e-02 1.5 0.00e+00 0.0 1.2e+03 1.7e+04 7.0e+00  1  0  1  4  3   2  0  7 15  4     0       0      0 0.00e+00    8 1.91e+01  0
PCGAMG Opt l01         1 1.0 1.3680e-02 1.0 0.00e+00 0.0 7.3e+02 1.5e+03 7.0e+00  0  0  1  0  3   1  0  4  1  4     0       0      0 0.00e+00    8 1.31e+01  0
PCGAMG Gal l02         1 1.0 1.3996e-02 1.0 0.00e+00 0.0 6.4e+02 9.3e+03 7.0e+00  0  0  1  1  3   1  0  4  4  4     0       0      0 0.00e+00    8 3.07e+00  0
PCGAMG Opt l02         1 1.0 1.5207e-02 1.0 0.00e+00 0.0 7.3e+02 6.9e+02 7.0e+00  0  0  1  0  3   1  0  4  0  4     0       0      0 0.00e+00    8 1.93e+00  0
PCGAMG Gal l03         1 1.0 6.1391e-03 1.0 0.00e+00 0.0 2.7e+01 2.4e+02 7.0e+00  0  0  0  0  3   0  0  0  0  4     0       0      0 0.00e+00    9 1.74e-02  0
PCGAMG Opt l03         1 1.0 4.6499e-03 1.0 0.00e+00 0.0 2.2e+01 2.8e+02 7.0e+00  0  0  0  0  3   0  0  0  0  4     0       0      0 0.00e+00    9 1.90e-02  0
PCSetUp                1 1.0 2.0502e+00 1.0 4.01e+08 1.0 1.7e+04 8.2e+03 2.0e+02 56  4 16 24 88 100 100 100 100 100  1545       0      7 1.22e-01   88 3.06e+02 99
VecTDot              184 1.0 4.1634e-02 1.8 9.51e+06 1.0 0.0e+00 0.0e+00 0.0e+00  1  0  0  0  0   2  2  0  0  0  1821       0      0 0.00e+00    0 0.00e+00 100
VecNorm               44 1.0 1.5175e-02 1.3 2.27e+06 1.0 0.0e+00 0.0e+00 0.0e+00  0  0  0  0  0   1  1  0  0  0  1195       0      0 0.00e+00    0 0.00e+00 100
VecCopy               16 1.0 1.9398e-04 1.3 0.00e+00 0.0 0.0e+00 0.0e+00 0.0e+00  0  0  0  0  0   0  0  0  0  0     0       0      0 0.00e+00    0 0.00e+00  0
VecSet                 8 1.0 5.6402e-05 1.2 0.00e+00 0.0 0.0e+00 0.0e+00 0.0e+00  0  0  0  0  0   0  0  0  0  0     0       0      0 0.00e+00    0 0.00e+00  0
VecAXPY              160 1.0 4.9470e-03 1.1 8.27e+06 1.0 0.0e+00 0.0e+00 0.0e+00  0  0  0  0  0   0  2  0  0  0 13330       0      0 0.00e+00    0 0.00e+00 100
VecAYPX               72 1.0 3.6132e-04 1.4 3.72e+06 1.0 0.0e+00 0.0e+00 0.0e+00  0  0  0  0  0   0  1  0  0  0 82128       0      0 0.00e+00    0 0.00e+00 100
VecAssemblyBegin     136 1.0 6.8600e-03 1.3 0.00e+00 0.0 0.0e+00 0.0e+00 0.0e+00  0  0  0  0  0   0  0  0  0  0     0       0      0 0.00e+00    0 0.00e+00  0
VecAssemblyEnd       136 1.0 5.9624e-05 1.1 0.00e+00 0.0 0.0e+00 0.0e+00 0.0e+00  0  0  0  0  0   0  0  0  0  0     0       0      0 0.00e+00    0 0.00e+00  0
VecPointwiseMult      44 1.0 2.3243e-04 1.3 1.14e+06 1.0 0.0e+00 0.0e+00 0.0e+00  0  0  0  0  0   0  0  0  0  0 39011       0      0 0.00e+00    0 0.00e+00 100
VecReciprocal         12 1.0 1.5051e-04 1.1 0.00e+00 0.0 0.0e+00 0.0e+00 0.0e+00  0  0  0  0  0   0  0  0  0  0     0       0      0 0.00e+00    0 0.00e+00  0
VecSetValues      784962 1.0 4.7757e-02 1.0 0.00e+00 0.0 0.0e+00 0.0e+00 0.0e+00  1  0  0  0  0   2  0  0  0  0     0       0      0 0.00e+00    0 0.00e+00  0
VecScatterBegin      221 1.0 4.3698e-02 1.3 0.00e+00 0.0 6.1e+03 4.5e+03 0.0e+00  1  0  6  5  0   2  0 37 20  0     0       0      7 1.22e-01    0 0.00e+00  0
VecScatterEnd        221 1.0 2.4598e-02 3.5 0.00e+00 0.0 0.0e+00 0.0e+00 0.0e+00  0  0  0  0  0   1  0  0  0  0     0       0      0 0.00e+00    0 0.00e+00  0
SFSetGraph           113 1.0 4.5980e-04 1.0 0.00e+00 0.0 0.0e+00 0.0e+00 0.0e+00  0  0  0  0  0   0  0  0  0  0     0       0      0 0.00e+00    0 0.00e+00  0
SFSetUp              105 1.0 1.7511e-02 1.1 0.00e+00 0.0 6.2e+03 4.4e+02 0.0e+00  0  0  6  0  0   1  0 37  2  0     0       0      0 0.00e+00    0 0.00e+00  0
SFBcastBegin          59 1.0 5.0972e-03 1.2 0.00e+00 0.0 2.6e+03 1.5e+04 0.0e+00  0  0  2  7  0   0  0 16 29  0     0       0      0 0.00e+00    0 0.00e+00  0
SFBcastEnd            59 1.0 2.3205e-03 1.9 0.00e+00 0.0 0.0e+00 0.0e+00 0.0e+00  0  0  0  0  0   0  0  0  0  0     0       0      0 0.00e+00    0 0.00e+00  0
SFReduceBegin         31 1.0 9.3806e-03 2.3 0.00e+00 0.0 5.7e+02 4.3e+04 0.0e+00  0  0  1  4  0   0  0  3 18  0     0       0      0 0.00e+00    0 0.00e+00  0
SFReduceEnd           31 1.0 1.9624e-02 6.2 0.00e+00 0.0 0.0e+00 0.0e+00 0.0e+00  0  0  0  0  0   1  0  0  0  0     0       0      0 0.00e+00    0 0.00e+00  0
SFFetchOpBegin         8 1.0 1.7433e-04 2.2 0.00e+00 0.0 1.2e+02 4.0e+00 0.0e+00  0  0  0  0  0   0  0  1  0  0     0       0      0 0.00e+00    0 0.00e+00  0
SFFetchOpEnd           8 1.0 3.2684e-04 1.8 0.00e+00 0.0 1.2e+02 4.0e+00 0.0e+00  0  0  0  0  0   0  0  1  0  0     0       0      0 0.00e+00    0 0.00e+00  0
SFCreateEmbed          8 1.0 8.4601e-04 1.1 0.00e+00 0.0 3.4e+02 1.8e+02 0.0e+00  0  0  0  0  0   0  0  2  0  0     0       0      0 0.00e+00    0 0.00e+00  0
SFSectionSF            8 1.0 2.5650e-03 1.2 0.00e+00 0.0 6.8e+02 1.2e+03 0.0e+00  0  0  1  0  0   0  0  4  1  0     0       0      0 0.00e+00    0 0.00e+00  0
SFRemoteOff            8 1.0 1.6332e-03 1.0 0.00e+00 0.0 6.8e+02 4.5e+02 0.0e+00  0  0  1  0  0   0  0  4  0  0     0       0      0 0.00e+00    0 0.00e+00  0
SFPack               319 1.0 2.7315e-02 1.4 0.00e+00 0.0 0.0e+00 0.0e+00 0.0e+00  1  0  0  0  0   1  0  0  0  0     0       0      3 1.53e-02    0 0.00e+00  0
SFUnpack             327 1.0 5.5168e-05 1.2 0.00e+00 0.0 0.0e+00 0.0e+00 0.0e+00  0  0  0  0  0   0  0  0  0  0     0       0      0 0.00e+00    0 0.00e+00  0

--- Event Stage 2: Solve

MatMult              687 1.0 6.8397e-02 1.1 2.64e+09 1.0 2.2e+04 5.5e+03 0.0e+00  2 26 21 21  0  43 84 75 95  0 305437       0      1 0.00e+00    0 0.00e+00 100
MatMultAdd           120 1.0 1.5676e-02 1.2 1.59e+08 1.0 3.7e+03 9.4e+02 0.0e+00  0  2  3  1  0  10  5 12  3  0 80896       0      0 0.00e+00    0 0.00e+00 100
MatMultTranspose     120 1.0 1.7567e-02 1.2 1.59e+08 1.0 3.7e+03 9.4e+02 0.0e+00  0  2  3  1  0  11  5 12  3  0 72211       0      2 7.17e-03    0 0.00e+00 100
MatResidual          120 1.0 1.6069e-02 1.1 5.50e+08 1.0 5.1e+03 5.0e+03 0.0e+00  0  5  5  4  0  10 17 17 20  0 270475       0      0 0.00e+00    0 0.00e+00 100
KSPSolve               1 1.0 1.4849e-01 1.0 3.14e+09 1.0 2.9e+04 4.3e+03 0.0e+00  4 31 28 22  0 100 100 100 100  0 167545       0      3 7.17e-03    0 0.00e+00 100
PCApply               30 1.0 1.3485e-01 1.0 2.64e+09 1.0 2.8e+04 3.9e+03 0.0e+00  4 26 26 19  0  91 84 94 86  0 154904       0      3 7.17e-03    0 0.00e+00 100
VecTDot              476 1.0 2.4425e-02 1.1 1.22e+07 1.0 0.0e+00 0.0e+00 0.0e+00  1  0  0  0  0  16  0  0  0  0  3993       0      0 0.00e+00    0 0.00e+00 100
VecNorm              238 1.0 1.7628e-02 1.8 6.10e+06 1.0 0.0e+00 0.0e+00 0.0e+00  0  0  0  0  0  11  0  0  0  0  2766       0      0 0.00e+00    0 0.00e+00 100
VecCopy              422 1.0 2.3619e-03 1.5 0.00e+00 0.0 0.0e+00 0.0e+00 0.0e+00  0  0  0  0  0   1  0  0  0  0     0       0      0 0.00e+00    0 0.00e+00  0
VecSet               151 1.0 5.7398e-04 1.4 0.00e+00 0.0 0.0e+00 0.0e+00 0.0e+00  0  0  0  0  0   0  0  0  0  0     0       0      0 0.00e+00    0 0.00e+00  0
VecAXPY              414 1.0 1.6957e-03 3.2 1.18e+07 1.0 0.0e+00 0.0e+00 0.0e+00  0  0  0  0  0   0  0  0  0  0 55656       0      0 0.00e+00    0 0.00e+00 100
VecAYPX              896 1.0 4.1466e-03 1.4 4.29e+07 1.0 0.0e+00 0.0e+00 0.0e+00  0  0  0  0  0   2  1  0  0  0 82565       0      0 0.00e+00    0 0.00e+00 100
VecAXPBYCZ           240 1.0 4.1659e-03 1.2 3.10e+07 1.0 0.0e+00 0.0e+00 0.0e+00  0  0  0  0  0   3  1  0  0  0 59360       0      0 0.00e+00    0 0.00e+00 100
VecPointwiseMult     207 1.0 8.5423e-04 4.4 1.24e+03 0.0 0.0e+00 0.0e+00 0.0e+00  0  0  0  0  0   0  0  0  0  0     1       0      0 0.00e+00    0 0.00e+00 100
VecReciprocal          1 1.0 5.9820e-06 4.0 0.00e+00 0.0 0.0e+00 0.0e+00 0.0e+00  0  0  0  0  0   0  0  0  0  0     0       0      0 0.00e+00    0 0.00e+00  0
VecScatterBegin      927 1.0 7.1723e-02 1.2 0.00e+00 0.0 2.9e+04 4.3e+03 0.0e+00  2  0 28 22  0  42  0 100 100  0     0       0      1 0.00e+00    0 0.00e+00  0
VecScatterEnd        927 1.0 2.5885e-02 2.0 6.25e+04 1.4 0.0e+00 0.0e+00 0.0e+00  1  0  0  0  0  14  0  0  0  0    17       0      2 7.17e-03    0 0.00e+00 100
SFPack               927 1.0 1.7375e-03 1.1 0.00e+00 0.0 0.0e+00 0.0e+00 0.0e+00  0  0  0  0  0   1  0  0  0  0     0       0      0 0.00e+00    0 0.00e+00  0
SFUnpack             927 1.0 8.1999e-04 1.7 6.25e+04 1.4 0.0e+00 0.0e+00 0.0e+00  0  0  0  0  0   0  0  0  0  0   525       0      2 7.17e-03    0 0.00e+00 100

--- Event Stage 3: 2nd Setup

MatMult               40 1.0 4.3647e-03 1.1 1.81e+08 1.0 1.7e+03 5.0e+03 0.0e+00  0  2  2  1  0  12 87 93 27  0 328145       0      0 0.00e+00    0 0.00e+00 100
MatScale               1 1.0 4.3995e-05 1.3 7.72e+06 1.0 0.0e+00 0.0e+00 0.0e+00  0  0  0  0  0   0  4  0  0  0 1403137       0      0 0.00e+00    0 0.00e+00 100
MatAssemblyBegin       4 1.0 8.0300e-07 1.7 0.00e+00 0.0 0.0e+00 0.0e+00 0.0e+00  0  0  0  0  0   0  0  0  0  0     0       0      0 0.00e+00    0 0.00e+00  0
MatAssemblyEnd         4 1.0 2.3640e-06 1.4 0.00e+00 0.0 0.0e+00 0.0e+00 0.0e+00  0  0  0  0  0   0  0  0  0  0     0       0      0 0.00e+00    0 0.00e+00  0
MatPtAPNumeric         4 1.0 9.8822e-03 1.0 0.00e+00 0.0 1.2e+02 1.9e+05 0.0e+00  0  0  0  4  0  28  0  7 73  0     0       0      0 0.00e+00    0 0.00e+00  0
MatSetValuesCOO        4 1.0 6.9263e-03 1.0 0.00e+00 0.0 1.2e+02 1.9e+05 0.0e+00  0  0  0  4  0  20  0  7 73  0     0       0      0 0.00e+00    0 0.00e+00  0
KSPSetUp               1 1.0 1.7000e-07 1.2 0.00e+00 0.0 0.0e+00 0.0e+00 0.0e+00  0  0  0  0  0   0  0  0  0  0     0       0      0 0.00e+00    0 0.00e+00  0
PCSetUp_GAMG+          1 1.0 3.4367e-02 1.0 2.02e+08 1.0 1.8e+03 1.8e+04 0.0e+00  1  2  2  6  0 100 96 100 100  0 46353       0      4 2.59e+00    5 6.77e+01 100
PCGAMG Gal l00         1 1.0 3.7025e-03 1.0 0.00e+00 0.0 5.1e+01 2.6e+05 0.0e+00  0  0  0  2  0  11  0  3 41  0     0       0      0 0.00e+00    0 0.00e+00  0
PCGAMG Gal l01         1 1.0 4.8220e-03 1.0 0.00e+00 0.0 5.6e+01 1.7e+05 0.0e+00  0  0  0  2  0  14  0  3 30  0     0       0      0 0.00e+00    0 0.00e+00  0
PCGAMG Gal l02         1 1.0 1.3749e-03 1.2 0.00e+00 0.0 1.4e+01 4.9e+04 0.0e+00  0  0  0  0  0   4  0  1  2  0     0       0      0 0.00e+00    0 0.00e+00  0
PCGAMG Gal l03         1 1.0 9.8120e-05 1.7 0.00e+00 0.0 1.0e+00 2.9e+02 0.0e+00  0  0  0  0  0   0  0  0  0  0     0       0      0 0.00e+00    0 0.00e+00  0
PCSetUp                1 1.0 3.4369e-02 1.0 2.02e+08 1.0 1.8e+03 1.8e+04 0.0e+00  1  2  2  6  0 100 96 100 100  0 46351       0      4 2.59e+00    5 6.77e+01 100
VecTDot               92 1.0 5.1128e-03 1.1 4.75e+06 1.0 0.0e+00 0.0e+00 0.0e+00  0  0  0  0  0  15  2  0  0  0  7416       0      0 0.00e+00    0 0.00e+00 100
VecNorm               44 1.0 3.7361e-03 1.6 2.27e+06 1.0 0.0e+00 0.0e+00 0.0e+00  0  0  0  0  0   9  1  0  0  0  4854       0      0 0.00e+00    0 0.00e+00 100
VecCopy                8 1.0 1.1865e-04 1.2 0.00e+00 0.0 0.0e+00 0.0e+00 0.0e+00  0  0  0  0  0   0  0  0  0  0     0       0      0 0.00e+00    0 0.00e+00  0
VecSet                 4 1.0 2.2594e-05 1.3 0.00e+00 0.0 0.0e+00 0.0e+00 0.0e+00  0  0  0  0  0   0  0  0  0  0     0       0      0 0.00e+00    0 0.00e+00  0
VecAXPY               80 1.0 3.4172e-04 1.4 4.13e+06 1.0 0.0e+00 0.0e+00 0.0e+00  0  0  0  0  0   1  2  0  0  0 96487       0      0 0.00e+00    0 0.00e+00 100
VecAYPX               36 1.0 1.5576e-04 1.4 1.86e+06 1.0 0.0e+00 0.0e+00 0.0e+00  0  0  0  0  0   0  1  0  0  0 95257       0      0 0.00e+00    0 0.00e+00 100
VecReciprocal          1 1.0 4.4290e-06 3.3 0.00e+00 0.0 0.0e+00 0.0e+00 0.0e+00  0  0  0  0  0   0  0  0  0  0     0       0      0 0.00e+00    0 0.00e+00  0
VecScatterBegin       40 1.0 3.3139e-03 1.2 0.00e+00 0.0 1.7e+03 5.0e+03 0.0e+00  0  0  2  1  0   9  0 93 27  0     0       0      0 0.00e+00    0 0.00e+00  0
VecScatterEnd         40 1.0 1.0294e-03 2.9 0.00e+00 0.0 0.0e+00 0.0e+00 0.0e+00  0  0  0  0  0   2  0  0  0  0     0       0      0 0.00e+00    0 0.00e+00  0
SFReduceBegin          4 1.0 6.5772e-03 1.5 0.00e+00 0.0 1.2e+02 1.9e+05 0.0e+00  0  0  0  4  0  15  0  7 73  0     0       0      0 0.00e+00    0 0.00e+00  0
SFReduceEnd            4 1.0 2.0752e-03 7.6 0.00e+00 0.0 0.0e+00 0.0e+00 0.0e+00  0  0  0  0  0   4  0  0  0  0     0       0      0 0.00e+00    0 0.00e+00  0
SFPack                44 1.0 1.1132e-04 1.1 0.00e+00 0.0 0.0e+00 0.0e+00 0.0e+00  0  0  0  0  0   0  0  0  0  0     0       0      0 0.00e+00    0 0.00e+00  0
SFUnpack              44 1.0 5.8330e-06 1.4 0.00e+00 0.0 0.0e+00 0.0e+00 0.0e+00  0  0  0  0  0   0  0  0  0  0     0       0      0 0.00e+00    0 0.00e+00  0

--- Event Stage 4: 2nd Solve

MatMult              687 1.0 6.5539e-02 1.1 2.64e+09 1.0 2.2e+04 5.5e+03 0.0e+00  2 26 21 21  0  46 84 75 95  0 318756       0      0 0.00e+00    0 0.00e+00 100
MatMultAdd           120 1.0 1.2619e-02 1.3 1.59e+08 1.0 3.7e+03 9.4e+02 0.0e+00  0  2  3  1  0   9  5 12  3  0 100492       0      0 0.00e+00    0 0.00e+00 100
MatMultTranspose     120 1.0 1.4217e-02 1.1 1.59e+08 1.0 3.7e+03 9.4e+02 0.0e+00  0  2  3  1  0  10  5 12  3  0 89231       0      0 0.00e+00    0 0.00e+00 100
MatResidual          120 1.0 1.5558e-02 1.1 5.50e+08 1.0 5.1e+03 5.0e+03 0.0e+00  0  5  5  4  0  11 17 17 20  0 279359       0      0 0.00e+00    0 0.00e+00 100
KSPSolve               1 1.0 1.3453e-01 1.0 3.14e+09 1.0 2.9e+04 4.3e+03 0.0e+00  4 31 28 22  0 100 100 100 100  0 184929       0      0 0.00e+00    0 0.00e+00 100
PCApply               30 1.0 1.2130e-01 1.0 2.64e+09 1.0 2.8e+04 3.9e+03 0.0e+00  3 26 26 19  0  90 84 94 86  0 172201       0      0 0.00e+00    0 0.00e+00 100
VecTDot              476 1.0 2.3764e-02 1.1 1.22e+07 1.0 0.0e+00 0.0e+00 0.0e+00  1  0  0  0  0  17  0  0  0  0  4104       0      0 0.00e+00    0 0.00e+00 100
VecNorm              238 1.0 1.6419e-02 1.7 6.10e+06 1.0 0.0e+00 0.0e+00 0.0e+00  0  0  0  0  0  11  0  0  0  0  2970       0      0 0.00e+00    0 0.00e+00 100
VecCopy              422 1.0 2.2257e-03 1.6 0.00e+00 0.0 0.0e+00 0.0e+00 0.0e+00  0  0  0  0  0   1  0  0  0  0     0       0      0 0.00e+00    0 0.00e+00  0
VecSet               151 1.0 5.4503e-04 1.4 0.00e+00 0.0 0.0e+00 0.0e+00 0.0e+00  0  0  0  0  0   0  0  0  0  0     0       0      0 0.00e+00    0 0.00e+00  0
VecAXPY              414 1.0 1.6255e-03 3.2 1.18e+07 1.0 0.0e+00 0.0e+00 0.0e+00  0  0  0  0  0   0  0  0  0  0 58060       0      0 0.00e+00    0 0.00e+00 100
VecAYPX              896 1.0 3.8817e-03 1.4 4.29e+07 1.0 0.0e+00 0.0e+00 0.0e+00  0  0  0  0  0   2  1  0  0  0 88198       0      0 0.00e+00    0 0.00e+00 100
VecAXPBYCZ           240 1.0 9.7242e-04 1.2 3.10e+07 1.0 0.0e+00 0.0e+00 0.0e+00  0  0  0  0  0   1  1  0  0  0 254303       0      0 0.00e+00    0 0.00e+00 100
VecPointwiseMult     207 1.0 8.4172e-04 4.3 1.24e+03 0.0 0.0e+00 0.0e+00 0.0e+00  0  0  0  0  0   0  0  0  0  0     1       0      0 0.00e+00    0 0.00e+00 100
VecScatterBegin      927 1.0 6.5299e-02 1.2 0.00e+00 0.0 2.9e+04 4.3e+03 0.0e+00  2  0 28 22  0  44  0 100 100  0     0       0      0 0.00e+00    0 0.00e+00  0
VecScatterEnd        927 1.0 2.0642e-02 1.8 6.25e+04 1.4 0.0e+00 0.0e+00 0.0e+00  0  0  0  0  0  13  0  0  0  0    21       0      0 0.00e+00    0 0.00e+00 100
SFPack               927 1.0 1.6660e-03 1.1 0.00e+00 0.0 0.0e+00 0.0e+00 0.0e+00  0  0  0  0  0   1  0  0  0  0     0       0      0 0.00e+00    0 0.00e+00  0
SFUnpack             927 1.0 6.5640e-04 1.7 6.25e+04 1.4 0.0e+00 0.0e+00 0.0e+00  0  0  0  0  0   0  0  0  0  0   656       0      0 0.00e+00    0 0.00e+00 100

--- Event Stage 5: 3rd Setup


--- Event Stage 6: 3rd Solve

MatMult              687 1.0 6.5295e-02 1.1 2.64e+09 1.0 2.2e+04 5.5e+03 0.0e+00  2 26 21 21  0  46 84 75 95  0 319951       0      0 0.00e+00    0 0.00e+00 100
MatMultAdd           120 1.0 1.2645e-02 1.3 1.59e+08 1.0 3.7e+03 9.4e+02 0.0e+00  0  2  3  1  0   9  5 12  3  0 100285       0      0 0.00e+00    0 0.00e+00 100
MatMultTranspose     120 1.0 1.4058e-02 1.1 1.59e+08 1.0 3.7e+03 9.4e+02 0.0e+00  0  2  3  1  0  10  5 12  3  0 90240       0      0 0.00e+00    0 0.00e+00 100
MatScale               1 1.0 1.0451e-05 1.3 7.72e+06 1.0 0.0e+00 0.0e+00 0.0e+00  0  0  0  0  0   0  0  0  0  0 5906707       0      0 0.00e+00    0 0.00e+00 100
MatResidual          120 1.0 1.5450e-02 1.1 5.50e+08 1.0 5.1e+03 5.0e+03 0.0e+00  0  5  5  4  0  11 17 17 20  0 281308       0      0 0.00e+00    0 0.00e+00 100
KSPSolve               1 1.0 1.3343e-01 1.0 3.14e+09 1.0 2.9e+04 4.3e+03 0.0e+00  4 31 28 22  0 100 100 100 100  0 186449       0      0 0.00e+00    0 0.00e+00 100
PCApply               30 1.0 1.2036e-01 1.0 2.64e+09 1.0 2.8e+04 3.9e+03 0.0e+00  3 26 26 19  0  90 84 94 86  0 173553       0      0 0.00e+00    0 0.00e+00 100
VecTDot              476 1.0 2.3382e-02 1.1 1.22e+07 1.0 0.0e+00 0.0e+00 0.0e+00  1  0  0  0  0  17  0  0  0  0  4171       0      0 0.00e+00    0 0.00e+00 100
VecNorm              238 1.0 1.6182e-02 1.7 6.10e+06 1.0 0.0e+00 0.0e+00 0.0e+00  0  0  0  0  0  11  0  0  0  0  3013       0      0 0.00e+00    0 0.00e+00 100
VecCopy              422 1.0 2.1962e-03 1.6 0.00e+00 0.0 0.0e+00 0.0e+00 0.0e+00  0  0  0  0  0   1  0  0  0  0     0       0      0 0.00e+00    0 0.00e+00  0
VecSet               151 1.0 5.4000e-04 1.4 0.00e+00 0.0 0.0e+00 0.0e+00 0.0e+00  0  0  0  0  0   0  0  0  0  0     0       0      0 0.00e+00    0 0.00e+00  0
VecAXPY              414 1.0 1.6188e-03 3.2 1.18e+07 1.0 0.0e+00 0.0e+00 0.0e+00  0  0  0  0  0   0  0  0  0  0 58302       0      0 0.00e+00    0 0.00e+00 100
VecAYPX              896 1.0 3.8822e-03 1.4 4.29e+07 1.0 0.0e+00 0.0e+00 0.0e+00  0  0  0  0  0   2  1  0  0  0 88186       0      0 0.00e+00    0 0.00e+00 100
VecAXPBYCZ           240 1.0 9.6429e-04 1.2 3.10e+07 1.0 0.0e+00 0.0e+00 0.0e+00  0  0  0  0  0   1  1  0  0  0 256446       0      0 0.00e+00    0 0.00e+00 100
VecPointwiseMult     207 1.0 8.1830e-04 4.4 1.24e+03 0.0 0.0e+00 0.0e+00 0.0e+00  0  0  0  0  0   0  0  0  0  0     2       0      0 0.00e+00    0 0.00e+00 100
VecScatterBegin      927 1.0 6.4192e-02 1.1 0.00e+00 0.0 2.9e+04 4.3e+03 0.0e+00  2  0 28 22  0  44  0 100 100  0     0       0      0 0.00e+00    0 0.00e+00  0
VecScatterEnd        927 1.0 2.0520e-02 1.7 6.25e+04 1.4 0.0e+00 0.0e+00 0.0e+00  0  0  0  0  0  13  0  0  0  0    21       0      0 0.00e+00    0 0.00e+00 100
SFPack               927 1.0 1.6494e-03 1.1 0.00e+00 0.0 0.0e+00 0.0e+00 0.0e+00  0  0  0  0  0   1  0  0  0  0     0       0      0 0.00e+00    0 0.00e+00  0
SFUnpack             927 1.0 6.4436e-04 1.7 6.25e+04 1.4 0.0e+00 0.0e+00 0.0e+00  0  0  0  0  0   0  0  0  0  0   668       0      0 0.00e+00    0 0.00e+00 100
---------------------------------------------------------------------------------------------------------------------------------------------------------------

Object Type          Creations   Destructions. Reports information only for process 0.

--- Event Stage 0: Main Stage

           Container     4             12
       Krylov Solver     1             10
              Matrix     6             58
      Matrix Coarsen     0              1
   Matrix Null Space     1              1
      Preconditioner     1              6
              Viewer     1              1
  PetscDeviceContext     1              0
              Vector    12             63
           Index Set     2              2
   Star Forest Graph     1             25
    Distributed Mesh     0              4
     Discrete System     0              4
           Weak Form     0              4

--- Event Stage 1: Setup

           Container    37             29
       Krylov Solver    13              4
              Matrix   323            271
      Matrix Coarsen     4              3
      Preconditioner    13              8
              Vector   358            308
           Index Set   149            149
             Section    16             16
   Star Forest Graph   113             97
         PetscRandom     4              4

--- Event Stage 2: Solve

              Vector     1              0
   Star Forest Graph     8              0
    Distributed Mesh     4              0
     Discrete System     4              0
           Weak Form     4              0

--- Event Stage 3: 2nd Setup

              Vector    12             12

--- Event Stage 4: 2nd Solve


--- Event Stage 5: 3rd Setup


--- Event Stage 6: 3rd Solve

========================================================================================================================
Average time to get PetscTime(): 3.21e-08
Average time for MPI_Barrier(): 1.51072e-05
Average time for zero size MPI_Send(): 1.59259e-05
#PETSc Option Table entries:
-alpha 1.e-3 # (source: command line)
-ksp_converged_reason # (source: command line)
-ksp_norm_type unpreconditioned # (source: command line)
-ksp_rtol 1e-6 # (source: command line)
-ksp_type cg # (source: command line)
-log_view # (source: command line)
-mat_type mpibaijkokkos # (source: command line)
-mg_coarse_ksp_type cg # (source: command line)
-mg_coarse_pc_type jacobi # (source: command line)
-mg_levels_ksp_type chebyshev # (source: command line)
-mg_levels_pc_type pbjacobi # (source: command line)
-ne 63 # (source: command line)
-pc_gamg_agg_nsmooths 1 # (source: command line)
-pc_gamg_coarse_eq_limit 20 # (source: command line)
-pc_gamg_parallel_coarse_grid_solver # (source: command line)
-pc_gamg_reuse_interpolation true # (source: command line)
-pc_gamg_type agg # (source: command line)
-pc_type gamg # (source: command line)
-two_solves # (source: command line)
-use_mat_nearnullspace # (source: command line)
#End of PETSc Option Table entries
Compiled without FORTRAN kernels
Compiled with full precision matrices (default)
sizeof(short) 2 sizeof(int) 4 sizeof(long) 8 sizeof(void*) 8 sizeof(PetscScalar) 8 sizeof(PetscInt) 4
Configure options: --with-kokkos-dir=/global/homes/m/madams/petsc/arch-perlmutter-opt-gcc-kokkos-cuda-notpl --with-kokkos-kernels-dir=/global/homes/m/madams/petsc/arch-perlmutter-opt-gcc-kokkos-cuda-notpl --with-triangle-dir=/global/homes/m/madams/petsc/arch-perlmutter-opt-gcc-kokkos-cuda-notpl --with-batch=0 --with-cc=cc --with-cxx=CC --with-fc=0 --with-debugging=0 --with-cuda=1 --with-cuda-arch=80 --with-kokkos-kernels-tpl=0 --with-make-np=8 --with-mpiexec=srun -G4 --gpu-bind=none PETSC_ARCH=arch-perlmutter-opt-gcc-kokkos-cuda-notpl
-----------------------------------------
Libraries compiled on 2026-06-22 14:37:25 on login21
Machine characteristics: Linux-6.4.0-150600.23.103_15.0.24-cray_shasta_c-x86_64-with-glibc2.3.4
Using PETSc directory: /global/u2/m/madams/petsc
Using PETSc arch: arch-perlmutter-opt-gcc-kokkos-cuda-notpl
-----------------------------------------

Using C compiler: cc  -fPIC -Wall -Wwrite-strings -Wno-unknown-pragmas -Wno-lto-type-mismatch -Wno-stringop-overflow -fstack-protector -fvisibility=hidden -g -O 
-----------------------------------------

Using include paths: -I/global/u2/m/madams/petsc/include -I/global/u2/m/madams/petsc/arch-perlmutter-opt-gcc-kokkos-cuda-notpl/include -I/global/homes/m/madams/petsc/arch-perlmutter-opt-gcc-kokkos-cuda-notpl/include -I/opt/nvidia/hpc_sdk/Linux_x86_64/25.5/cuda/12.9/include -I/opt/nvidia/hpc_sdk/Linux_x86_64/25.5/math_libs/12.9/include
-----------------------------------------

Using C linker: cc
Using libraries: -Wl,-rpath,/global/u2/m/madams/petsc/arch-perlmutter-opt-gcc-kokkos-cuda-notpl/lib -L/global/u2/m/madams/petsc/arch-perlmutter-opt-gcc-kokkos-cuda-notpl/lib -lpetsc -Wl,-rpath,/global/homes/m/madams/petsc/arch-perlmutter-opt-gcc-kokkos-cuda-notpl/lib -L/global/homes/m/madams/petsc/arch-perlmutter-opt-gcc-kokkos-cuda-notpl/lib -Wl,-rpath,/opt/nvidia/hpc_sdk/Linux_x86_64/25.5/cuda/12.9/lib64 -L/opt/nvidia/hpc_sdk/Linux_x86_64/25.5/cuda/12.9/lib64 -Wl,-rpath,/opt/nvidia/hpc_sdk/Linux_x86_64/25.5/math_libs/12.9/lib64 -L/opt/nvidia/hpc_sdk/Linux_x86_64/25.5/math_libs/12.9/lib64 -L/opt/nvidia/hpc_sdk/Linux_x86_64/25.5/cuda/12.9/lib64/stubs -lkokkoskernels -lkokkoscontainers -lkokkoscore -lkokkossimd -ltriangle -lcudart -lnvtx3interop -lcufft -lcublas -lcusparse -lcusolver -lcurand -lcuda -lnvidia-ml -lX11 -lstdc++ -lquadmath
-----------------------------------------

  Linear solve converged due to CONVERGED_RTOL iterations 30
  Linear solve converged due to CONVERGED_RTOL iterations 30
  Linear solve converged due to CONVERGED_RTOL iterations 30
[0]main |b-Ax|/|b|=7.608920e-07, |b|=2.222509e+00, emax=9.989586e-01
****************************************************************************************************************************************************************
***                                WIDEN YOUR WINDOW TO 160 CHARACTERS.  Use 'enscript -r -fCourier9' to print this document                                 ***
****************************************************************************************************************************************************************

------------------------------------------------------------------ PETSc Performance Summary: ------------------------------------------------------------------



      ##########################################################
      #                                                        #
      #                       WARNING!!!                       #
      #                                                        #
      #   This code was run with -log_view_gpu_time            #
      #   This provides accurate timing within the GPU kernels #
      #   but can slow down the entire computation by a        #
      #   measurable amount. For fastest runs we recommend     #
      #   not using this option.                               #
      #                                                        #
      ##########################################################


/global/homes/m/madams/petsc/arch-perlmutter-opt-gcc-kokkos-cuda-notpl/tests/ksp/ksp/tutorials/ex56 on a arch-perlmutter-opt-gcc-kokkos-cuda-notpl named nid001161 with 8 processes and CUDA architecture 80, by madams on Mon Jun 22 07:46:22 2026
Using PETSc Development Git Revision: v3.25.2-340-g83d2bd4a8b4 Git Date: 2026-06-21 14:23:19 -0400

                         Max       Max/Min     Avg       Total
Time (sec):           3.231e+00     1.003   3.226e+00
Objects:              0.000e+00     0.000   0.000e+00
Flops:                1.006e+10     1.020   9.962e+09  7.969e+10
Flops/sec:            3.113e+09     1.017   3.088e+09  2.470e+10
MPI Msg Count:        1.423e+04     1.095   1.336e+04  1.069e+05
MPI Msg Len (bytes):  7.245e+07     1.039   5.326e+03  5.693e+08
MPI Reductions:       2.230e+02     1.000

Flop counting convention: 1 flop = 1 real number operation of type (multiply/divide/add/subtract)
                            e.g., VecAXPY() for real vectors of length N --> 2N flops
                            and VecAXPY() for complex vectors of length N --> 8N flops

Summary of Stages:   ----- Time ------  ----- Flop ------  --- Messages ---  -- Message Lengths --  -- Reductions --
                        Avg     %Total     Avg     %Total    Count   %Total     Avg         %Total    Count   %Total
 0:      Main Stage: 9.4489e-01  29.3%  1.7301e+08   0.2%  2.630e+02   0.2%  7.069e+04        3.3%  9.000e+00   4.0%
 1:           Setup: 1.6130e+00  50.0%  3.1676e+09   4.0%  1.659e+04  15.5%  8.244e+03       24.0%  1.970e+02  88.3%
 2:           Solve: 2.1331e-01   6.6%  2.4879e+10  31.2%  2.940e+04  27.5%  4.329e+03       22.4%  0.000e+00   0.0%
 3:       2nd Setup: 4.0323e-02   1.2%  1.6548e+09   2.1%  1.822e+03   1.7%  1.761e+04        5.6%  0.000e+00   0.0%
 4:       2nd Solve: 2.0704e-01   6.4%  2.4879e+10  31.2%  2.940e+04  27.5%  4.329e+03       22.4%  0.000e+00   0.0%
 5:       3rd Setup: 3.1175e-07   0.0%  0.0000e+00   0.0%  0.000e+00   0.0%  0.000e+00        0.0%  0.000e+00   0.0%
 6:       3rd Solve: 2.0722e-01   6.4%  2.4941e+10  31.3%  2.940e+04  27.5%  4.329e+03       22.4%  0.000e+00   0.0%

------------------------------------------------------------------------------------------------------------------------
See the 'Profiling' chapter of the users' manual for details on interpreting output.
Phase summary info:
   Count: number of times phase was executed
   Time and Flop: Max - maximum over all processes
                  Ratio - ratio of maximum to minimum over all processes
   Mess: number of messages sent
   AvgLen: average message length (bytes)
   Reduct: number of global reductions
   Global: entire computation
   Stage: stages of a computation. Set stages with PetscLogStagePush() and PetscLogStagePop().
      %T - percent time in this phase         %F - percent flop in this phase
      %M - percent messages in this phase     %L - percent message lengths in this phase
      %R - percent reductions in this phase
   Total Mflop/s: 1e-6 * (sum of flop over all processes)/(max time over all processes)
   GPU Mflop/s: 1e-6 * (sum of flop on GPU over all processes)/(max GPU time over all processes)
   CpuToGpu Count: total number of CPU to GPU copies per processor
   CpuToGpu Size (Mbytes): 1e-6 * (total size of CPU to GPU copies per processor)
   GpuToCpu Count: total number of GPU to CPU copies per processor
   GpuToCpu Size (Mbytes): 1e-6 * (total size of GPU to CPU copies per processor)
   GPU %F: percent flops on GPU in this event
------------------------------------------------------------------------------------------------------------------------
Event                Count      Time (sec)     Flop                              --- Global ---  --- Stage ----  Total   GPU    - CpuToGpu -   - GpuToCpu - GPU
                   Max Ratio  Max     Ratio   Max  Ratio  Mess   AvgLen  Reduct  %T %F %M %L %R  %T %F %M %L %R Mflop/s Mflop/s Count   Size   Count   Size  %F
---------------------------------------------------------------------------------------------------------------------------------------------------------------

--- Event Stage 0: Main Stage

BuildTwoSided          4 1.0 3.2601e-02 58.8 0.00e+00 0.0 9.4e+01 5.6e+00 0.0e+00  1  0  0  0  0   2  0 36  0  0     0       0      0 0.00e+00    0 0.00e+00  0
BuildTwoSidedF         3 1.0 3.3960e-02 51.8 0.00e+00 0.0 9.5e+01 1.9e+05 0.0e+00  1  0  0  3  0   2  0 36 95  0     0       0      0 0.00e+00    0 0.00e+00  0
MatMult                1 1.0 4.1502e-04 1.4 1.54e+07 1.0 5.6e+01 1.1e+04 0.0e+00  0  0  0  0  0   0 71 21  3  0 297482   700343      0 0.00e+00    0 0.00e+00 100
MatAssemblyBegin       1 1.0 3.3340e-02 3.6 0.00e+00 0.0 3.8e+01 4.6e+05 0.0e+00  1  0  0  3  0   2  0 14 93  0     0       0      0 0.00e+00    0 0.00e+00  0
MatAssemblyEnd         1 1.0 3.0224e-02 1.0 0.00e+00 0.0 1.1e+02 2.7e+03 1.0e+00  1  0  0  0  0   3  0 43  2 11     0       0      0 0.00e+00    1 1.93e+00  0
DCtxCreate             1 1.0 5.6890e-05 2.1 0.00e+00 0.0 0.0e+00 0.0e+00 0.0e+00  0  0  0  0  0   0  0  0  0  0     0       0      0 0.00e+00    0 0.00e+00  0
DCtxDestroy            1 1.0 2.2524e-05 1.1 0.00e+00 0.0 0.0e+00 0.0e+00 0.0e+00  0  0  0  0  0   0  0  0  0  0     0       0      0 0.00e+00    0 0.00e+00  0
DCtxSetUp              1 1.0 8.7870e-06 1.2 0.00e+00 0.0 0.0e+00 0.0e+00 0.0e+00  0  0  0  0  0   0  0  0  0  0     0       0      0 0.00e+00    0 0.00e+00  0
DCtxSetDevice          1 1.0 1.5290e-05 1.2 0.00e+00 0.0 0.0e+00 0.0e+00 0.0e+00  0  0  0  0  0   0  0  0  0  0     0       0      0 0.00e+00    0 0.00e+00  0
VecMDot                3 1.0 8.1758e-04 1.5 2.36e+06 1.0 0.0e+00 0.0e+00 0.0e+00  0  0  0  0  0   0 11  0  0  0 23086       0      0 0.00e+00    0 0.00e+00  0
VecNorm                5 1.0 4.2366e-04 1.4 9.83e+05 1.0 0.0e+00 0.0e+00 0.0e+00  0  0  0  0  0   0  5  0  0  0 18563   67101      0 0.00e+00    0 0.00e+00 40
VecScale               3 1.0 4.7261e-05 1.1 2.95e+05 1.0 0.0e+00 0.0e+00 0.0e+00  0  0  0  0  0   0  1  0  0  0 49921       0      0 0.00e+00    0 0.00e+00  0
VecAXPY                1 1.0 5.8273e-05 1.2 1.97e+05 1.0 0.0e+00 0.0e+00 0.0e+00  0  0  0  0  0   0  1  0  0  0 26991   33121      0 0.00e+00    0 0.00e+00 100
VecMAXPY               3 1.0 2.8364e-04 1.1 2.36e+06 1.0 0.0e+00 0.0e+00 0.0e+00  0  0  0  0  0   0 11  0  0  0 66544       0      0 0.00e+00    0 0.00e+00  0
VecAssemblyBegin       1 1.0 6.8072e-04 1.2 0.00e+00 0.0 5.7e+01 6.1e+03 0.0e+00  0  0  0  0  0   0  0 22  2  0     0       0      0 0.00e+00    0 0.00e+00  0
VecAssemblyEnd         1 1.0 1.0752e-04 7.4 0.00e+00 0.0 0.0e+00 0.0e+00 0.0e+00  0  0  0  0  0   0  0  0  0  0     0       0      0 0.00e+00    0 0.00e+00  0
VecScatterBegin        1 1.0 8.4844e-05 1.7 0.00e+00 0.0 5.6e+01 1.1e+04 0.0e+00  0  0  0  0  0   0  0 21  3  0     0       0      0 0.00e+00    0 0.00e+00  0
VecScatterEnd          1 1.0 1.7218e-04 30.4 0.00e+00 0.0 0.0e+00 0.0e+00 0.0e+00  0  0  0  0  0   0  0  0  0  0     0       0      0 0.00e+00    0 0.00e+00  0
VecNormalize           3 1.0 2.0983e-04 1.2 8.85e+05 1.0 0.0e+00 0.0e+00 0.0e+00  0  0  0  0  0   0  4  0  0  0 33732       0      0 0.00e+00    0 0.00e+00  0
SFSetGraph             1 1.0 7.0326e-05 1.0 0.00e+00 0.0 0.0e+00 0.0e+00 0.0e+00  0  0  0  0  0   0  0  0  0  0     0       0      0 0.00e+00    0 0.00e+00  0
SFSetUp                1 1.0 5.6315e-04 1.1 0.00e+00 0.0 1.1e+02 2.7e+03 0.0e+00  0  0  0  0  0   0  0 43  2  0     0       0      0 0.00e+00    0 0.00e+00  0
SFPack                 1 1.0 4.1880e-06 1.2 0.00e+00 0.0 0.0e+00 0.0e+00 0.0e+00  0  0  0  0  0   0  0  0  0  0     0       0      0 0.00e+00    0 0.00e+00  0
SFUnpack               1 1.0 1.8000e-07 1.5 0.00e+00 0.0 0.0e+00 0.0e+00 0.0e+00  0  0  0  0  0   0  0  0  0  0     0       0      0 0.00e+00    0 0.00e+00  0

--- Event Stage 1: Setup

BuildTwoSided        267 1.0 3.4122e-02 1.5 0.00e+00 0.0 3.4e+03 4.0e+00 0.0e+00  1  0  3  0  0   2  0 21  0  0     0       0      0 0.00e+00    0 0.00e+00  0
BuildTwoSidedF       162 1.0 2.4905e-02 1.6 0.00e+00 0.0 7.2e+02 4.8e+04 0.0e+00  1  0  1  6  0   1  0  4 26  0     0       0      0 0.00e+00    0 0.00e+00  0
MatMult               80 1.0 2.6884e-02 1.1 3.63e+08 1.0 3.4e+03 5.0e+03 0.0e+00  1  4  3  3  0   2 90 20 12  0 106551   505292      7 1.22e-01    0 0.00e+00 100
MatConvert            20 1.0 7.0927e-01 1.0 0.00e+00 0.0 9.4e+02 1.5e+02 4.8e+01 22  0  1  0 22  44  0  6  0 24     0       0      0 0.00e+00   12 2.30e+01  0
MatScale              12 1.0 2.5731e-03 1.0 4.44e+06 1.0 1.7e+02 1.4e+03 0.0e+00  0  0  0  0  0   0  1  1  0  0 13759   38909      0 0.00e+00    0 0.00e+00 60
MatAssemblyBegin      77 1.0 2.3120e-02 1.5 0.00e+00 0.0 7.2e+02 4.8e+04 0.0e+00  1  0  1  6  0   1  0  4 26  0     0       0      0 0.00e+00    0 0.00e+00  0
MatAssemblyEnd        77 1.0 9.5457e-02 1.4 0.00e+00 0.0 2.4e+03 3.1e+02 4.4e+01  3  0  2  0 20   5  0 15  1 22     0       0      0 0.00e+00   10 1.98e+00  0
MatSetValues     3689288 1.0 5.0420e-01 1.0 1.52e+06 1.0 0.0e+00 0.0e+00 0.0e+00 15  0  0  0  0  30  0  0  0  0    24       0      0 0.00e+00    0 0.00e+00  0
MatGetRow         411747 1.0 4.0274e-02 1.0 0.00e+00 0.0 0.0e+00 0.0e+00 0.0e+00  1  0  0  0  0   2  0  0  0  0     0       0      0 0.00e+00    0 0.00e+00  0
MatCreateSubMat        2 1.0 9.8623e-03 1.0 0.00e+00 0.0 1.7e+02 5.1e+01 2.2e+01  0  0  0  0 10   1  0  1  0 11     0       0      0 0.00e+00    2 1.18e-01  0
MatCoarsen             4 1.0 1.0568e-02 1.0 0.00e+00 0.0 1.7e+03 9.7e+02 2.7e+01  0  0  2  0 12   1  0 10  1 14     0       0      0 0.00e+00    0 0.00e+00  0
MatAXPY                8 1.0 7.8334e-01 1.0 1.52e+06 1.0 1.1e+03 2.3e+02 4.0e+01 24  0  1  0 18  48  0  7  0 20    15       0      0 0.00e+00   10 2.29e+01  0
MatTranspose           9 1.0 2.9506e-02 1.1 0.00e+00 0.0 1.4e+03 3.3e+03 2.1e+01  1  0  1  1  9   2  0  9  3 11     0       0      0 0.00e+00    0 0.00e+00  0
MatMatMultSym          4 1.0 1.3563e-01 1.0 0.00e+00 0.0 2.2e+03 2.7e+03 2.8e+01  4  0  2  1 13   8  0 13  4 14     0       0      0 0.00e+00   33 1.27e+02  0
MatMatMultNum          4 1.0 7.4300e-07 1.2 0.00e+00 0.0 0.0e+00 0.0e+00 0.0e+00  0  0  0  0  0   0  0  0  0  0     0       0      0 0.00e+00    0 0.00e+00  0
MatPtAPSymbolic        4 1.0 1.5738e-01 1.0 0.00e+00 0.0 3.1e+03 1.9e+04 2.8e+01  5  0  3 10 13  10  0 19 43 14     0       0      0 0.00e+00   33 1.46e+02  0
MatPtAPNumeric         4 1.0 9.3100e-07 1.4 0.00e+00 0.0 0.0e+00 0.0e+00 0.0e+00  0  0  0  0  0   0  0  0  0  0     0       0      0 0.00e+00    0 0.00e+00  0
MatTrnMatMultSym       1 1.0 1.7919e-01 1.0 0.00e+00 0.0 3.9e+02 9.2e+04 4.0e+00  6  0  0  6  2  11  0  2 26  2     0       0      0 0.00e+00    0 0.00e+00  0
MatGetLocalMat         1 1.0 1.2160e-03 1.1 0.00e+00 0.0 0.0e+00 0.0e+00 0.0e+00  0  0  0  0  0   0  0  0  0  0     0       0      0 0.00e+00    0 0.00e+00  0
MatCreateGraph         4 1.0 1.0113e-01 1.0 2.68e+06 1.0 2.0e+03 2.5e+03 2.8e+01  3  0  2  1 13   6  1 12  4 14   212       0      0 0.00e+00    6 9.88e+00  0
MatSetPreallCOO        8 1.0 4.4565e-02 1.0 0.00e+00 0.0 2.1e+03 5.7e+02 3.2e+01  1  0  2  0 14   3  0 13  1 16     0       0      0 0.00e+00   24 3.48e+01  0
MatSetValuesCOO        8 1.0 9.1821e-03 1.1 0.00e+00 0.0 1.2e+02 1.9e+05 0.0e+00  0  0  0  4  0   1  0  1 17  0     0       0      0 0.00e+00    0 0.00e+00  0
KSPSetUp               1 1.0 1.1691e-03 1.8 0.00e+00 0.0 0.0e+00 0.0e+00 0.0e+00  0  0  0  0  0   0  0  0  0  0     0       0      0 0.00e+00    0 0.00e+00  0
PCSetUp_GAMG+          1 1.0 1.6123e+00 1.0 4.01e+08 1.0 1.7e+04 8.2e+03 2.0e+02 50  4 16 24 88 100 100 100 100 100  1965   39269      7 1.22e-01   88 3.06e+02 99
 PCGAMGCreateG         4 1.0 1.0114e-01 1.0 2.68e+06 1.0 2.0e+03 2.5e+03 2.8e+01  3  0  2  1 13   6  1 12  4 14   212       0      0 0.00e+00    6 9.88e+00  0
 GAMG Coarsen          8 1.0 2.1614e-01 1.0 0.00e+00 0.0 2.3e+03 1.7e+04 3.1e+01  7  0  2  7 14  13  0 14 29 16     0       0      0 0.00e+00    0 0.00e+00  0
  GAMG MIS/Agg         4 1.0 1.9032e-01 1.0 0.00e+00 0.0 2.0e+03 1.8e+04 3.1e+01  6  0  2  7 14  12  0 12 28 16     0       0      0 0.00e+00    0 0.00e+00  0
 PCGAMGProl            4 1.0 1.7826e-01 1.0 0.00e+00 0.0 2.5e+03 4.0e+03 1.2e+01  6  0  2  2  5  11  0 15  7  6     0       0      0 0.00e+00    4 1.30e-01  0
  GAMG Prol-col        4 1.0 9.3061e-02 1.0 0.00e+00 0.0 2.2e+03 3.6e+03 0.0e+00  3  0  2  1  0   6  0 14  6  0     0       0      0 0.00e+00    0 0.00e+00  0
  GAMG Prol-lift       4 1.0 8.1394e-02 1.0 0.00e+00 0.0 2.8e+02 7.4e+03 4.0e+00  3  0  0  0  2   5  0  2  2  2     0       0      0 0.00e+00    4 1.30e-01  0
 PCGAMGOptProl         4 1.0 9.1829e-01 1.0 1.97e+08 1.0 4.7e+03 3.1e+03 6.4e+01 28  2  4  3 29  57 49 28 11 32  1691   43878      7 1.22e-01   43 1.50e+02 100
  GAMG smooth          4 1.0 8.7833e-01 1.0 3.27e+06 1.0 3.0e+03 2.0e+03 6.4e+01 27  0  3  1 29  54  1 18  4 32    30     894      0 0.00e+00   43 1.50e+02 81
 PCGAMGCreateL         4 1.0 1.6925e-01 1.0 0.00e+00 0.0 3.3e+03 1.8e+04 6.2e+01  5  0  3 10 28  10  0 20 43 31     0       0      0 0.00e+00   35 1.46e+02  0
  GAMG PtAP            4 1.0 1.5743e-01 1.0 0.00e+00 0.0 3.1e+03 1.9e+04 2.8e+01  5  0  3 10 13  10  0 19 43 14     0       0      0 0.00e+00   33 1.46e+02  0
  GAMG Reduce          2 1.0 3.2161e-02 1.0 0.00e+00 0.0 8.9e+02 6.7e+03 4.8e+01  1  0  1  1 22   2  0  5  4 24     0       0      0 0.00e+00   19 3.20e+00  0
PCGAMG Squ l00         1 1.0 1.7919e-01 1.0 0.00e+00 0.0 3.9e+02 9.2e+04 4.0e+00  6  0  0  6  2  11  0  2 26  2     0       0      0 0.00e+00    0 0.00e+00  0
PCGAMG Gal l00         1 1.0 1.0721e-01 1.0 0.00e+00 0.0 1.2e+03 2.7e+04 7.0e+00  3  0  1  6  3   7  0  7 24  4     0       0      0 0.00e+00    8 1.24e+02  0
PCGAMG Opt l00         1 1.0 9.9495e-02 1.0 0.00e+00 0.0 7.1e+02 6.0e+03 7.0e+00  3  0  1  1  3   6  0  4  3  4     0       0      0 0.00e+00    8 1.12e+02  0
PCGAMG Gal l01         1 1.0 3.0093e-02 1.0 0.00e+00 0.0 1.2e+03 1.7e+04 7.0e+00  1  0  1  4  3   2  0  7 15  4     0       0      0 0.00e+00    8 1.91e+01  0
PCGAMG Opt l01         1 1.0 2.3257e-02 1.0 0.00e+00 0.0 7.3e+02 1.5e+03 7.0e+00  1  0  1  0  3   1  0  4  1  4     0       0      0 0.00e+00    8 1.31e+01  0
PCGAMG Gal l02         1 1.0 1.4148e-02 1.0 0.00e+00 0.0 6.4e+02 9.3e+03 7.0e+00  0  0  1  1  3   1  0  4  4  4     0       0      0 0.00e+00    8 3.07e+00  0
PCGAMG Opt l02         1 1.0 8.2072e-03 1.0 0.00e+00 0.0 7.3e+02 6.9e+02 7.0e+00  0  0  1  0  3   1  0  4  0  4     0       0      0 0.00e+00    8 1.93e+00  0
PCGAMG Gal l03         1 1.0 6.1621e-03 1.0 0.00e+00 0.0 2.7e+01 2.4e+02 7.0e+00  0  0  0  0  3   0  0  0  0  4     0       0      0 0.00e+00    9 1.74e-02  0
PCGAMG Opt l03         1 1.0 4.7351e-03 1.0 0.00e+00 0.0 2.2e+01 2.8e+02 7.0e+00  0  0  0  0  3   0  0  0  0  4     0       0      0 0.00e+00    9 1.90e-02  0
PCSetUp                1 1.0 1.6123e+00 1.0 4.01e+08 1.0 1.7e+04 8.2e+03 2.0e+02 50  4 16 24 88 100 100 100 100 100  1965   39269      7 1.22e-01   88 3.06e+02 99
VecTDot              184 1.0 1.9290e-02 1.2 9.51e+06 1.0 0.0e+00 0.0e+00 0.0e+00  1  0  0  0  0   1  2  0  0  0  3931    9500      0 0.00e+00    0 0.00e+00 100
VecNorm               44 1.0 5.1733e-03 1.8 2.27e+06 1.0 0.0e+00 0.0e+00 0.0e+00  0  0  0  0  0   0  1  0  0  0  3505   17793      0 0.00e+00    0 0.00e+00 100
VecCopy               16 1.0 4.1038e-04 1.2 0.00e+00 0.0 0.0e+00 0.0e+00 0.0e+00  0  0  0  0  0   0  0  0  0  0     0       0      0 0.00e+00    0 0.00e+00  0
VecSet                 8 1.0 1.8782e-04 1.1 0.00e+00 0.0 0.0e+00 0.0e+00 0.0e+00  0  0  0  0  0   0  0  0  0  0     0       0      0 0.00e+00    0 0.00e+00  0
VecAXPY              160 1.0 3.3938e-03 1.1 8.27e+06 1.0 0.0e+00 0.0e+00 0.0e+00  0  0  0  0  0   0  2  0  0  0 19431   37728      0 0.00e+00    0 0.00e+00 100
VecAYPX               72 1.0 1.2704e-03 1.1 3.72e+06 1.0 0.0e+00 0.0e+00 0.0e+00  0  0  0  0  0   0  1  0  0  0 23358   58147      0 0.00e+00    0 0.00e+00 100
VecAssemblyBegin     136 1.0 1.3441e-02 1.9 0.00e+00 0.0 0.0e+00 0.0e+00 0.0e+00  0  0  0  0  0   1  0  0  0  0     0       0      0 0.00e+00    0 0.00e+00  0
VecAssemblyEnd       136 1.0 5.5814e-05 1.1 0.00e+00 0.0 0.0e+00 0.0e+00 0.0e+00  0  0  0  0  0   0  0  0  0  0     0       0      0 0.00e+00    0 0.00e+00  0
VecPointwiseMult      44 1.0 7.6772e-04 1.1 1.14e+06 1.0 0.0e+00 0.0e+00 0.0e+00  0  0  0  0  0   0  0  0  0  0 11811   28141      0 0.00e+00    0 0.00e+00 100
VecReciprocal         12 1.0 2.3451e-04 1.1 0.00e+00 0.0 0.0e+00 0.0e+00 0.0e+00  0  0  0  0  0   0  0  0  0  0     0       0      0 0.00e+00    0 0.00e+00  0
VecSetValues      784962 1.0 4.8482e-02 1.1 0.00e+00 0.0 0.0e+00 0.0e+00 0.0e+00  1  0  0  0  0   3  0  0  0  0     0       0      0 0.00e+00    0 0.00e+00  0
VecScatterBegin      221 1.0 1.8121e-02 1.8 0.00e+00 0.0 6.1e+03 4.5e+03 0.0e+00  0  0  6  5  0   1  0 37 20  0     0       0      7 1.22e-01    0 0.00e+00  0
VecScatterEnd        221 1.0 1.2429e-02 4.3 0.00e+00 0.0 0.0e+00 0.0e+00 0.0e+00  0  0  0  0  0   1  0  0  0  0     0       0      0 0.00e+00    0 0.00e+00  0
SFSetGraph           113 1.0 4.5714e-04 1.0 0.00e+00 0.0 0.0e+00 0.0e+00 0.0e+00  0  0  0  0  0   0  0  0  0  0     0       0      0 0.00e+00    0 0.00e+00  0
SFSetUp              105 1.0 1.8224e-02 1.1 0.00e+00 0.0 6.2e+03 4.4e+02 0.0e+00  1  0  6  0  0   1  0 37  2  0     0       0      0 0.00e+00    0 0.00e+00  0
SFBcastBegin          59 1.0 5.3730e-03 1.2 0.00e+00 0.0 2.6e+03 1.5e+04 0.0e+00  0  0  2  7  0   0  0 16 29  0     0       0      0 0.00e+00    0 0.00e+00  0
SFBcastEnd            59 1.0 2.0334e-03 2.4 0.00e+00 0.0 0.0e+00 0.0e+00 0.0e+00  0  0  0  0  0   0  0  0  0  0     0       0      0 0.00e+00    0 0.00e+00  0
SFReduceBegin         31 1.0 8.4431e-03 2.3 0.00e+00 0.0 5.7e+02 4.3e+04 0.0e+00  0  0  1  4  0   0  0  3 18  0     0       0      0 0.00e+00    0 0.00e+00  0
SFReduceEnd           31 1.0 5.4912e-03 5.6 0.00e+00 0.0 0.0e+00 0.0e+00 0.0e+00  0  0  0  0  0   0  0  0  0  0     0       0      0 0.00e+00    0 0.00e+00  0
SFFetchOpBegin         8 1.0 1.4128e-04 1.6 0.00e+00 0.0 1.2e+02 4.0e+00 0.0e+00  0  0  0  0  0   0  0  1  0  0     0       0      0 0.00e+00    0 0.00e+00  0
SFFetchOpEnd           8 1.0 2.5071e-04 2.1 0.00e+00 0.0 1.2e+02 4.0e+00 0.0e+00  0  0  0  0  0   0  0  1  0  0     0       0      0 0.00e+00    0 0.00e+00  0
SFCreateEmbed          8 1.0 8.8594e-04 1.2 0.00e+00 0.0 3.4e+02 1.8e+02 0.0e+00  0  0  0  0  0   0  0  2  0  0     0       0      0 0.00e+00    0 0.00e+00  0
SFSectionSF            8 1.0 2.3414e-03 1.0 0.00e+00 0.0 6.8e+02 1.2e+03 0.0e+00  0  0  1  0  0   0  0  4  1  0     0       0      0 0.00e+00    0 0.00e+00  0
SFRemoteOff            8 1.0 1.6577e-03 1.1 0.00e+00 0.0 6.8e+02 4.5e+02 0.0e+00  0  0  1  0  0   0  0  4  0  0     0       0      0 0.00e+00    0 0.00e+00  0
SFPack               319 1.0 3.7127e-03 1.1 0.00e+00 0.0 0.0e+00 0.0e+00 0.0e+00  0  0  0  0  0   0  0  0  0  0     0       0      3 1.53e-02    0 0.00e+00  0
SFUnpack             327 1.0 5.4366e-05 1.2 0.00e+00 0.0 0.0e+00 0.0e+00 0.0e+00  0  0  0  0  0   0  0  0  0  0     0       0      0 0.00e+00    0 0.00e+00  0

--- Event Stage 2: Solve

MatMult              687 1.0 9.0646e-02 1.1 2.64e+09 1.0 2.2e+04 5.5e+03 0.0e+00  3 26 21 21  0  40 84 75 95  0 230468   492025      1 0.00e+00    0 0.00e+00 100
MatMultAdd           120 1.0 1.8399e-02 1.2 1.59e+08 1.0 3.7e+03 9.4e+02 0.0e+00  1  2  3  1  0   8  5 12  3  0 68923   310423      0 0.00e+00    0 0.00e+00 100
MatMultTranspose     120 1.0 1.8811e-02 1.1 1.59e+08 1.0 3.7e+03 9.4e+02 0.0e+00  1  2  3  1  0   8  5 12  3  0 67438   193416      2 7.17e-03    0 0.00e+00 100
MatResidual          120 1.0 2.0454e-02 1.1 5.50e+08 1.0 5.1e+03 5.0e+03 0.0e+00  1  5  5  4  0   9 17 17 20  0 212494   480722      0 0.00e+00    0 0.00e+00 100
KSPSolve               1 1.0 2.1332e-01 1.0 3.14e+09 1.0 2.9e+04 4.3e+03 0.0e+00  7 31 28 22  0 100 100 100 100  0 116627   284299      3 7.17e-03    0 0.00e+00 100
PCApply               30 1.0 1.9711e-01 1.0 2.64e+09 1.0 2.8e+04 3.9e+03 0.0e+00  6 26 26 19  0  92 84 94 86  0 105976   263229      3 7.17e-03    0 0.00e+00 100
VecTDot              476 1.0 2.9164e-02 1.1 1.22e+07 1.0 0.0e+00 0.0e+00 0.0e+00  1  0  0  0  0  13  0  0  0  0  3344   10079      0 0.00e+00    0 0.00e+00 100
VecNorm              238 1.0 2.1122e-02 1.7 6.10e+06 1.0 0.0e+00 0.0e+00 0.0e+00  1  0  0  0  0   9  0  0  0  0  2308   10220      0 0.00e+00    0 0.00e+00 100
VecCopy              422 1.0 7.5292e-03 1.1 0.00e+00 0.0 0.0e+00 0.0e+00 0.0e+00  0  0  0  0  0   3  0  0  0  0     0       0      0 0.00e+00    0 0.00e+00  0
VecSet               151 1.0 2.4521e-03 1.1 0.00e+00 0.0 0.0e+00 0.0e+00 0.0e+00  0  0  0  0  0   1  0  0  0  0     0       0      0 0.00e+00    0 0.00e+00  0
VecAXPY              414 1.0 6.8715e-03 1.3 1.18e+07 1.0 0.0e+00 0.0e+00 0.0e+00  0  0  0  0  0   3  0  0  0  0 13734   35687      0 0.00e+00    0 0.00e+00 100
VecAYPX              896 1.0 1.5465e-02 1.1 4.29e+07 1.0 0.0e+00 0.0e+00 0.0e+00  0  0  0  0  0   7  1  0  0  0 22138   55289      0 0.00e+00    0 0.00e+00 100
VecAXPBYCZ           240 1.0 4.3483e-03 1.1 3.10e+07 1.0 0.0e+00 0.0e+00 0.0e+00  0  0  0  0  0   2  1  0  0  0 56870   130123      0 0.00e+00    0 0.00e+00 100
VecPointwiseMult     207 1.0 3.3742e-03 1.4 1.24e+03 0.0 0.0e+00 0.0e+00 0.0e+00  0  0  0  0  0   1  0  0  0  0     0       1      0 0.00e+00    0 0.00e+00 100
VecReciprocal          1 1.0 1.6993e-05 1.4 0.00e+00 0.0 0.0e+00 0.0e+00 0.0e+00  0  0  0  0  0   0  0  0  0  0     0       0      0 0.00e+00    0 0.00e+00  0
VecScatterBegin      927 1.0 3.7789e-02 1.4 0.00e+00 0.0 2.9e+04 4.3e+03 0.0e+00  1  0 28 22  0  15  0 100 100  0     0       0      1 0.00e+00    0 0.00e+00  0
VecScatterEnd        927 1.0 2.4683e-02 1.8 6.25e+04 1.4 0.0e+00 0.0e+00 0.0e+00  1  0  0  0  0  10  0  0  0  0    17       0      2 7.17e-03    0 0.00e+00 100
SFPack               927 1.0 1.6786e-03 1.1 0.00e+00 0.0 0.0e+00 0.0e+00 0.0e+00  0  0  0  0  0   1  0  0  0  0     0       0      0 0.00e+00    0 0.00e+00  0
SFUnpack             927 1.0 7.9587e-04 1.7 6.25e+04 1.4 0.0e+00 0.0e+00 0.0e+00  0  0  0  0  0   0  0  0  0  0   541       0      2 7.17e-03    0 0.00e+00 100

--- Event Stage 3: 2nd Setup

MatMult               40 1.0 6.3261e-03 1.1 1.81e+08 1.0 1.7e+03 5.0e+03 0.0e+00  0  2  2  1  0  15 87 93 27  0 226406   513725      0 0.00e+00    0 0.00e+00 100
MatScale               1 1.0 1.4448e-04 1.1 7.72e+06 1.0 0.0e+00 0.0e+00 0.0e+00  0  0  0  0  0   0  4  0  0  0 427266   676875      0 0.00e+00    0 0.00e+00 100
MatAssemblyBegin       4 1.0 8.0300e-07 1.5 0.00e+00 0.0 0.0e+00 0.0e+00 0.0e+00  0  0  0  0  0   0  0  0  0  0     0       0      0 0.00e+00    0 0.00e+00  0
MatAssemblyEnd         4 1.0 2.5340e-06 1.3 0.00e+00 0.0 0.0e+00 0.0e+00 0.0e+00  0  0  0  0  0   0  0  0  0  0     0       0      0 0.00e+00    0 0.00e+00  0
MatPtAPNumeric         4 1.0 1.0214e-02 1.0 0.00e+00 0.0 1.2e+02 1.9e+05 0.0e+00  0  0  0  4  0  25  0  7 73  0     0       0      0 0.00e+00    0 0.00e+00  0
MatSetValuesCOO        4 1.0 2.5074e-03 4.5 0.00e+00 0.0 1.2e+02 1.9e+05 0.0e+00  0  0  0  4  0   4  0  7 73  0     0       0      0 0.00e+00    0 0.00e+00  0
KSPSetUp               1 1.0 1.7000e-07 1.2 0.00e+00 0.0 0.0e+00 0.0e+00 0.0e+00  0  0  0  0  0   0  0  0  0  0     0       0      0 0.00e+00    0 0.00e+00  0
PCSetUp_GAMG+          1 1.0 4.0185e-02 1.0 2.02e+08 1.0 1.8e+03 1.8e+04 0.0e+00  1  2  2  6  0 100 96 100 100  0 39642   95505      4 2.59e+00    5 6.77e+01 100
PCGAMG Gal l00         1 1.0 3.9230e-03 1.1 0.00e+00 0.0 5.1e+01 2.6e+05 0.0e+00  0  0  0  2  0  10  0  3 41  0     0       0      0 0.00e+00    0 0.00e+00  0
PCGAMG Gal l01         1 1.0 4.9925e-03 1.0 0.00e+00 0.0 5.6e+01 1.7e+05 0.0e+00  0  0  0  2  0  12  0  3 30  0     0       0      0 0.00e+00    0 0.00e+00  0
PCGAMG Gal l02         1 1.0 1.4055e-03 1.2 0.00e+00 0.0 1.4e+01 4.9e+04 0.0e+00  0  0  0  0  0   3  0  1  2  0     0       0      0 0.00e+00    0 0.00e+00  0
PCGAMG Gal l03         1 1.0 1.3729e-04 1.5 0.00e+00 0.0 1.0e+00 2.9e+02 0.0e+00  0  0  0  0  0   0  0  0  0  0     0       0      0 0.00e+00    0 0.00e+00  0
PCSetUp                1 1.0 4.0187e-02 1.0 2.02e+08 1.0 1.8e+03 1.8e+04 0.0e+00  1  2  2  6  0 100 96 100 100  0 39640   95505      4 2.59e+00    5 6.77e+01 100
VecTDot               92 1.0 6.3575e-03 1.1 4.75e+06 1.0 0.0e+00 0.0e+00 0.0e+00  0  0  0  0  0  15  2  0  0  0  5964   18305      0 0.00e+00    0 0.00e+00 100
VecNorm               44 1.0 4.0210e-03 1.5 2.27e+06 1.0 0.0e+00 0.0e+00 0.0e+00  0  0  0  0  0   9  1  0  0  0  4510   20173      0 0.00e+00    0 0.00e+00 100
VecCopy                8 1.0 1.8789e-04 1.1 0.00e+00 0.0 0.0e+00 0.0e+00 0.0e+00  0  0  0  0  0   0  0  0  0  0     0       0      0 0.00e+00    0 0.00e+00  0
VecSet                 4 1.0 1.1572e-04 1.1 0.00e+00 0.0 0.0e+00 0.0e+00 0.0e+00  0  0  0  0  0   0  0  0  0  0     0       0      0 0.00e+00    0 0.00e+00  0
VecAXPY               80 1.0 1.3841e-03 1.1 4.13e+06 1.0 0.0e+00 0.0e+00 0.0e+00  0  0  0  0  0   3  2  0  0  0 23821   58494      0 0.00e+00    0 0.00e+00 100
VecAYPX               36 1.0 6.2808e-04 1.1 1.86e+06 1.0 0.0e+00 0.0e+00 0.0e+00  0  0  0  0  0   1  1  0  0  0 23623   60761      0 0.00e+00    0 0.00e+00 100
VecReciprocal          1 1.0 1.6893e-05 1.4 0.00e+00 0.0 0.0e+00 0.0e+00 0.0e+00  0  0  0  0  0   0  0  0  0  0     0       0      0 0.00e+00    0 0.00e+00  0
VecScatterBegin       40 1.0 1.9625e-03 1.6 0.00e+00 0.0 1.7e+03 5.0e+03 0.0e+00  0  0  2  1  0   4  0 93 27  0     0       0      0 0.00e+00    0 0.00e+00  0
VecScatterEnd         40 1.0 1.2056e-03 3.3 0.00e+00 0.0 0.0e+00 0.0e+00 0.0e+00  0  0  0  0  0   2  0  0  0  0     0       0      0 0.00e+00    0 0.00e+00  0
SFReduceBegin          4 1.0 1.3516e-04 2.0 0.00e+00 0.0 1.2e+02 1.9e+05 0.0e+00  0  0  0  4  0   0  0  7 73  0     0       0      0 0.00e+00    0 0.00e+00  0
SFReduceEnd            4 1.0 2.2848e-03 8.2 0.00e+00 0.0 0.0e+00 0.0e+00 0.0e+00  0  0  0  0  0   4  0  0  0  0     0       0      0 0.00e+00    0 0.00e+00  0
SFPack                44 1.0 1.1682e-04 1.1 0.00e+00 0.0 0.0e+00 0.0e+00 0.0e+00  0  0  0  0  0   0  0  0  0  0     0       0      0 0.00e+00    0 0.00e+00  0
SFUnpack              44 1.0 6.3900e-06 1.4 0.00e+00 0.0 0.0e+00 0.0e+00 0.0e+00  0  0  0  0  0   0  0  0  0  0     0       0      0 0.00e+00    0 0.00e+00  0

--- Event Stage 4: 2nd Solve

MatMult              687 1.0 8.8915e-02 1.1 2.64e+09 1.0 2.2e+04 5.5e+03 0.0e+00  3 26 21 21  0  41 84 75 95  0 234954   493830      0 0.00e+00    0 0.00e+00 100
MatMultAdd           120 1.0 1.7115e-02 1.2 1.59e+08 1.0 3.7e+03 9.4e+02 0.0e+00  0  2  3  1  0   8  5 12  3  0 74093   313816      0 0.00e+00    0 0.00e+00 100
MatMultTranspose     120 1.0 1.5944e-02 1.1 1.59e+08 1.0 3.7e+03 9.4e+02 0.0e+00  0  2  3  1  0   7  5 12  3  0 79564   195425      0 0.00e+00    0 0.00e+00 100
MatResidual          120 1.0 2.0356e-02 1.1 5.50e+08 1.0 5.1e+03 5.0e+03 0.0e+00  1  5  5  4  0   9 17 17 20  0 213514   480632      0 0.00e+00    0 0.00e+00 100
KSPSolve               1 1.0 2.0702e-01 1.0 3.14e+09 1.0 2.9e+04 4.3e+03 0.0e+00  6 31 28 22  0 100 100 100 100  0 120174   287045      0 0.00e+00    0 0.00e+00 100
PCApply               30 1.0 1.9136e-01 1.0 2.64e+09 1.0 2.8e+04 3.9e+03 0.0e+00  6 26 26 19  0  92 84 94 86  0 109158   265212      0 0.00e+00    0 0.00e+00 100
VecTDot              476 1.0 2.8792e-02 1.1 1.22e+07 1.0 0.0e+00 0.0e+00 0.0e+00  1  0  0  0  0  14  0  0  0  0  3387   10196      0 0.00e+00    0 0.00e+00 100
VecNorm              238 1.0 2.0215e-02 1.7 6.10e+06 1.0 0.0e+00 0.0e+00 0.0e+00  1  0  0  0  0   9  0  0  0  0  2412   10409      0 0.00e+00    0 0.00e+00 100
VecCopy              422 1.0 7.4581e-03 1.1 0.00e+00 0.0 0.0e+00 0.0e+00 0.0e+00  0  0  0  0  0   3  0  0  0  0     0       0      0 0.00e+00    0 0.00e+00  0
VecSet               151 1.0 2.4299e-03 1.1 0.00e+00 0.0 0.0e+00 0.0e+00 0.0e+00  0  0  0  0  0   1  0  0  0  0     0       0      0 0.00e+00    0 0.00e+00  0
VecAXPY              414 1.0 6.8702e-03 1.3 1.18e+07 1.0 0.0e+00 0.0e+00 0.0e+00  0  0  0  0  0   3  0  0  0  0 13737   35735      0 0.00e+00    0 0.00e+00 100
VecAYPX              896 1.0 1.5380e-02 1.1 4.29e+07 1.0 0.0e+00 0.0e+00 0.0e+00  0  0  0  0  0   7  1  0  0  0 22260   55992      0 0.00e+00    0 0.00e+00 100
VecAXPBYCZ           240 1.0 4.1218e-03 1.1 3.10e+07 1.0 0.0e+00 0.0e+00 0.0e+00  0  0  0  0  0   2  1  0  0  0 59995   148848      0 0.00e+00    0 0.00e+00 100
VecPointwiseMult     207 1.0 3.3701e-03 1.4 1.24e+03 0.0 0.0e+00 0.0e+00 0.0e+00  0  0  0  0  0   1  0  0  0  0     0       1      0 0.00e+00    0 0.00e+00 100
VecScatterBegin      927 1.0 3.4523e-02 1.4 0.00e+00 0.0 2.9e+04 4.3e+03 0.0e+00  1  0 28 22  0  14  0 100 100  0     0       0      0 0.00e+00    0 0.00e+00  0
VecScatterEnd        927 1.0 2.3338e-02 1.9 6.25e+04 1.4 0.0e+00 0.0e+00 0.0e+00  1  0  0  0  0   9  0  0  0  0    18       0      0 0.00e+00    0 0.00e+00 100
SFPack               927 1.0 1.6666e-03 1.1 0.00e+00 0.0 0.0e+00 0.0e+00 0.0e+00  0  0  0  0  0   1  0  0  0  0     0       0      0 0.00e+00    0 0.00e+00  0
SFUnpack             927 1.0 6.6724e-04 1.6 6.25e+04 1.4 0.0e+00 0.0e+00 0.0e+00  0  0  0  0  0   0  0  0  0  0   645       0      0 0.00e+00    0 0.00e+00 100

--- Event Stage 5: 3rd Setup


--- Event Stage 6: 3rd Solve

MatMult              687 1.0 8.9508e-02 1.1 2.64e+09 1.0 2.2e+04 5.5e+03 0.0e+00  3 26 21 21  0  41 84 75 95  0 233399   493439      0 0.00e+00    0 0.00e+00 100
MatMultAdd           120 1.0 1.7040e-02 1.2 1.59e+08 1.0 3.7e+03 9.4e+02 0.0e+00  0  2  3  1  0   8  5 12  3  0 74421   313302      0 0.00e+00    0 0.00e+00 100
MatMultTranspose     120 1.0 1.5989e-02 1.1 1.59e+08 1.0 3.7e+03 9.4e+02 0.0e+00  0  2  3  1  0   7  5 12  3  0 79339   195274      0 0.00e+00    0 0.00e+00 100
MatScale               1 1.0 1.1130e-04 1.0 7.72e+06 1.0 0.0e+00 0.0e+00 0.0e+00  0  0  0  0  0   0  0  0  0  0 554611   690689      0 0.00e+00    0 0.00e+00 100
MatResidual          120 1.0 2.0394e-02 1.1 5.50e+08 1.0 5.1e+03 5.0e+03 0.0e+00  1  5  5  4  0   9 17 17 20  0 213115   479194      0 0.00e+00    0 0.00e+00 100
KSPSolve               1 1.0 2.0711e-01 1.0 3.14e+09 1.0 2.9e+04 4.3e+03 0.0e+00  6 31 28 22  0 100 100 100 100  0 120123   286639      0 0.00e+00    0 0.00e+00 100
PCApply               30 1.0 1.9142e-01 1.0 2.64e+09 1.0 2.8e+04 3.9e+03 0.0e+00  6 26 26 19  0  92 84 94 86  0 109124   264765      0 0.00e+00    0 0.00e+00 100
VecTDot              476 1.0 2.8312e-02 1.1 1.22e+07 1.0 0.0e+00 0.0e+00 0.0e+00  1  0  0  0  0  13  0  0  0  0  3445   10119      0 0.00e+00    0 0.00e+00 100
VecNorm              238 1.0 2.0107e-02 1.7 6.10e+06 1.0 0.0e+00 0.0e+00 0.0e+00  1  0  0  0  0   9  0  0  0  0  2425   10339      0 0.00e+00    0 0.00e+00 100
VecCopy              422 1.0 7.3987e-03 1.1 0.00e+00 0.0 0.0e+00 0.0e+00 0.0e+00  0  0  0  0  0   3  0  0  0  0     0       0      0 0.00e+00    0 0.00e+00  0
VecSet               151 1.0 2.4206e-03 1.1 0.00e+00 0.0 0.0e+00 0.0e+00 0.0e+00  0  0  0  0  0   1  0  0  0  0     0       0      0 0.00e+00    0 0.00e+00  0
VecAXPY              414 1.0 6.8563e-03 1.3 1.18e+07 1.0 0.0e+00 0.0e+00 0.0e+00  0  0  0  0  0   3  0  0  0  0 13765   35768      0 0.00e+00    0 0.00e+00 100
VecAYPX              896 1.0 1.5342e-02 1.1 4.29e+07 1.0 0.0e+00 0.0e+00 0.0e+00  0  0  0  0  0   7  1  0  0  0 22315   55561      0 0.00e+00    0 0.00e+00 100
VecAXPBYCZ           240 1.0 4.1315e-03 1.1 3.10e+07 1.0 0.0e+00 0.0e+00 0.0e+00  0  0  0  0  0   2  1  0  0  0 59854   146809      0 0.00e+00    0 0.00e+00 100
VecPointwiseMult     207 1.0 3.3468e-03 1.4 1.24e+03 0.0 0.0e+00 0.0e+00 0.0e+00  0  0  0  0  0   1  0  0  0  0     0       1      0 0.00e+00    0 0.00e+00 100
VecScatterBegin      927 1.0 3.4626e-02 1.4 0.00e+00 0.0 2.9e+04 4.3e+03 0.0e+00  1  0 28 22  0  14  0 100 100  0     0       0      0 0.00e+00    0 0.00e+00  0
VecScatterEnd        927 1.0 2.3520e-02 1.8 6.25e+04 1.4 0.0e+00 0.0e+00 0.0e+00  1  0  0  0  0   9  0  0  0  0    18       0      0 0.00e+00    0 0.00e+00 100
SFPack               927 1.0 1.6569e-03 1.1 0.00e+00 0.0 0.0e+00 0.0e+00 0.0e+00  0  0  0  0  0   1  0  0  0  0     0       0      0 0.00e+00    0 0.00e+00  0
SFUnpack             927 1.0 6.7084e-04 1.7 6.25e+04 1.4 0.0e+00 0.0e+00 0.0e+00  0  0  0  0  0   0  0  0  0  0   642       0      0 0.00e+00    0 0.00e+00 100
---------------------------------------------------------------------------------------------------------------------------------------------------------------

Object Type          Creations   Destructions. Reports information only for process 0.

--- Event Stage 0: Main Stage

           Container     4             12
       Krylov Solver     1             10
              Matrix     6             58
      Matrix Coarsen     0              1
   Matrix Null Space     1              1
      Preconditioner     1              6
              Viewer     1              1
  PetscDeviceContext     1              0
              Vector    12             63
           Index Set     2              2
   Star Forest Graph     1             25
    Distributed Mesh     0              4
     Discrete System     0              4
           Weak Form     0              4

--- Event Stage 1: Setup

           Container    37             29
       Krylov Solver    13              4
              Matrix   323            271
      Matrix Coarsen     4              3
      Preconditioner    13              8
              Vector   358            308
           Index Set   149            149
             Section    16             16
   Star Forest Graph   113             97
         PetscRandom     4              4

--- Event Stage 2: Solve

              Vector     1              0
   Star Forest Graph     8              0
    Distributed Mesh     4              0
     Discrete System     4              0
           Weak Form     4              0

--- Event Stage 3: 2nd Setup

              Vector    12             12

--- Event Stage 4: 2nd Solve


--- Event Stage 5: 3rd Setup


--- Event Stage 6: 3rd Solve

========================================================================================================================
Average time to get PetscTime(): 3.51e-08
Average time for MPI_Barrier(): 1.6003e-05
Average time for zero size MPI_Send(): 1.7693e-05
#PETSc Option Table entries:
-alpha 1.e-3 # (source: command line)
-ksp_converged_reason # (source: command line)
-ksp_norm_type unpreconditioned # (source: command line)
-ksp_rtol 1e-6 # (source: command line)
-ksp_type cg # (source: command line)
-log_view # (source: command line)
-log_view_gpu_time # (source: command line)
-mat_type mpibaijkokkos # (source: command line)
-mg_coarse_ksp_type cg # (source: command line)
-mg_coarse_pc_type jacobi # (source: command line)
-mg_levels_ksp_type chebyshev # (source: command line)
-mg_levels_pc_type pbjacobi # (source: command line)
-ne 63 # (source: command line)
-pc_gamg_agg_nsmooths 1 # (source: command line)
-pc_gamg_coarse_eq_limit 20 # (source: command line)
-pc_gamg_parallel_coarse_grid_solver # (source: command line)
-pc_gamg_reuse_interpolation true # (source: command line)
-pc_gamg_type agg # (source: command line)
-pc_type gamg # (source: command line)
-two_solves # (source: command line)
-use_mat_nearnullspace # (source: command line)
#End of PETSc Option Table entries
Compiled without FORTRAN kernels
Compiled with full precision matrices (default)
sizeof(short) 2 sizeof(int) 4 sizeof(long) 8 sizeof(void*) 8 sizeof(PetscScalar) 8 sizeof(PetscInt) 4
Configure options: --with-kokkos-dir=/global/homes/m/madams/petsc/arch-perlmutter-opt-gcc-kokkos-cuda-notpl --with-kokkos-kernels-dir=/global/homes/m/madams/petsc/arch-perlmutter-opt-gcc-kokkos-cuda-notpl --with-triangle-dir=/global/homes/m/madams/petsc/arch-perlmutter-opt-gcc-kokkos-cuda-notpl --with-batch=0 --with-cc=cc --with-cxx=CC --with-fc=0 --with-debugging=0 --with-cuda=1 --with-cuda-arch=80 --with-kokkos-kernels-tpl=0 --with-make-np=8 --with-mpiexec=srun -G4 --gpu-bind=none PETSC_ARCH=arch-perlmutter-opt-gcc-kokkos-cuda-notpl
-----------------------------------------
Libraries compiled on 2026-06-22 14:37:25 on login21
Machine characteristics: Linux-6.4.0-150600.23.103_15.0.24-cray_shasta_c-x86_64-with-glibc2.3.4
Using PETSc directory: /global/u2/m/madams/petsc
Using PETSc arch: arch-perlmutter-opt-gcc-kokkos-cuda-notpl
-----------------------------------------

Using C compiler: cc  -fPIC -Wall -Wwrite-strings -Wno-unknown-pragmas -Wno-lto-type-mismatch -Wno-stringop-overflow -fstack-protector -fvisibility=hidden -g -O 
-----------------------------------------

Using include paths: -I/global/u2/m/madams/petsc/include -I/global/u2/m/madams/petsc/arch-perlmutter-opt-gcc-kokkos-cuda-notpl/include -I/global/homes/m/madams/petsc/arch-perlmutter-opt-gcc-kokkos-cuda-notpl/include -I/opt/nvidia/hpc_sdk/Linux_x86_64/25.5/cuda/12.9/include -I/opt/nvidia/hpc_sdk/Linux_x86_64/25.5/math_libs/12.9/include
-----------------------------------------

Using C linker: cc
Using libraries: -Wl,-rpath,/global/u2/m/madams/petsc/arch-perlmutter-opt-gcc-kokkos-cuda-notpl/lib -L/global/u2/m/madams/petsc/arch-perlmutter-opt-gcc-kokkos-cuda-notpl/lib -lpetsc -Wl,-rpath,/global/homes/m/madams/petsc/arch-perlmutter-opt-gcc-kokkos-cuda-notpl/lib -L/global/homes/m/madams/petsc/arch-perlmutter-opt-gcc-kokkos-cuda-notpl/lib -Wl,-rpath,/opt/nvidia/hpc_sdk/Linux_x86_64/25.5/cuda/12.9/lib64 -L/opt/nvidia/hpc_sdk/Linux_x86_64/25.5/cuda/12.9/lib64 -Wl,-rpath,/opt/nvidia/hpc_sdk/Linux_x86_64/25.5/math_libs/12.9/lib64 -L/opt/nvidia/hpc_sdk/Linux_x86_64/25.5/math_libs/12.9/lib64 -L/opt/nvidia/hpc_sdk/Linux_x86_64/25.5/cuda/12.9/lib64/stubs -lkokkoskernels -lkokkoscontainers -lkokkoscore -lkokkossimd -ltriangle -lcudart -lnvtx3interop -lcufft -lcublas -lcusparse -lcusolver -lcurand -lcuda -lnvidia-ml -lX11 -lstdc++ -lquadmath
-----------------------------------------

  Linear solve converged due to CONVERGED_RTOL iterations 30
  Linear solve converged due to CONVERGED_RTOL iterations 30
  Linear solve converged due to CONVERGED_RTOL iterations 30
[0]main |b-Ax|/|b|=7.613408e-07, |b|=2.222509e+00, emax=9.989586e-01
****************************************************************************************************************************************************************
***                                WIDEN YOUR WINDOW TO 160 CHARACTERS.  Use 'enscript -r -fCourier9' to print this document                                 ***
****************************************************************************************************************************************************************

------------------------------------------------------------------ PETSc Performance Summary: ------------------------------------------------------------------

/global/homes/m/madams/petsc/arch-perlmutter-opt-gcc-kokkos-cuda-notpl/tests/ksp/ksp/tutorials/ex56 on a arch-perlmutter-opt-gcc-kokkos-cuda-notpl named nid001161 with 8 processes and CUDA architecture 80, by madams on Mon Jun 22 07:46:34 2026
Using PETSc Development Git Revision: v3.25.2-340-g83d2bd4a8b4 Git Date: 2026-06-21 14:23:19 -0400

                         Max       Max/Min     Avg       Total
Time (sec):           5.510e+00     1.007   5.490e+00
Objects:              0.000e+00     0.000   0.000e+00
Flops:                1.007e+10     1.020   9.974e+09  7.979e+10
Flops/sec:            1.828e+09     1.013   1.817e+09  1.453e+10
MPI Msg Count:        1.680e+04     1.274   1.394e+04  1.116e+05
MPI Msg Len (bytes):  8.464e+07     1.039   5.957e+03  6.645e+08
MPI Reductions:       1.380e+02     1.000

Flop counting convention: 1 flop = 1 real number operation of type (multiply/divide/add/subtract)
                            e.g., VecAXPY() for real vectors of length N --> 2N flops
                            and VecAXPY() for complex vectors of length N --> 8N flops

Summary of Stages:   ----- Time ------  ----- Flop ------  --- Messages ---  -- Message Lengths --  -- Reductions --
                        Avg     %Total     Avg     %Total    Count   %Total     Avg         %Total    Count   %Total
 0:      Main Stage: 1.0050e+00  18.3%  2.5385e+08   0.3%  2.630e+02   0.2%  1.234e+05        4.9%  9.000e+00   6.5%
 1:           Setup: 3.7758e+00  68.8%  3.1816e+09   4.0%  1.293e+04  11.6%  1.419e+04       27.6%  1.120e+02  81.2%
 2:           Solve: 2.6166e-01   4.8%  2.4879e+10  31.2%  3.208e+04  28.8%  3.991e+03       19.3%  0.000e+00   0.0%
 3:       2nd Setup: 1.7530e-01   3.2%  1.6548e+09   2.1%  2.124e+03   1.9%  3.038e+04        9.7%  0.000e+00   0.0%
 4:       2nd Solve: 1.3589e-01   2.5%  2.4879e+10  31.2%  3.208e+04  28.8%  3.991e+03       19.3%  0.000e+00   0.0%
 5:       3rd Setup: 2.7325e-07   0.0%  0.0000e+00   0.0%  0.000e+00   0.0%  0.000e+00        0.0%  0.000e+00   0.0%
 6:       3rd Solve: 1.3679e-01   2.5%  2.4941e+10  31.3%  3.208e+04  28.8%  3.991e+03       19.3%  0.000e+00   0.0%

------------------------------------------------------------------------------------------------------------------------
See the 'Profiling' chapter of the users' manual for details on interpreting output.
Phase summary info:
   Count: number of times phase was executed
   Time and Flop: Max - maximum over all processes
                  Ratio - ratio of maximum to minimum over all processes
   Mess: number of messages sent
   AvgLen: average message length (bytes)
   Reduct: number of global reductions
   Global: entire computation
   Stage: stages of a computation. Set stages with PetscLogStagePush() and PetscLogStagePop().
      %T - percent time in this phase         %F - percent flop in this phase
      %M - percent messages in this phase     %L - percent message lengths in this phase
      %R - percent reductions in this phase
   Total Mflop/s: 1e-6 * (sum of flop over all processes)/(max time over all processes)
   GPU Mflop/s: 1e-6 * (sum of flop on GPU over all processes)/(max GPU time over all processes)
   CpuToGpu Count: total number of CPU to GPU copies per processor
   CpuToGpu Size (Mbytes): 1e-6 * (total size of CPU to GPU copies per processor)
   GpuToCpu Count: total number of GPU to CPU copies per processor
   GpuToCpu Size (Mbytes): 1e-6 * (total size of GPU to CPU copies per processor)
   GPU %F: percent flops on GPU in this event
------------------------------------------------------------------------------------------------------------------------
Event                Count      Time (sec)     Flop                              --- Global ---  --- Stage ----  Total   GPU    - CpuToGpu -   - GpuToCpu - GPU
                   Max Ratio  Max     Ratio   Max  Ratio  Mess   AvgLen  Reduct  %T %F %M %L %R  %T %F %M %L %R Mflop/s Mflop/s Count   Size   Count   Size  %F
---------------------------------------------------------------------------------------------------------------------------------------------------------------

--- Event Stage 0: Main Stage

BuildTwoSided          3 1.0 6.8701e-02 156.3 0.00e+00 0.0 9.4e+01 5.6e+00 0.0e+00  1  0  0  0  0   3  0 36  0  0     0       0      0 0.00e+00    0 0.00e+00  0
BuildTwoSidedF         2 1.0 7.0950e-02 121.2 0.00e+00 0.0 9.5e+01 3.3e+05 0.0e+00  1  0  0  5  0   3  0 36 97  0     0       0      0 0.00e+00    0 0.00e+00  0
MatMult                1 1.0 1.3365e-04 1.4 1.54e+07 1.0 5.6e+01 1.1e+04 0.0e+00  0  0  0  0  0   0 49 21  2  0 923785       0      0 0.00e+00    0 0.00e+00 100
MatAssemblyBegin       1 1.0 7.0302e-02 1.4 0.00e+00 0.0 3.8e+01 8.2e+05 0.0e+00  1  0  0  5  0   6  0 14 96  0     0       0      0 0.00e+00    0 0.00e+00  0
MatAssemblyEnd         1 1.0 4.0952e-02 1.1 2.46e+05 0.0 1.1e+02 2.7e+03 1.0e+00  1  0  0  0  1   4  0 43  1 11    24       0      0 0.00e+00    0 0.00e+00  0
DCtxCreate             1 1.0 5.3483e-05 1.8 0.00e+00 0.0 0.0e+00 0.0e+00 0.0e+00  0  0  0  0  0   0  0  0  0  0     0       0      0 0.00e+00    0 0.00e+00  0
DCtxDestroy            1 1.0 2.3665e-05 1.1 0.00e+00 0.0 0.0e+00 0.0e+00 0.0e+00  0  0  0  0  0   0  0  0  0  0     0       0      0 0.00e+00    0 0.00e+00  0
DCtxSetUp              1 1.0 1.6461e-05 2.1 0.00e+00 0.0 0.0e+00 0.0e+00 0.0e+00  0  0  0  0  0   0  0  0  0  0     0       0      0 0.00e+00    0 0.00e+00  0
DCtxSetDevice          1 1.0 1.5801e-05 1.2 0.00e+00 0.0 0.0e+00 0.0e+00 0.0e+00  0  0  0  0  0   0  0  0  0  0     0       0      0 0.00e+00    0 0.00e+00  0
VecMDot                3 1.0 9.7729e-04 1.4 2.36e+06 1.0 0.0e+00 0.0e+00 0.0e+00  0  0  0  0  0   0  7  0  0  0 19313       0      0 0.00e+00    0 0.00e+00  0
VecNorm                5 1.0 4.0488e-04 1.3 9.83e+05 1.0 0.0e+00 0.0e+00 0.0e+00  0  0  0  0  0   0  3  0  0  0 19424       0      0 0.00e+00    0 0.00e+00 40
VecScale               3 1.0 5.3564e-05 1.1 2.95e+05 1.0 0.0e+00 0.0e+00 0.0e+00  0  0  0  0  0   0  1  0  0  0 44046       0      0 0.00e+00    0 0.00e+00  0
VecAXPY                1 1.0 4.5408e-05 1.4 1.97e+05 1.0 0.0e+00 0.0e+00 0.0e+00  0  0  0  0  0   0  1  0  0  0 34638       0      0 0.00e+00    0 0.00e+00 100
VecMAXPY               3 1.0 3.7028e-04 1.3 2.36e+06 1.0 0.0e+00 0.0e+00 0.0e+00  0  0  0  0  0   0  7  0  0  0 50974       0      0 0.00e+00    0 0.00e+00  0
VecAssemblyBegin       1 1.0 7.0414e-04 1.1 0.00e+00 0.0 5.7e+01 6.1e+03 0.0e+00  0  0  0  0  0   0  0 22  1  0     0       0      0 0.00e+00    0 0.00e+00  0
VecAssemblyEnd         1 1.0 7.7901e-05 2.8 0.00e+00 0.0 0.0e+00 0.0e+00 0.0e+00  0  0  0  0  0   0  0  0  0  0     0       0      0 0.00e+00    0 0.00e+00  0
VecScatterBegin        1 1.0 8.3712e-05 1.9 0.00e+00 0.0 5.6e+01 1.1e+04 0.0e+00  0  0  0  0  0   0  0 21  2  0     0       0      0 0.00e+00    0 0.00e+00  0
VecScatterEnd          1 1.0 5.9555e-05 9.5 0.00e+00 0.0 0.0e+00 0.0e+00 0.0e+00  0  0  0  0  0   0  0  0  0  0     0       0      0 0.00e+00    0 0.00e+00  0
VecNormalize           3 1.0 2.8275e-04 1.4 8.85e+05 1.0 0.0e+00 0.0e+00 0.0e+00  0  0  0  0  0   0  3  0  0  0 25033       0      0 0.00e+00    0 0.00e+00  0
SFSetGraph             1 1.0 9.2538e-05 1.4 0.00e+00 0.0 0.0e+00 0.0e+00 0.0e+00  0  0  0  0  0   0  0  0  0  0     0       0      0 0.00e+00    0 0.00e+00  0
SFSetUp                1 1.0 5.7786e-04 1.2 0.00e+00 0.0 1.1e+02 2.7e+03 0.0e+00  0  0  0  0  0   0  0 43  1  0     0       0      0 0.00e+00    0 0.00e+00  0
SFPack                 1 1.0 6.0820e-06 1.2 0.00e+00 0.0 0.0e+00 0.0e+00 0.0e+00  0  0  0  0  0   0  0  0  0  0     0       0      0 0.00e+00    0 0.00e+00  0
SFUnpack               1 1.0 2.4000e-07 1.8 0.00e+00 0.0 0.0e+00 0.0e+00 0.0e+00  0  0  0  0  0   0  0  0  0  0     0       0      0 0.00e+00    0 0.00e+00  0

--- Event Stage 1: Setup

BuildTwoSided        207 1.0 6.7896e-02 2.0 0.00e+00 0.0 1.7e+03 4.0e+00 0.0e+00  1  0  2  0  0   1  0 13  0  0     0       0      0 0.00e+00    0 0.00e+00  0
BuildTwoSidedF       153 1.0 5.9844e-02 2.2 0.00e+00 0.0 2.7e+02 7.7e+03 0.0e+00  1  0  0  0  0   1  0  2  1  0     0       0      0 0.00e+00    0 0.00e+00  0
MatMult               80 1.0 2.5707e-02 1.4 3.63e+08 1.0 3.6e+03 4.7e+03 0.0e+00  0  4  3  3  0   1 90 28  9  0 111431       0      4 1.94e+00    0 0.00e+00 100
MatScale              12 1.0 1.9381e-02 1.2 7.09e+06 1.0 1.7e+02 1.4e+03 0.0e+00  0  0  0  0  0   0  2  1  0  0  2917       0     11 5.41e-01    0 0.00e+00 100
MatAssemblyBegin      64 1.0 1.1415e-02 2.1 0.00e+00 0.0 2.7e+02 7.7e+03 0.0e+00  0  0  0  0  0   0  0  2  1  0     0       0      0 0.00e+00    0 0.00e+00  0
MatAssemblyEnd        64 1.0 1.1247e-01 1.6 0.00e+00 0.0 1.7e+03 3.7e+02 3.2e+01  2  0  2  0 23   2  0 13  0 29     0       0      0 0.00e+00    0 0.00e+00  0
MatSetValues      142306 1.0 3.7716e-01 1.0 6.20e+05 1.0 0.0e+00 0.0e+00 0.0e+00  7  0  0  0  0  10  0  0  0  0    13       0      0 0.00e+00    6 2.11e+01  0
MatGetValues       33610 1.0 6.9638e-02 1.1 0.00e+00 0.0 0.0e+00 0.0e+00 0.0e+00  1  0  0  0  0   2  0  0  0  0     0       0      0 0.00e+00    0 0.00e+00  0
MatGetRow         480713 1.0 9.6402e-01 1.0 0.00e+00 0.0 0.0e+00 0.0e+00 0.0e+00 17  0  0  0  0  25  0  0  0  0     0       0      0 0.00e+00   11 1.70e+01  0
MatCreateSubMat        2 1.0 3.2031e-03 1.0 0.00e+00 0.0 3.0e+01 9.7e+01 1.0e+01  0  0  0  0  7   0  0  0  0  9     0       0      0 0.00e+00    2 0.00e+00  0
MatCoarsen             4 1.0 1.5313e-02 1.0 0.00e+00 0.0 1.7e+03 9.7e+02 2.7e+01  0  0  1  0 20   0  0 13  1 24     0       0      3 5.88e-03    0 0.00e+00  0
MatAXPY                4 1.0 7.1228e-01 1.0 6.20e+05 1.0 0.0e+00 0.0e+00 0.0e+00 13  0  0  0  0  19  0  0  0  0     7       0      0 0.00e+00    6 2.11e+01  0
MatTranspose           3 1.0 3.7562e-03 1.0 0.00e+00 0.0 2.2e+02 4.4e+01 9.0e+00  0  0  0  0  7   0  0  2  0  8     0       0      3 5.88e-03    0 0.00e+00  0
MatMatMultSym          4 1.0 8.8791e-02 1.0 0.00e+00 0.0 1.4e+03 7.5e+03 1.2e+01  2  0  1  2  9   2  0 11  6 11     0       0      8 4.95e+00    0 0.00e+00  0
MatMatMultNum          4 1.0 1.0320e-06 1.3 0.00e+00 0.0 0.0e+00 0.0e+00 0.0e+00  0  0  0  0  0   0  0  0  0  0     0       0      0 0.00e+00    0 0.00e+00  0
MatPtAPSymbolic        4 1.0 5.4936e-01 1.1 0.00e+00 0.0 2.4e+03 4.8e+04 2.4e+01 10  0  2 17 17  14  0 18 61 21     0       0      8 2.11e+01    0 0.00e+00  0
MatPtAPNumeric         4 1.0 9.7100e-07 1.2 0.00e+00 0.0 0.0e+00 0.0e+00 0.0e+00  0  0  0  0  0   0  0  0  0  0     0       0      0 0.00e+00    0 0.00e+00  0
MatTrnMatMultSym       1 1.0 6.8883e-02 1.1 0.00e+00 0.0 4.5e+02 6.4e+04 3.0e+00  1  0  0  4  2   2  0  3 16  3     0       0      0 0.00e+00    0 0.00e+00  0
MatCreateGraph         4 1.0 6.3275e-01 1.0 1.79e+06 1.0 5.1e+02 7.2e+02 1.2e+01 12  0  0  0  9  17  0  4  0 11    23       0     15 7.40e+00    8 1.02e+01 100
KSPSetUp               1 1.0 8.8063e-04 1.3 0.00e+00 0.0 0.0e+00 0.0e+00 0.0e+00  0  0  0  0  0   0  0  0  0  0     0       0      0 0.00e+00    0 0.00e+00  0
PCSetUp_GAMG+          1 1.0 3.7751e+00 1.0 4.02e+08 1.0 1.3e+04 1.4e+04 1.1e+02 69  4 12 28 81 100 100 100 100 100   843       0     82 1.02e+02   47 3.96e+01 100
 PCGAMGCreateG         4 1.0 6.3276e-01 1.0 1.79e+06 1.0 5.1e+02 7.2e+02 1.2e+01 12  0  0  0  9  17  0  4  0 11    23       0     15 7.40e+00    8 1.02e+01 100
 GAMG Coarsen          8 1.0 4.5746e-01 1.0 0.00e+00 0.0 2.4e+03 1.4e+04 3.0e+01  8  0  2  5 22  12  0 18 18 27     0       0      8 1.05e+00   12 7.37e+00  0
  GAMG MIS/Agg         4 1.0 8.5856e-02 1.0 0.00e+00 0.0 2.1e+03 1.4e+04 3.0e+01  2  0  2  5 22   2  0 16 17 27     0       0      3 5.88e-03    0 0.00e+00  0
 PCGAMGProl            4 1.0 1.2128e+00 1.0 0.00e+00 0.0 2.5e+03 4.0e+03 1.2e+01 22  0  2  2  9  32  0 20  6 11     0       0     38 5.97e+00   19 9.93e-01  0
  GAMG Prol-col        4 1.0 1.1813e+00 1.0 0.00e+00 0.0 2.2e+03 3.6e+03 0.0e+00 22  0  2  1  0  31  0 17  4  0     0       0     38 5.97e+00   19 9.93e-01  0
  GAMG Prol-lift       4 1.0 2.5636e-02 1.0 0.00e+00 0.0 2.8e+02 7.4e+03 4.0e+00  0  0  0  0  3   1  0  2  1  4     0       0      0 0.00e+00    0 0.00e+00  0
 PCGAMGOptProl         4 1.0 8.4671e-01 1.0 1.99e+08 1.0 3.3e+03 5.9e+03 1.2e+01 15  2  3  3  9  22 49 25 11 11  1859       0     13 6.67e+01    6 2.11e+01 100
  GAMG smooth          4 1.0 8.0493e-01 1.0 5.92e+06 1.0 1.4e+03 7.5e+03 1.2e+01 14  0  1  2  9  21  1 11  6 11    59       0      8 4.95e+00    6 2.11e+01 90
 PCGAMGCreateL         4 1.0 5.5554e-01 1.1 0.00e+00 0.0 2.4e+03 4.6e+04 4.6e+01 10  0  2 17 33  14  0 19 61 41     0       0      8 2.11e+01    2 0.00e+00  0
  GAMG PtAP            4 1.0 5.4940e-01 1.1 0.00e+00 0.0 2.4e+03 4.8e+04 2.4e+01 10  0  2 17 17  14  0 18 61 21     0       0      8 2.11e+01    0 0.00e+00  0
  GAMG Reduce          2 1.0 1.2500e-01 1.0 0.00e+00 0.0 6.7e+02 1.7e+04 3.4e+01  2  0  1  2 25   3  0  5  6 30     0       0      4 1.37e-01    2 0.00e+00  0
PCGAMG Squ l00         1 1.0 6.8887e-02 1.1 0.00e+00 0.0 4.5e+02 6.4e+04 3.0e+00  1  0  0  4  2   2  0  3 16  3     0       0      0 0.00e+00    0 0.00e+00  0
PCGAMG Gal l00         1 1.0 2.6713e-01 1.1 0.00e+00 0.0 8.6e+02 7.1e+04 6.0e+00  5  0  1  9  4   7  0  7 34  5     0       0      2 1.92e+01    0 0.00e+00  0
PCGAMG Opt l00         1 1.0 4.8161e-02 1.0 0.00e+00 0.0 4.4e+02 1.7e+04 3.0e+00  1  0  0  1  2   1  0  3  4  3     0       0      2 4.72e+00    0 0.00e+00  0
PCGAMG Gal l01         1 1.0 1.6498e-01 1.0 0.00e+00 0.0 9.0e+02 4.4e+04 6.0e+00  3  0  1  6  4   4  0  7 21  5     0       0      2 1.79e+00    0 0.00e+00  0
PCGAMG Opt l01         1 1.0 1.9288e-02 1.0 0.00e+00 0.0 4.5e+02 4.6e+03 3.0e+00  0  0  0  0  2   1  0  3  1  3     0       0      2 2.11e-01    0 0.00e+00  0
PCGAMG Gal l02         1 1.0 8.8983e-02 1.0 0.00e+00 0.0 4.8e+02 2.4e+04 6.0e+00  2  0  0  2  4   2  0  4  6  5     0       0      2 1.37e-01    0 0.00e+00  0
PCGAMG Opt l02         1 1.0 1.5976e-02 1.0 0.00e+00 0.0 4.5e+02 2.2e+03 3.0e+00  0  0  0  0  2   0  0  3  1  3     0       0      2 1.52e-02    0 0.00e+00  0
PCGAMG Gal l03         1 1.0 2.9628e-02 1.0 0.00e+00 0.0 1.2e+02 7.2e+02 6.0e+00  1  0  0  0  4   1  0  1  0  5     0       0      2 7.20e-04    0 0.00e+00  0
PCGAMG Opt l03         1 1.0 5.4200e-03 1.0 0.00e+00 0.0 9.8e+01 8.6e+02 3.0e+00  0  0  0  0  2   0  0  1  0  3     0       0      2 7.20e-04    0 0.00e+00  0
PCSetUp                1 1.0 3.7751e+00 1.0 4.02e+08 1.0 1.3e+04 1.4e+04 1.1e+02 69  4 12 28 81 100 100 100 100 100   843       0     82 1.02e+02   47 3.96e+01 100
VecTDot              184 1.0 2.1998e-02 1.7 9.51e+06 1.0 0.0e+00 0.0e+00 0.0e+00  0  0  0  0  0   0  2  0  0  0  3447       0      0 0.00e+00    0 0.00e+00 100
VecNorm               44 1.0 6.8679e-03 2.7 2.27e+06 1.0 0.0e+00 0.0e+00 0.0e+00  0  0  0  0  0   0  1  0  0  0  2640       0      0 0.00e+00    0 0.00e+00 100
VecCopy               16 1.0 2.1262e-04 1.3 0.00e+00 0.0 0.0e+00 0.0e+00 0.0e+00  0  0  0  0  0   0  0  0  0  0     0       0      0 0.00e+00    0 0.00e+00  0
VecSet                 8 1.0 4.7382e-05 1.2 0.00e+00 0.0 0.0e+00 0.0e+00 0.0e+00  0  0  0  0  0   0  0  0  0  0     0       0      0 0.00e+00    0 0.00e+00  0
VecAXPY              160 1.0 1.3378e-03 1.2 8.27e+06 1.0 0.0e+00 0.0e+00 0.0e+00  0  0  0  0  0   0  2  0  0  0 49292       0      0 0.00e+00    0 0.00e+00 100
VecAYPX               72 1.0 3.4124e-04 1.4 3.72e+06 1.0 0.0e+00 0.0e+00 0.0e+00  0  0  0  0  0   0  1  0  0  0 86962       0      0 0.00e+00    0 0.00e+00 100
VecAssemblyBegin     136 1.0 5.1296e-02 2.6 0.00e+00 0.0 0.0e+00 0.0e+00 0.0e+00  1  0  0  0  0   1  0  0  0  0     0       0      0 0.00e+00    0 0.00e+00  0
VecAssemblyEnd       136 1.0 1.3514e-04 1.1 0.00e+00 0.0 0.0e+00 0.0e+00 0.0e+00  0  0  0  0  0   0  0  0  0  0     0       0      0 0.00e+00    0 0.00e+00  0
VecPointwiseMult      44 1.0 2.5387e-04 1.4 1.14e+06 1.0 0.0e+00 0.0e+00 0.0e+00  0  0  0  0  0   0  0  0  0  0 35716       0      0 0.00e+00    0 0.00e+00 100
VecReciprocal         12 1.0 1.9597e-03 2.1 0.00e+00 0.0 0.0e+00 0.0e+00 0.0e+00  0  0  0  0  0   0  0  0  0  0     0       0      0 0.00e+00    0 0.00e+00  0
VecSetValues      784962 1.0 1.3330e+00 1.0 0.00e+00 0.0 0.0e+00 0.0e+00 0.0e+00 24  0  0  0  0  35  0  0  0  0     0       0      0 0.00e+00    0 0.00e+00  0
VecScatterBegin      221 1.0 3.3860e-02 1.4 0.00e+00 0.0 6.3e+03 4.3e+03 0.0e+00  1  0  6  4  0   1  0 49 15  0     0       0     53 7.31e+00    0 0.00e+00  0
VecScatterEnd        221 1.0 2.3849e-02 2.5 0.00e+00 0.0 0.0e+00 0.0e+00 0.0e+00  0  0  0  0  0   0  0  0  0  0     0       0      0 0.00e+00    0 0.00e+00  0
SFSetGraph            54 1.0 1.6806e-04 1.1 0.00e+00 0.0 0.0e+00 0.0e+00 0.0e+00  0  0  0  0  0   0  0  0  0  0     0       0      0 0.00e+00    0 0.00e+00  0
SFSetUp               54 1.0 3.3133e-02 1.1 0.00e+00 0.0 3.2e+03 1.2e+04 0.0e+00  1  0  3  6  0   1  0 25 21  0     0       0      0 0.00e+00    0 0.00e+00  0
SFBcastBegin          43 1.0 3.9801e-02 2.1 0.00e+00 0.0 2.0e+03 2.9e+04 0.0e+00  1  0  2  9  0   1  0 15 32  0     0       0      0 0.00e+00    0 0.00e+00  0
SFBcastEnd            43 1.0 3.2789e-02 10.6 0.00e+00 0.0 0.0e+00 0.0e+00 0.0e+00  0  0  0  0  0   0  0  0  0  0     0       0      0 0.00e+00    0 0.00e+00  0
SFReduceBegin         13 1.0 1.4972e-02 4.4 0.00e+00 0.0 3.9e+02 1.5e+05 0.0e+00  0  0  0  9  0   0  0  3 31  0     0       0      0 0.00e+00    0 0.00e+00  0
SFReduceEnd           13 1.0 1.4613e-02 3.5 0.00e+00 0.0 0.0e+00 0.0e+00 0.0e+00  0  0  0  0  0   0  0  0  0  0     0       0      0 0.00e+00    0 0.00e+00  0
SFPack               277 1.0 6.9505e-03 1.2 0.00e+00 0.0 0.0e+00 0.0e+00 0.0e+00  0  0  0  0  0   0  0  0  0  0     0       0      7 1.83e-02    0 0.00e+00  0
SFUnpack             277 1.0 3.8610e-05 1.2 0.00e+00 0.0 0.0e+00 0.0e+00 0.0e+00  0  0  0  0  0   0  0  0  0  0     0       0      0 0.00e+00    0 0.00e+00  0

--- Event Stage 2: Solve

MatMult              687 1.0 1.0407e-01 1.7 2.64e+09 1.0 2.5e+04 4.9e+03 0.0e+00  1 26 22 18  0  28 84 77 95  0 200736       0      0 2.55e-05    0 0.00e+00 100
MatMultAdd           120 1.0 9.7012e-03 1.1 1.59e+08 1.0 3.7e+03 9.4e+02 0.0e+00  0  2  3  1  0   4  5 11  3  0 130718       0      0 0.00e+00    0 0.00e+00 100
MatMultTranspose     120 1.0 1.3648e-01 1.4 1.59e+08 1.0 3.7e+03 9.4e+02 0.0e+00  2  2  3  1  0  48  5 11  3  0  9295       0      2 7.17e-03    0 0.00e+00 100
MatResidual          120 1.0 1.5481e-02 1.1 5.50e+08 1.0 5.5e+03 4.7e+03 0.0e+00  0  5  5  4  0   6 17 17 20  0 280742       0      0 0.00e+00    0 0.00e+00 100
KSPSolve               1 1.0 2.6167e-01 1.0 3.14e+09 1.0 3.2e+04 4.0e+03 0.0e+00  5 31 29 19  0 100 100 100 100  0 95076       0      2 7.20e-03    0 0.00e+00 100
PCApply               30 1.0 2.4696e-01 1.0 2.64e+09 1.0 3.0e+04 3.6e+03 0.0e+00  4 26 27 17  0  94 84 95 86  0 84584       0      2 7.20e-03    0 0.00e+00 100
VecTDot              476 1.0 3.2780e-02 1.2 1.22e+07 1.0 0.0e+00 0.0e+00 0.0e+00  1  0  0  0  0  11  0  0  0  0  2975       0      0 0.00e+00    0 0.00e+00 100
VecNorm              238 1.0 1.3510e-02 1.4 6.10e+06 1.0 0.0e+00 0.0e+00 0.0e+00  0  0  0  0  0   5  0  0  0  0  3609       0      0 0.00e+00    0 0.00e+00 100
VecCopy              422 1.0 2.1811e-03 1.5 0.00e+00 0.0 0.0e+00 0.0e+00 0.0e+00  0  0  0  0  0   1  0  0  0  0     0       0      0 0.00e+00    0 0.00e+00  0
VecSet               151 1.0 6.4184e-04 1.5 0.00e+00 0.0 0.0e+00 0.0e+00 0.0e+00  0  0  0  0  0   0  0  0  0  0     0       0      0 0.00e+00    0 0.00e+00  0
VecAXPY              414 1.0 1.6065e-03 3.2 1.18e+07 1.0 0.0e+00 0.0e+00 0.0e+00  0  0  0  0  0   0  0  0  0  0 58746       0      0 0.00e+00    0 0.00e+00 100
VecAYPX              896 1.0 3.5318e-03 1.4 4.29e+07 1.0 0.0e+00 0.0e+00 0.0e+00  0  0  0  0  0   1  1  0  0  0 96935       0      0 0.00e+00    0 0.00e+00 100
VecAXPBYCZ           240 1.0 1.3135e-03 1.2 3.10e+07 1.0 0.0e+00 0.0e+00 0.0e+00  0  0  0  0  0   0  1  0  0  0 188262       0      0 0.00e+00    0 0.00e+00 100
VecPointwiseMult     207 1.0 8.7630e-04 4.5 1.24e+03 0.0 0.0e+00 0.0e+00 0.0e+00  0  0  0  0  0   0  0  0  0  0     1       0      0 0.00e+00    0 0.00e+00 100
VecReciprocal          1 1.0 7.3640e-06 5.1 0.00e+00 0.0 0.0e+00 0.0e+00 0.0e+00  0  0  0  0  0   0  0  0  0  0     0       0      0 0.00e+00    0 0.00e+00  0
VecScatterBegin      927 1.0 1.1553e-01 2.3 0.00e+00 0.0 3.2e+04 4.0e+03 0.0e+00  1  0 29 19  0  31  0 100 100  0     0       0      0 2.55e-05    0 0.00e+00  0
VecScatterEnd        927 1.0 1.4869e-01 1.7 6.25e+04 1.4 0.0e+00 0.0e+00 0.0e+00  2  0  0  0  0  45  0  0  0  0     3       0      2 7.17e-03    0 0.00e+00 100
SFPack               927 1.0 2.6495e-03 1.7 0.00e+00 0.0 0.0e+00 0.0e+00 0.0e+00  0  0  0  0  0   1  0  0  0  0     0       0      0 2.55e-05    0 0.00e+00  0
SFUnpack             927 1.0 8.7365e-04 1.8 6.25e+04 1.4 0.0e+00 0.0e+00 0.0e+00  0  0  0  0  0   0  0  0  0  0   493       0      2 7.17e-03    0 0.00e+00 100

--- Event Stage 3: 2nd Setup

MatMult               40 1.0 3.2161e-03 1.1 1.81e+08 1.0 1.8e+03 4.7e+03 0.0e+00  0  2  2  1  0   2 87 86 13  0 445342       0      0 0.00e+00    0 0.00e+00 100
MatScale               1 1.0 1.1823e-05 1.3 7.72e+06 1.0 0.0e+00 0.0e+00 0.0e+00  0  0  0  0  0   0  4  0  0  0 5221264       0      0 0.00e+00    0 0.00e+00 100
MatPtAPNumeric         4 1.0 1.6087e-01 1.0 0.00e+00 0.0 3.0e+02 1.8e+05 0.0e+00  3  0  0  8  0  91  0 14 87  0     0       0      0 0.00e+00    0 0.00e+00  0
KSPSetUp               1 1.0 2.6000e-07 1.6 0.00e+00 0.0 0.0e+00 0.0e+00 0.0e+00  0  0  0  0  0   0  0  0  0  0     0       0      0 0.00e+00    0 0.00e+00  0
PCSetUp_GAMG+          1 1.0 1.7529e-01 1.0 2.02e+08 1.0 2.1e+03 3.0e+04 0.0e+00  3  2  2 10  0 100 96 100 100  0  9088       0      4 2.59e+00    1 6.00e-06 100
PCGAMG Gal l00         1 1.0 3.2211e-02 1.1 0.00e+00 0.0 1.1e+02 2.9e+05 0.0e+00  1  0  0  5  0  18  0  5 47  0     0       0      0 0.00e+00    0 0.00e+00  0
PCGAMG Gal l01         1 1.0 9.8661e-02 1.5 0.00e+00 0.0 1.1e+02 1.8e+05 0.0e+00  1  0  0  3  0  47  0  5 30  0     0       0      0 0.00e+00    0 0.00e+00  0
PCGAMG Gal l02         1 1.0 6.1613e-02 2.2 0.00e+00 0.0 7.0e+01 8.2e+04 0.0e+00  1  0  0  1  0  25  0  3  9  0     0       0      0 0.00e+00    0 0.00e+00  0
PCGAMG Gal l03         1 1.0 3.7728e-03 5.4 0.00e+00 0.0 1.5e+01 2.7e+03 0.0e+00  0  0  0  0  0   1  0  1  0  0     0       0      0 0.00e+00    0 0.00e+00  0
PCSetUp                1 1.0 1.7529e-01 1.0 2.02e+08 1.0 2.1e+03 3.0e+04 0.0e+00  3  2  2 10  0 100 96 100 100  0  9088       0      4 2.59e+00    1 6.00e-06 100
VecTDot               92 1.0 6.0191e-03 1.1 4.75e+06 1.0 0.0e+00 0.0e+00 0.0e+00  0  0  0  0  0   3  2  0  0  0  6300       0      0 0.00e+00    0 0.00e+00 100
VecNorm               44 1.0 4.7528e-03 1.7 2.27e+06 1.0 0.0e+00 0.0e+00 0.0e+00  0  0  0  0  0   2  1  0  0  0  3815       0      0 0.00e+00    0 0.00e+00 100
VecCopy                8 1.0 1.2035e-04 1.2 0.00e+00 0.0 0.0e+00 0.0e+00 0.0e+00  0  0  0  0  0   0  0  0  0  0     0       0      0 0.00e+00    0 0.00e+00  0
VecSet                 4 1.0 2.0960e-05 1.2 0.00e+00 0.0 0.0e+00 0.0e+00 0.0e+00  0  0  0  0  0   0  0  0  0  0     0       0      0 0.00e+00    0 0.00e+00  0
VecAXPY               80 1.0 3.2434e-04 1.3 4.13e+06 1.0 0.0e+00 0.0e+00 0.0e+00  0  0  0  0  0   0  2  0  0  0 101656       0      0 0.00e+00    0 0.00e+00 100
VecAYPX               36 1.0 1.5549e-04 1.4 1.86e+06 1.0 0.0e+00 0.0e+00 0.0e+00  0  0  0  0  0   0  1  0  0  0 95420       0      0 0.00e+00    0 0.00e+00 100
VecReciprocal          1 1.0 4.8700e-06 3.5 0.00e+00 0.0 0.0e+00 0.0e+00 0.0e+00  0  0  0  0  0   0  0  0  0  0     0       0      0 0.00e+00    0 0.00e+00  0
VecScatterBegin       40 1.0 2.2098e-03 1.6 0.00e+00 0.0 1.8e+03 4.7e+03 0.0e+00  0  0  2  1  0   1  0 86 13  0     0       0      0 0.00e+00    0 0.00e+00  0
VecScatterEnd         40 1.0 1.3249e-03 2.6 0.00e+00 0.0 0.0e+00 0.0e+00 0.0e+00  0  0  0  0  0   1  0  0  0  0     0       0      0 0.00e+00    0 0.00e+00  0
SFBcastBegin           4 1.0 8.6599e-03 5.2 0.00e+00 0.0 1.8e+02 1.8e+05 0.0e+00  0  0  0  5  0   2  0  9 50  0     0       0      0 0.00e+00    0 0.00e+00  0
SFBcastEnd             4 1.0 4.3796e-02 24.9 0.00e+00 0.0 0.0e+00 0.0e+00 0.0e+00  0  0  0  0  0  15  0  0  0  0     0       0      0 0.00e+00    0 0.00e+00  0
SFReduceBegin          4 1.0 2.4008e-03 10.8 0.00e+00 0.0 1.2e+02 1.9e+05 0.0e+00  0  0  0  4  0   0  0  6 37  0     0       0      0 0.00e+00    0 0.00e+00  0
SFReduceEnd            4 1.0 5.2571e-02 21.2 0.00e+00 0.0 0.0e+00 0.0e+00 0.0e+00  1  0  0  0  0  17  0  0  0  0     0       0      0 0.00e+00    0 0.00e+00  0
SFPack                48 1.0 1.4457e-04 1.4 0.00e+00 0.0 0.0e+00 0.0e+00 0.0e+00  0  0  0  0  0   0  0  0  0  0     0       0      0 0.00e+00    0 0.00e+00  0
SFUnpack              48 1.0 8.3330e-06 1.4 0.00e+00 0.0 0.0e+00 0.0e+00 0.0e+00  0  0  0  0  0   0  0  0  0  0     0       0      0 0.00e+00    0 0.00e+00  0

--- Event Stage 4: 2nd Solve

MatMult              687 1.0 6.2669e-02 1.1 2.64e+09 1.0 2.5e+04 4.9e+03 0.0e+00  1 26 22 18  0  45 84 77 95  0 333353       0      0 0.00e+00    0 0.00e+00 100
MatMultAdd           120 1.0 9.0622e-03 1.1 1.59e+08 1.0 3.7e+03 9.4e+02 0.0e+00  0  2  3  1  0   6  5 11  3  0 139936       0      0 0.00e+00    0 0.00e+00 100
MatMultTranspose     120 1.0 1.5591e-02 1.2 1.59e+08 1.0 3.7e+03 9.4e+02 0.0e+00  0  2  3  1  0  10  5 11  3  0 81367       0      0 0.00e+00    0 0.00e+00 100
MatResidual          120 1.0 1.4348e-02 1.1 5.50e+08 1.0 5.5e+03 4.7e+03 0.0e+00  0  5  5  4  0  10 17 17 20  0 302912       0      0 0.00e+00    0 0.00e+00 100
KSPSolve               1 1.0 1.3587e-01 1.0 3.14e+09 1.0 3.2e+04 4.0e+03 0.0e+00  2 31 29 19  0 100 100 100 100  0 183111       0      0 0.00e+00    0 0.00e+00 100
PCApply               30 1.0 1.2143e-01 1.0 2.64e+09 1.0 3.0e+04 3.6e+03 0.0e+00  2 26 27 17  0  89 84 95 86  0 172021       0      0 0.00e+00    0 0.00e+00 100
VecTDot              476 1.0 3.2555e-02 1.2 1.22e+07 1.0 0.0e+00 0.0e+00 0.0e+00  1  0  0  0  0  22  0  0  0  0  2996       0      0 0.00e+00    0 0.00e+00 100
VecNorm              238 1.0 1.3424e-02 1.4 6.10e+06 1.0 0.0e+00 0.0e+00 0.0e+00  0  0  0  0  0   9  0  0  0  0  3632       0      0 0.00e+00    0 0.00e+00 100
VecCopy              422 1.0 2.1221e-03 1.5 0.00e+00 0.0 0.0e+00 0.0e+00 0.0e+00  0  0  0  0  0   1  0  0  0  0     0       0      0 0.00e+00    0 0.00e+00  0
VecSet               151 1.0 6.3189e-04 1.5 0.00e+00 0.0 0.0e+00 0.0e+00 0.0e+00  0  0  0  0  0   0  0  0  0  0     0       0      0 0.00e+00    0 0.00e+00  0
VecAXPY              414 1.0 1.6243e-03 3.2 1.18e+07 1.0 0.0e+00 0.0e+00 0.0e+00  0  0  0  0  0   0  0  0  0  0 58102       0      0 0.00e+00    0 0.00e+00 100
VecAYPX              896 1.0 3.4770e-03 1.4 4.29e+07 1.0 0.0e+00 0.0e+00 0.0e+00  0  0  0  0  0   2  1  0  0  0 98465       0      0 0.00e+00    0 0.00e+00 100
VecAXPBYCZ           240 1.0 1.0125e-03 1.3 3.10e+07 1.0 0.0e+00 0.0e+00 0.0e+00  0  0  0  0  0   1  1  0  0  0 244228       0      0 0.00e+00    0 0.00e+00 100
VecPointwiseMult     207 1.0 8.9335e-04 4.4 1.24e+03 0.0 0.0e+00 0.0e+00 0.0e+00  0  0  0  0  0   0  0  0  0  0     1       0      0 0.00e+00    0 0.00e+00 100
VecScatterBegin      927 1.0 6.3589e-02 1.7 0.00e+00 0.0 3.2e+04 4.0e+03 0.0e+00  1  0 29 19  0  33  0 100 100  0     0       0      0 0.00e+00    0 0.00e+00  0
VecScatterEnd        927 1.0 4.0895e-02 3.1 6.25e+04 1.4 0.0e+00 0.0e+00 0.0e+00  1  0  0  0  0  23  0  0  0  0    11       0      0 0.00e+00    0 0.00e+00 100
SFPack               927 1.0 2.6301e-03 1.7 0.00e+00 0.0 0.0e+00 0.0e+00 0.0e+00  0  0  0  0  0   1  0  0  0  0     0       0      0 0.00e+00    0 0.00e+00  0
SFUnpack             927 1.0 6.7554e-04 1.7 6.25e+04 1.4 0.0e+00 0.0e+00 0.0e+00  0  0  0  0  0   0  0  0  0  0   637       0      0 0.00e+00    0 0.00e+00 100

--- Event Stage 5: 3rd Setup


--- Event Stage 6: 3rd Solve

MatMult              687 1.0 6.3669e-02 1.1 2.64e+09 1.0 2.5e+04 4.9e+03 0.0e+00  1 26 22 18  0  45 84 77 95  0 328118       0      0 0.00e+00    0 0.00e+00 100
MatMultAdd           120 1.0 9.1517e-03 1.1 1.59e+08 1.0 3.7e+03 9.4e+02 0.0e+00  0  2  3  1  0   6  5 11  3  0 138567       0      0 0.00e+00    0 0.00e+00 100
MatMultTranspose     120 1.0 1.5399e-02 1.2 1.59e+08 1.0 3.7e+03 9.4e+02 0.0e+00  0  2  3  1  0  10  5 11  3  0 82381       0      0 0.00e+00    0 0.00e+00 100
MatScale               1 1.0 9.6790e-06 1.2 7.72e+06 1.0 0.0e+00 0.0e+00 0.0e+00  0  0  0  0  0   0  0  0  0  0 6377828       0      0 0.00e+00    0 0.00e+00 100
MatResidual          120 1.0 1.4321e-02 1.1 5.50e+08 1.0 5.5e+03 4.7e+03 0.0e+00  0  5  5  4  0  10 17 17 20  0 303495       0      0 0.00e+00    0 0.00e+00 100
KSPSolve               1 1.0 1.3678e-01 1.0 3.14e+09 1.0 3.2e+04 4.0e+03 0.0e+00  2 31 29 19  0 100 100 100 100  0 181894       0      0 0.00e+00    0 0.00e+00 100
PCApply               30 1.0 1.2237e-01 1.0 2.64e+09 1.0 3.0e+04 3.6e+03 0.0e+00  2 26 27 17  0  89 84 95 86  0 170703       0      0 0.00e+00    0 0.00e+00 100
VecTDot              476 1.0 3.2307e-02 1.2 1.22e+07 1.0 0.0e+00 0.0e+00 0.0e+00  1  0  0  0  0  22  0  0  0  0  3019       0      0 0.00e+00    0 0.00e+00 100
VecNorm              238 1.0 1.3453e-02 1.4 6.10e+06 1.0 0.0e+00 0.0e+00 0.0e+00  0  0  0  0  0   9  0  0  0  0  3624       0      0 0.00e+00    0 0.00e+00 100
VecCopy              422 1.0 2.1436e-03 1.5 0.00e+00 0.0 0.0e+00 0.0e+00 0.0e+00  0  0  0  0  0   1  0  0  0  0     0       0      0 0.00e+00    0 0.00e+00  0
VecSet               151 1.0 6.3537e-04 1.5 0.00e+00 0.0 0.0e+00 0.0e+00 0.0e+00  0  0  0  0  0   0  0  0  0  0     0       0      0 0.00e+00    0 0.00e+00  0
VecAXPY              414 1.0 1.6302e-03 3.2 1.18e+07 1.0 0.0e+00 0.0e+00 0.0e+00  0  0  0  0  0   0  0  0  0  0 57892       0      0 0.00e+00    0 0.00e+00 100
VecAYPX              896 1.0 3.5603e-03 1.4 4.29e+07 1.0 0.0e+00 0.0e+00 0.0e+00  0  0  0  0  0   2  1  0  0  0 96162       0      0 0.00e+00    0 0.00e+00 100
VecAXPBYCZ           240 1.0 1.0117e-03 1.3 3.10e+07 1.0 0.0e+00 0.0e+00 0.0e+00  0  0  0  0  0   1  1  0  0  0 244428       0      0 0.00e+00    0 0.00e+00 100
VecPointwiseMult     207 1.0 8.8428e-04 4.4 1.24e+03 0.0 0.0e+00 0.0e+00 0.0e+00  0  0  0  0  0   0  0  0  0  0     1       0      0 0.00e+00    0 0.00e+00 100
VecScatterBegin      927 1.0 6.3314e-02 1.7 0.00e+00 0.0 3.2e+04 4.0e+03 0.0e+00  1  0 29 19  0  33  0 100 100  0     0       0      0 0.00e+00    0 0.00e+00  0
VecScatterEnd        927 1.0 4.0553e-02 3.0 6.25e+04 1.4 0.0e+00 0.0e+00 0.0e+00  1  0  0  0  0  23  0  0  0  0    11       0      0 0.00e+00    0 0.00e+00 100
SFPack               927 1.0 2.6582e-03 1.7 0.00e+00 0.0 0.0e+00 0.0e+00 0.0e+00  0  0  0  0  0   1  0  0  0  0     0       0      0 0.00e+00    0 0.00e+00  0
SFUnpack             927 1.0 6.8252e-04 1.7 6.25e+04 1.4 0.0e+00 0.0e+00 0.0e+00  0  0  0  0  0   0  0  0  0  0   631       0      0 0.00e+00    0 0.00e+00 100
---------------------------------------------------------------------------------------------------------------------------------------------------------------

Object Type          Creations   Destructions. Reports information only for process 0.

--- Event Stage 0: Main Stage

           Container     4              4
       Krylov Solver     1             10
              Matrix     3             41
      Matrix Coarsen     0              1
   Matrix Null Space     1              1
      Preconditioner     1              6
              Viewer     1              1
  PetscDeviceContext     1              0
              Vector    12             67
           Index Set     2              8
   Star Forest Graph     1             29
    Distributed Mesh     0              4
     Discrete System     0              4
           Weak Form     0              4

--- Event Stage 1: Setup

           Container     3              3
       Krylov Solver    13              4
              Matrix    98             60
      Matrix Coarsen     4              3
      Preconditioner    13              8
              Vector   290            236
           Index Set    85             79
   Star Forest Graph    54             34
         PetscRandom     4              4

--- Event Stage 2: Solve

              Vector     1              0
   Star Forest Graph     8              0
    Distributed Mesh     4              0
     Discrete System     4              0
           Weak Form     4              0

--- Event Stage 3: 2nd Setup

              Vector    12             12

--- Event Stage 4: 2nd Solve


--- Event Stage 5: 3rd Setup


--- Event Stage 6: 3rd Solve

========================================================================================================================
Average time to get PetscTime(): 3.21e-08
Average time for MPI_Barrier(): 1.50692e-05
Average time for zero size MPI_Send(): 1.7187e-05
#PETSc Option Table entries:
-alpha 1.e-3 # (source: command line)
-ksp_converged_reason # (source: command line)
-ksp_norm_type unpreconditioned # (source: command line)
-ksp_rtol 1e-6 # (source: command line)
-ksp_type cg # (source: command line)
-log_view # (source: command line)
-mat_type aijkokkos # (source: command line)
-mg_coarse_ksp_type cg # (source: command line)
-mg_coarse_pc_type jacobi # (source: command line)
-mg_levels_ksp_type chebyshev # (source: command line)
-mg_levels_pc_type pbjacobi # (source: command line)
-ne 63 # (source: command line)
-pc_gamg_agg_nsmooths 1 # (source: command line)
-pc_gamg_coarse_eq_limit 20 # (source: command line)
-pc_gamg_parallel_coarse_grid_solver # (source: command line)
-pc_gamg_reuse_interpolation true # (source: command line)
-pc_gamg_type agg # (source: command line)
-pc_type gamg # (source: command line)
-two_solves # (source: command line)
-use_mat_nearnullspace # (source: command line)
#End of PETSc Option Table entries
Compiled without FORTRAN kernels
Compiled with full precision matrices (default)
sizeof(short) 2 sizeof(int) 4 sizeof(long) 8 sizeof(void*) 8 sizeof(PetscScalar) 8 sizeof(PetscInt) 4
Configure options: --with-kokkos-dir=/global/homes/m/madams/petsc/arch-perlmutter-opt-gcc-kokkos-cuda-notpl --with-kokkos-kernels-dir=/global/homes/m/madams/petsc/arch-perlmutter-opt-gcc-kokkos-cuda-notpl --with-triangle-dir=/global/homes/m/madams/petsc/arch-perlmutter-opt-gcc-kokkos-cuda-notpl --with-batch=0 --with-cc=cc --with-cxx=CC --with-fc=0 --with-debugging=0 --with-cuda=1 --with-cuda-arch=80 --with-kokkos-kernels-tpl=0 --with-make-np=8 --with-mpiexec=srun -G4 --gpu-bind=none PETSC_ARCH=arch-perlmutter-opt-gcc-kokkos-cuda-notpl
-----------------------------------------
Libraries compiled on 2026-06-22 14:37:25 on login21
Machine characteristics: Linux-6.4.0-150600.23.103_15.0.24-cray_shasta_c-x86_64-with-glibc2.3.4
Using PETSc directory: /global/u2/m/madams/petsc
Using PETSc arch: arch-perlmutter-opt-gcc-kokkos-cuda-notpl
-----------------------------------------

Using C compiler: cc  -fPIC -Wall -Wwrite-strings -Wno-unknown-pragmas -Wno-lto-type-mismatch -Wno-stringop-overflow -fstack-protector -fvisibility=hidden -g -O 
-----------------------------------------

Using include paths: -I/global/u2/m/madams/petsc/include -I/global/u2/m/madams/petsc/arch-perlmutter-opt-gcc-kokkos-cuda-notpl/include -I/global/homes/m/madams/petsc/arch-perlmutter-opt-gcc-kokkos-cuda-notpl/include -I/opt/nvidia/hpc_sdk/Linux_x86_64/25.5/cuda/12.9/include -I/opt/nvidia/hpc_sdk/Linux_x86_64/25.5/math_libs/12.9/include
-----------------------------------------

Using C linker: cc
Using libraries: -Wl,-rpath,/global/u2/m/madams/petsc/arch-perlmutter-opt-gcc-kokkos-cuda-notpl/lib -L/global/u2/m/madams/petsc/arch-perlmutter-opt-gcc-kokkos-cuda-notpl/lib -lpetsc -Wl,-rpath,/global/homes/m/madams/petsc/arch-perlmutter-opt-gcc-kokkos-cuda-notpl/lib -L/global/homes/m/madams/petsc/arch-perlmutter-opt-gcc-kokkos-cuda-notpl/lib -Wl,-rpath,/opt/nvidia/hpc_sdk/Linux_x86_64/25.5/cuda/12.9/lib64 -L/opt/nvidia/hpc_sdk/Linux_x86_64/25.5/cuda/12.9/lib64 -Wl,-rpath,/opt/nvidia/hpc_sdk/Linux_x86_64/25.5/math_libs/12.9/lib64 -L/opt/nvidia/hpc_sdk/Linux_x86_64/25.5/math_libs/12.9/lib64 -L/opt/nvidia/hpc_sdk/Linux_x86_64/25.5/cuda/12.9/lib64/stubs -lkokkoskernels -lkokkoscontainers -lkokkoscore -lkokkossimd -ltriangle -lcudart -lnvtx3interop -lcufft -lcublas -lcusparse -lcusolver -lcurand -lcuda -lnvidia-ml -lX11 -lstdc++ -lquadmath
-----------------------------------------

  Linear solve converged due to CONVERGED_RTOL iterations 30
  Linear solve converged due to CONVERGED_RTOL iterations 30
  Linear solve converged due to CONVERGED_RTOL iterations 30
[0]main |b-Ax|/|b|=7.613408e-07, |b|=2.222509e+00, emax=9.989586e-01
****************************************************************************************************************************************************************
***                                WIDEN YOUR WINDOW TO 160 CHARACTERS.  Use 'enscript -r -fCourier9' to print this document                                 ***
****************************************************************************************************************************************************************

------------------------------------------------------------------ PETSc Performance Summary: ------------------------------------------------------------------



      ##########################################################
      #                                                        #
      #                       WARNING!!!                       #
      #                                                        #
      #   This code was run with -log_view_gpu_time            #
      #   This provides accurate timing within the GPU kernels #
      #   but can slow down the entire computation by a        #
      #   measurable amount. For fastest runs we recommend     #
      #   not using this option.                               #
      #                                                        #
      ##########################################################


/global/homes/m/madams/petsc/arch-perlmutter-opt-gcc-kokkos-cuda-notpl/tests/ksp/ksp/tutorials/ex56 on a arch-perlmutter-opt-gcc-kokkos-cuda-notpl named nid001161 with 8 processes and CUDA architecture 80, by madams on Mon Jun 22 07:46:50 2026
Using PETSc Development Git Revision: v3.25.2-340-g83d2bd4a8b4 Git Date: 2026-06-21 14:23:19 -0400

                         Max       Max/Min     Avg       Total
Time (sec):           5.493e+00     1.000   5.493e+00
Objects:              0.000e+00     0.000   0.000e+00
Flops:                1.007e+10     1.020   9.974e+09  7.979e+10
Flops/sec:            1.833e+09     1.020   1.816e+09  1.453e+10
MPI Msg Count:        1.680e+04     1.274   1.394e+04  1.116e+05
MPI Msg Len (bytes):  8.464e+07     1.039   5.957e+03  6.645e+08
MPI Reductions:       1.380e+02     1.000

Flop counting convention: 1 flop = 1 real number operation of type (multiply/divide/add/subtract)
                            e.g., VecAXPY() for real vectors of length N --> 2N flops
                            and VecAXPY() for complex vectors of length N --> 8N flops

Summary of Stages:   ----- Time ------  ----- Flop ------  --- Messages ---  -- Message Lengths --  -- Reductions --
                        Avg     %Total     Avg     %Total    Count   %Total     Avg         %Total    Count   %Total
 0:      Main Stage: 9.3774e-01  17.1%  2.5385e+08   0.3%  2.630e+02   0.2%  1.234e+05        4.9%  9.000e+00   6.5%
 1:           Setup: 3.6114e+00  65.7%  3.1816e+09   4.0%  1.293e+04  11.6%  1.419e+04       27.6%  1.120e+02  81.2%
 2:           Solve: 3.2782e-01   6.0%  2.4879e+10  31.2%  3.208e+04  28.8%  3.991e+03       19.3%  0.000e+00   0.0%
 3:       2nd Setup: 1.9278e-01   3.5%  1.6548e+09   2.1%  2.124e+03   1.9%  3.038e+04        9.7%  0.000e+00   0.0%
 4:       2nd Solve: 2.1047e-01   3.8%  2.4879e+10  31.2%  3.208e+04  28.8%  3.991e+03       19.3%  0.000e+00   0.0%
 5:       3rd Setup: 2.7150e-07   0.0%  0.0000e+00   0.0%  0.000e+00   0.0%  0.000e+00        0.0%  0.000e+00   0.0%
 6:       3rd Solve: 2.1247e-01   3.9%  2.4941e+10  31.3%  3.208e+04  28.8%  3.991e+03       19.3%  0.000e+00   0.0%

------------------------------------------------------------------------------------------------------------------------
See the 'Profiling' chapter of the users' manual for details on interpreting output.
Phase summary info:
   Count: number of times phase was executed
   Time and Flop: Max - maximum over all processes
                  Ratio - ratio of maximum to minimum over all processes
   Mess: number of messages sent
   AvgLen: average message length (bytes)
   Reduct: number of global reductions
   Global: entire computation
   Stage: stages of a computation. Set stages with PetscLogStagePush() and PetscLogStagePop().
      %T - percent time in this phase         %F - percent flop in this phase
      %M - percent messages in this phase     %L - percent message lengths in this phase
      %R - percent reductions in this phase
   Total Mflop/s: 1e-6 * (sum of flop over all processes)/(max time over all processes)
   GPU Mflop/s: 1e-6 * (sum of flop on GPU over all processes)/(max GPU time over all processes)
   CpuToGpu Count: total number of CPU to GPU copies per processor
   CpuToGpu Size (Mbytes): 1e-6 * (total size of CPU to GPU copies per processor)
   GpuToCpu Count: total number of GPU to CPU copies per processor
   GpuToCpu Size (Mbytes): 1e-6 * (total size of GPU to CPU copies per processor)
   GPU %F: percent flops on GPU in this event
------------------------------------------------------------------------------------------------------------------------
Event                Count      Time (sec)     Flop                              --- Global ---  --- Stage ----  Total   GPU    - CpuToGpu -   - GpuToCpu - GPU
                   Max Ratio  Max     Ratio   Max  Ratio  Mess   AvgLen  Reduct  %T %F %M %L %R  %T %F %M %L %R Mflop/s Mflop/s Count   Size   Count   Size  %F
---------------------------------------------------------------------------------------------------------------------------------------------------------------

--- Event Stage 0: Main Stage

BuildTwoSided          3 1.0 6.3083e-02 149.9 0.00e+00 0.0 9.4e+01 5.6e+00 0.0e+00  1  0  0  0  0   3  0 36  0  0     0       0      0 0.00e+00    0 0.00e+00  0
BuildTwoSidedF         2 1.0 6.5966e-02 115.9 0.00e+00 0.0 9.5e+01 3.3e+05 0.0e+00  1  0  0  5  0   3  0 36 97  0     0       0      0 0.00e+00    0 0.00e+00  0
MatMult                1 1.0 2.6712e-04 1.1 1.54e+07 1.0 5.6e+01 1.1e+04 0.0e+00  0  0  0  0  0   0 49 21  2  0 462202   851509      0 0.00e+00    0 0.00e+00 100
MatAssemblyBegin       1 1.0 6.5370e-02 1.4 0.00e+00 0.0 3.8e+01 8.2e+05 0.0e+00  1  0  0  5  0   6  0 14 96  0     0       0      0 0.00e+00    0 0.00e+00  0
MatAssemblyEnd         1 1.0 4.1197e-02 1.1 2.46e+05 0.0 1.1e+02 2.7e+03 1.0e+00  1  0  0  0  1   4  0 43  1 11    24       0      0 0.00e+00    0 0.00e+00  0
DCtxCreate             1 1.0 4.7982e-05 1.8 0.00e+00 0.0 0.0e+00 0.0e+00 0.0e+00  0  0  0  0  0   0  0  0  0  0     0       0      0 0.00e+00    0 0.00e+00  0
DCtxDestroy            1 1.0 2.2534e-05 1.1 0.00e+00 0.0 0.0e+00 0.0e+00 0.0e+00  0  0  0  0  0   0  0  0  0  0     0       0      0 0.00e+00    0 0.00e+00  0
DCtxSetUp              1 1.0 8.8570e-06 1.2 0.00e+00 0.0 0.0e+00 0.0e+00 0.0e+00  0  0  0  0  0   0  0  0  0  0     0       0      0 0.00e+00    0 0.00e+00  0
DCtxSetDevice          1 1.0 1.4618e-05 1.2 0.00e+00 0.0 0.0e+00 0.0e+00 0.0e+00  0  0  0  0  0   0  0  0  0  0     0       0      0 0.00e+00    0 0.00e+00  0
VecMDot                3 1.0 9.2200e-04 1.4 2.36e+06 1.0 0.0e+00 0.0e+00 0.0e+00  0  0  0  0  0   0  7  0  0  0 20471       0      0 0.00e+00    0 0.00e+00  0
VecNorm                5 1.0 3.7079e-04 1.4 9.83e+05 1.0 0.0e+00 0.0e+00 0.0e+00  0  0  0  0  0   0  3  0  0  0 21210   67285      0 0.00e+00    0 0.00e+00 40
VecScale               3 1.0 5.5257e-05 1.1 2.95e+05 1.0 0.0e+00 0.0e+00 0.0e+00  0  0  0  0  0   0  1  0  0  0 42697       0      0 0.00e+00    0 0.00e+00  0
VecAXPY                1 1.0 6.6558e-05 1.4 1.97e+05 1.0 0.0e+00 0.0e+00 0.0e+00  0  0  0  0  0   0  1  0  0  0 23631   28297      0 0.00e+00    0 0.00e+00 100
VecMAXPY               3 1.0 3.5313e-04 1.3 2.36e+06 1.0 0.0e+00 0.0e+00 0.0e+00  0  0  0  0  0   0  7  0  0  0 53448       0      0 0.00e+00    0 0.00e+00  0
VecAssemblyBegin       1 1.0 6.8290e-04 1.1 0.00e+00 0.0 5.7e+01 6.1e+03 0.0e+00  0  0  0  0  0   0  0 22  1  0     0       0      0 0.00e+00    0 0.00e+00  0
VecAssemblyEnd         1 1.0 1.0481e-04 5.2 0.00e+00 0.0 0.0e+00 0.0e+00 0.0e+00  0  0  0  0  0   0  0  0  0  0     0       0      0 0.00e+00    0 0.00e+00  0
VecScatterBegin        1 1.0 8.4363e-05 1.7 0.00e+00 0.0 5.6e+01 1.1e+04 0.0e+00  0  0  0  0  0   0  0 21  2  0     0       0      0 0.00e+00    0 0.00e+00  0
VecScatterEnd          1 1.0 4.4736e-05 7.3 0.00e+00 0.0 0.0e+00 0.0e+00 0.0e+00  0  0  0  0  0   0  0  0  0  0     0       0      0 0.00e+00    0 0.00e+00  0
VecNormalize           3 1.0 2.8344e-04 1.5 8.85e+05 1.0 0.0e+00 0.0e+00 0.0e+00  0  0  0  0  0   0  3  0  0  0 24972       0      0 0.00e+00    0 0.00e+00  0
SFSetGraph             1 1.0 8.4724e-05 1.2 0.00e+00 0.0 0.0e+00 0.0e+00 0.0e+00  0  0  0  0  0   0  0  0  0  0     0       0      0 0.00e+00    0 0.00e+00  0
SFSetUp                1 1.0 5.4101e-04 1.2 0.00e+00 0.0 1.1e+02 2.7e+03 0.0e+00  0  0  0  0  0   0  0 43  1  0     0       0      0 0.00e+00    0 0.00e+00  0
SFPack                 1 1.0 5.6110e-06 1.1 0.00e+00 0.0 0.0e+00 0.0e+00 0.0e+00  0  0  0  0  0   0  0  0  0  0     0       0      0 0.00e+00    0 0.00e+00  0
SFUnpack               1 1.0 1.8000e-07 1.3 0.00e+00 0.0 0.0e+00 0.0e+00 0.0e+00  0  0  0  0  0   0  0  0  0  0     0       0      0 0.00e+00    0 0.00e+00  0

--- Event Stage 1: Setup

BuildTwoSided        207 1.0 1.0201e-01 4.9 0.00e+00 0.0 1.7e+03 4.0e+00 0.0e+00  1  0  2  0  0   2  0 13  0  0     0       0      0 0.00e+00    0 0.00e+00  0
BuildTwoSidedF       153 1.0 9.0057e-02 10.2 0.00e+00 0.0 2.7e+02 7.7e+03 0.0e+00  1  0  0  0  0   2  0  2  1  0     0       0      0 0.00e+00    0 0.00e+00  0
MatMult               80 1.0 1.8827e-02 1.1 3.63e+08 1.0 3.6e+03 4.7e+03 0.0e+00  0  4  3  3  0   1 90 28  9  0 152149   532386      4 1.94e+00    0 0.00e+00 100
MatScale              12 1.0 1.5948e-02 1.1 7.09e+06 1.0 1.7e+02 1.4e+03 0.0e+00  0  0  0  0  0   0  2  1  0  0  3545   70616     11 5.41e-01    0 0.00e+00 100
MatAssemblyBegin      64 1.0 1.6283e-02 3.9 0.00e+00 0.0 2.7e+02 7.7e+03 0.0e+00  0  0  0  0  0   0  0  2  1  0     0       0      0 0.00e+00    0 0.00e+00  0
MatAssemblyEnd        64 1.0 6.2884e-02 1.3 0.00e+00 0.0 1.7e+03 3.7e+02 3.2e+01  1  0  2  0 23   2  0 13  0 29     0       0      0 0.00e+00    0 0.00e+00  0
MatSetValues      142306 1.0 3.7599e-01 1.0 6.20e+05 1.0 0.0e+00 0.0e+00 0.0e+00  7  0  0  0  0  10  0  0  0  0    13       0      0 0.00e+00    6 2.11e+01  0
MatGetValues       33610 1.0 6.9132e-02 1.0 0.00e+00 0.0 0.0e+00 0.0e+00 0.0e+00  1  0  0  0  0   2  0  0  0  0     0       0      0 0.00e+00    0 0.00e+00  0
MatGetRow         480713 1.0 9.5206e-01 1.0 0.00e+00 0.0 0.0e+00 0.0e+00 0.0e+00 17  0  0  0  0  26  0  0  0  0     0       0      0 0.00e+00   11 1.70e+01  0
MatCreateSubMat        2 1.0 3.2025e-03 1.0 0.00e+00 0.0 3.0e+01 9.7e+01 1.0e+01  0  0  0  0  7   0  0  0  0  9     0       0      0 0.00e+00    2 0.00e+00  0
MatCoarsen             4 1.0 1.6558e-02 1.1 0.00e+00 0.0 1.7e+03 9.7e+02 2.7e+01  0  0  1  0 20   0  0 13  1 24     0       0      3 5.88e-03    0 0.00e+00  0
MatAXPY                4 1.0 7.1347e-01 1.0 6.20e+05 1.0 0.0e+00 0.0e+00 0.0e+00 13  0  0  0  0  19  0  0  0  0     7       0      0 0.00e+00    6 2.11e+01  0
MatTranspose           3 1.0 3.8125e-03 1.0 0.00e+00 0.0 2.2e+02 4.4e+01 9.0e+00  0  0  0  0  7   0  0  2  0  8     0       0      3 5.88e-03    0 0.00e+00  0
MatMatMultSym          4 1.0 7.9402e-02 1.0 0.00e+00 0.0 1.4e+03 7.5e+03 1.2e+01  1  0  1  2  9   2  0 11  6 11     0       0      8 4.95e+00    0 0.00e+00  0
MatMatMultNum          4 1.0 1.0930e-06 1.8 0.00e+00 0.0 0.0e+00 0.0e+00 0.0e+00  0  0  0  0  0   0  0  0  0  0     0       0      0 0.00e+00    0 0.00e+00  0
MatPtAPSymbolic        4 1.0 4.6223e-01 1.1 0.00e+00 0.0 2.4e+03 4.8e+04 2.4e+01  8  0  2 17 17  12  0 18 61 21     0       0      8 2.11e+01    0 0.00e+00  0
MatPtAPNumeric         4 1.0 1.2530e-06 1.7 0.00e+00 0.0 0.0e+00 0.0e+00 0.0e+00  0  0  0  0  0   0  0  0  0  0     0       0      0 0.00e+00    0 0.00e+00  0
MatTrnMatMultSym       1 1.0 7.1662e-02 1.1 0.00e+00 0.0 4.5e+02 6.4e+04 3.0e+00  1  0  0  4  2   2  0  3 16  3     0       0      0 0.00e+00    0 0.00e+00  0
MatCreateGraph         4 1.0 6.1028e-01 1.0 1.79e+06 1.0 5.1e+02 7.2e+02 1.2e+01 11  0  0  0  9  17  0  4  0 11    23    7282     15 7.40e+00    8 1.02e+01 100
KSPSetUp               1 1.0 1.9561e-03 2.9 0.00e+00 0.0 0.0e+00 0.0e+00 0.0e+00  0  0  0  0  0   0  0  0  0  0     0       0      0 0.00e+00    0 0.00e+00  0
PCSetUp_GAMG+          1 1.0 3.6107e+00 1.0 4.02e+08 1.0 1.3e+04 1.4e+04 1.1e+02 66  4 12 28 81 100 100 100 100 100   881   190490     82 1.02e+02   47 3.96e+01 100
 PCGAMGCreateG         4 1.0 6.1028e-01 1.0 1.79e+06 1.0 5.1e+02 7.2e+02 1.2e+01 11  0  0  0  9  17  0  4  0 11    23    7282     15 7.40e+00    8 1.02e+01 100
 GAMG Coarsen          8 1.0 4.4521e-01 1.0 0.00e+00 0.0 2.4e+03 1.4e+04 3.0e+01  8  0  2  5 22  12  0 18 18 27     0       0      8 1.05e+00   12 7.37e+00  0
  GAMG MIS/Agg         4 1.0 9.0269e-02 1.1 0.00e+00 0.0 2.1e+03 1.4e+04 3.0e+01  2  0  2  5 22   2  0 16 17 27     0       0      3 5.88e-03    0 0.00e+00  0
 PCGAMGProl            4 1.0 1.1791e+00 1.0 0.00e+00 0.0 2.5e+03 4.0e+03 1.2e+01 21  0  2  2  9  33  0 20  6 11     0       0     38 5.97e+00   19 9.93e-01  0
  GAMG Prol-col        4 1.0 1.1547e+00 1.0 0.00e+00 0.0 2.2e+03 3.6e+03 0.0e+00 21  0  2  1  0  32  0 17  4  0     0       0     38 5.97e+00   19 9.93e-01  0
  GAMG Prol-lift       4 1.0 2.2961e-02 1.0 0.00e+00 0.0 2.8e+02 7.4e+03 4.0e+00  0  0  0  0  3   1  0  2  1  4     0       0      0 0.00e+00    0 0.00e+00  0
 PCGAMGOptProl         4 1.0 8.2674e-01 1.0 1.99e+08 1.0 3.3e+03 5.9e+03 1.2e+01 15  2  3  3  9  23 49 25 11 11  1904   197826     13 6.67e+01    6 2.11e+01 100
  GAMG smooth          4 1.0 7.9588e-01 1.0 5.92e+06 1.0 1.4e+03 7.5e+03 1.2e+01 14  0  1  2  9  22  1 11  6 11    59   85989      8 4.95e+00    6 2.11e+01 90
 PCGAMGCreateL         4 1.0 4.6867e-01 1.1 0.00e+00 0.0 2.4e+03 4.6e+04 4.6e+01  8  0  2 17 33  13  0 19 61 41     0       0      8 2.11e+01    2 0.00e+00  0
  GAMG PtAP            4 1.0 4.6228e-01 1.1 0.00e+00 0.0 2.4e+03 4.8e+04 2.4e+01  8  0  2 17 17  12  0 18 61 21     0       0      8 2.11e+01    0 0.00e+00  0
  GAMG Reduce          2 1.0 8.3082e-02 1.0 0.00e+00 0.0 6.7e+02 1.7e+04 3.4e+01  2  0  1  2 25   2  0  5  6 30     0       0      4 1.37e-01    2 0.00e+00  0
PCGAMG Squ l00         1 1.0 7.1667e-02 1.1 0.00e+00 0.0 4.5e+02 6.4e+04 3.0e+00  1  0  0  4  2   2  0  3 16  3     0       0      0 0.00e+00    0 0.00e+00  0
PCGAMG Gal l00         1 1.0 1.7346e-01 1.1 0.00e+00 0.0 8.6e+02 7.1e+04 6.0e+00  3  0  1  9  4   4  0  7 34  5     0       0      2 1.92e+01    0 0.00e+00  0
PCGAMG Opt l00         1 1.0 3.5057e-02 1.0 0.00e+00 0.0 4.4e+02 1.7e+04 3.0e+00  1  0  0  1  2   1  0  3  4  3     0       0      2 4.72e+00    0 0.00e+00  0
PCGAMG Gal l01         1 1.0 2.1234e-01 1.0 0.00e+00 0.0 9.0e+02 4.4e+04 6.0e+00  4  0  1  6  4   6  0  7 21  5     0       0      2 1.79e+00    0 0.00e+00  0
PCGAMG Opt l01         1 1.0 2.2808e-02 1.0 0.00e+00 0.0 4.5e+02 4.6e+03 3.0e+00  0  0  0  0  2   1  0  3  1  3     0       0      2 2.11e-01    0 0.00e+00  0
PCGAMG Gal l02         1 1.0 3.1920e-02 1.0 0.00e+00 0.0 4.8e+02 2.4e+04 6.0e+00  1  0  0  2  4   1  0  4  6  5     0       0      2 1.37e-01    0 0.00e+00  0
PCGAMG Opt l02         1 1.0 1.6206e-02 1.0 0.00e+00 0.0 4.5e+02 2.2e+03 3.0e+00  0  0  0  0  2   0  0  3  1  3     0       0      2 1.52e-02    0 0.00e+00  0
PCGAMG Gal l03         1 1.0 4.4689e-02 1.0 0.00e+00 0.0 1.2e+02 7.2e+02 6.0e+00  1  0  0  0  4   1  0  1  0  5     0       0      2 7.20e-04    0 0.00e+00  0
PCGAMG Opt l03         1 1.0 5.3795e-03 1.0 0.00e+00 0.0 9.8e+01 8.6e+02 3.0e+00  0  0  0  0  2   0  0  1  0  3     0       0      2 7.20e-04    0 0.00e+00  0
PCSetUp                1 1.0 3.6107e+00 1.0 4.02e+08 1.0 1.3e+04 1.4e+04 1.1e+02 66  4 12 28 81 100 100 100 100 100   881   190490     82 1.02e+02   47 3.96e+01 100
VecTDot              184 1.0 1.4471e-02 1.2 9.51e+06 1.0 0.0e+00 0.0e+00 0.0e+00  0  0  0  0  0   0  2  0  0  0  5240   17629      0 0.00e+00    0 0.00e+00 100
VecNorm               44 1.0 7.3061e-03 2.2 2.27e+06 1.0 0.0e+00 0.0e+00 0.0e+00  0  0  0  0  0   0  1  0  0  0  2482   17679      0 0.00e+00    0 0.00e+00 100
VecCopy               16 1.0 4.1552e-04 1.2 0.00e+00 0.0 0.0e+00 0.0e+00 0.0e+00  0  0  0  0  0   0  0  0  0  0     0       0      0 0.00e+00    0 0.00e+00  0
VecSet                 8 1.0 1.7034e-04 1.1 0.00e+00 0.0 0.0e+00 0.0e+00 0.0e+00  0  0  0  0  0   0  0  0  0  0     0       0      0 0.00e+00    0 0.00e+00  0
VecAXPY              160 1.0 3.3895e-03 1.1 8.27e+06 1.0 0.0e+00 0.0e+00 0.0e+00  0  0  0  0  0   0  2  0  0  0 19455   37992      0 0.00e+00    0 0.00e+00 100
VecAYPX               72 1.0 1.2780e-03 1.1 3.72e+06 1.0 0.0e+00 0.0e+00 0.0e+00  0  0  0  0  0   0  1  0  0  0 23220   58111      0 0.00e+00    0 0.00e+00 100
VecAssemblyBegin     136 1.0 7.4383e-02 14.0 0.00e+00 0.0 0.0e+00 0.0e+00 0.0e+00  1  0  0  0  0   1  0  0  0  0     0       0      0 0.00e+00    0 0.00e+00  0
VecAssemblyEnd       136 1.0 1.3803e-04 1.2 0.00e+00 0.0 0.0e+00 0.0e+00 0.0e+00  0  0  0  0  0   0  0  0  0  0     0       0      0 0.00e+00    0 0.00e+00  0
VecPointwiseMult      44 1.0 8.0553e-04 1.1 1.14e+06 1.0 0.0e+00 0.0e+00 0.0e+00  0  0  0  0  0   0  0  0  0  0 11256   25263      0 0.00e+00    0 0.00e+00 100
VecReciprocal         12 1.0 1.9425e-03 1.8 0.00e+00 0.0 0.0e+00 0.0e+00 0.0e+00  0  0  0  0  0   0  0  0  0  0     0       0      0 0.00e+00    0 0.00e+00  0
VecSetValues      784962 1.0 1.3193e+00 1.1 0.00e+00 0.0 0.0e+00 0.0e+00 0.0e+00 23  0  0  0  0  35  0  0  0  0     0       0      0 0.00e+00    0 0.00e+00  0
VecScatterBegin      221 1.0 3.1076e-02 1.5 0.00e+00 0.0 6.3e+03 4.3e+03 0.0e+00  0  0  6  4  0   1  0 49 15  0     0       0     53 7.31e+00    0 0.00e+00  0
VecScatterEnd        221 1.0 1.8893e-02 2.4 0.00e+00 0.0 0.0e+00 0.0e+00 0.0e+00  0  0  0  0  0   0  0  0  0  0     0       0      0 0.00e+00    0 0.00e+00  0
SFSetGraph            54 1.0 1.5157e-04 1.1 0.00e+00 0.0 0.0e+00 0.0e+00 0.0e+00  0  0  0  0  0   0  0  0  0  0     0       0      0 0.00e+00    0 0.00e+00  0
SFSetUp               54 1.0 3.4393e-02 1.1 0.00e+00 0.0 3.2e+03 1.2e+04 0.0e+00  1  0  3  6  0   1  0 25 21  0     0       0      0 0.00e+00    0 0.00e+00  0
SFBcastBegin          43 1.0 7.2581e-02 5.8 0.00e+00 0.0 2.0e+03 2.9e+04 0.0e+00  1  0  2  9  0   1  0 15 32  0     0       0      0 0.00e+00    0 0.00e+00  0
SFBcastEnd            43 1.0 4.8892e-02 11.7 0.00e+00 0.0 0.0e+00 0.0e+00 0.0e+00  0  0  0  0  0   1  0  0  0  0     0       0      0 0.00e+00    0 0.00e+00  0
SFReduceBegin         13 1.0 8.1616e-03 2.6 0.00e+00 0.0 3.9e+02 1.5e+05 0.0e+00  0  0  0  9  0   0  0  3 31  0     0       0      0 0.00e+00    0 0.00e+00  0
SFReduceEnd           13 1.0 1.6280e-02 3.3 0.00e+00 0.0 0.0e+00 0.0e+00 0.0e+00  0  0  0  0  0   0  0  0  0  0     0       0      0 0.00e+00    0 0.00e+00  0
SFPack               277 1.0 6.2536e-03 1.2 0.00e+00 0.0 0.0e+00 0.0e+00 0.0e+00  0  0  0  0  0   0  0  0  0  0     0       0      7 1.83e-02    0 0.00e+00  0
SFUnpack             277 1.0 3.9603e-05 1.2 0.00e+00 0.0 0.0e+00 0.0e+00 0.0e+00  0  0  0  0  0   0  0  0  0  0     0       0      0 0.00e+00    0 0.00e+00  0

--- Event Stage 2: Solve

MatMult              687 1.0 1.3693e-01 1.4 2.64e+09 1.0 2.5e+04 4.9e+03 0.0e+00  2 26 22 18  0  32 84 77 95  0 152568   618805      0 2.55e-05    0 0.00e+00 100
MatMultAdd           120 1.0 1.5292e-02 1.0 1.59e+08 1.0 3.7e+03 9.4e+02 0.0e+00  0  2  3  1  0   5  5 11  3  0 82927   282824      0 0.00e+00    0 0.00e+00 100
MatMultTranspose     120 1.0 1.2262e-01 1.4 1.59e+08 1.0 3.7e+03 9.4e+02 0.0e+00  2  2  3  1  0  35  5 11  3  0 10345   252366      2 7.17e-03    0 0.00e+00 100
MatResidual          120 1.0 2.4365e-02 1.2 5.50e+08 1.0 5.5e+03 4.7e+03 0.0e+00  0  5  5  4  0   7 17 17 20  0 178378   581440      0 0.00e+00    0 0.00e+00 100
KSPSolve               1 1.0 3.2784e-01 1.0 3.14e+09 1.0 3.2e+04 4.0e+03 0.0e+00  6 31 29 19  0 100 100 100 100  0 75887   324934      2 7.20e-03    0 0.00e+00 100
PCApply               30 1.0 3.1242e-01 1.0 2.64e+09 1.0 3.0e+04 3.6e+03 0.0e+00  6 26 27 17  0  95 84 95 86  0 66861   300331      2 7.20e-03    0 0.00e+00 100
VecTDot              476 1.0 3.4836e-02 1.3 1.22e+07 1.0 0.0e+00 0.0e+00 0.0e+00  1  0  0  0  0  10  0  0  0  0  2800   10165      0 0.00e+00    0 0.00e+00 100
VecNorm              238 1.0 1.7753e-02 1.5 6.10e+06 1.0 0.0e+00 0.0e+00 0.0e+00  0  0  0  0  0   5  0  0  0  0  2747   10238      0 0.00e+00    0 0.00e+00 100
VecCopy              422 1.0 7.4318e-03 1.1 0.00e+00 0.0 0.0e+00 0.0e+00 0.0e+00  0  0  0  0  0   2  0  0  0  0     0       0      0 0.00e+00    0 0.00e+00  0
VecSet               151 1.0 2.4879e-03 1.1 0.00e+00 0.0 0.0e+00 0.0e+00 0.0e+00  0  0  0  0  0   1  0  0  0  0     0       0      0 0.00e+00    0 0.00e+00  0
VecAXPY              414 1.0 6.7902e-03 1.3 1.18e+07 1.0 0.0e+00 0.0e+00 0.0e+00  0  0  0  0  0   2  0  0  0  0 13899   36939      0 0.00e+00    0 0.00e+00 100
VecAYPX              896 1.0 1.4946e-02 1.1 4.29e+07 1.0 0.0e+00 0.0e+00 0.0e+00  0  0  0  0  0   4  1  0  0  0 22906   59247      0 0.00e+00    0 0.00e+00 100
VecAXPBYCZ           240 1.0 4.3747e-03 1.1 3.10e+07 1.0 0.0e+00 0.0e+00 0.0e+00  0  0  0  0  0   1  1  0  0  0 56527   128744      0 0.00e+00    0 0.00e+00 100
VecPointwiseMult     207 1.0 3.3437e-03 1.4 1.24e+03 0.0 0.0e+00 0.0e+00 0.0e+00  0  0  0  0  0   1  0  0  0  0     0       1      0 0.00e+00    0 0.00e+00 100
VecReciprocal          1 1.0 1.9528e-05 1.5 0.00e+00 0.0 0.0e+00 0.0e+00 0.0e+00  0  0  0  0  0   0  0  0  0  0     0       0      0 0.00e+00    0 0.00e+00  0
VecScatterBegin      927 1.0 1.0274e-01 3.1 0.00e+00 0.0 3.2e+04 4.0e+03 0.0e+00  1  0 29 19  0  19  0 100 100  0     0       0      0 2.55e-05    0 0.00e+00  0
VecScatterEnd        927 1.0 1.4381e-01 1.9 6.25e+04 1.4 0.0e+00 0.0e+00 0.0e+00  2  0  0  0  0  34  0  0  0  0     3       0      2 7.17e-03    0 0.00e+00 100
SFPack               927 1.0 2.6426e-03 1.7 0.00e+00 0.0 0.0e+00 0.0e+00 0.0e+00  0  0  0  0  0   1  0  0  0  0     0       0      0 2.55e-05    0 0.00e+00  0
SFUnpack             927 1.0 8.1825e-04 1.6 6.25e+04 1.4 0.0e+00 0.0e+00 0.0e+00  0  0  0  0  0   0  0  0  0  0   526       0      2 7.17e-03    0 0.00e+00 100

--- Event Stage 3: 2nd Setup

MatMult               40 1.0 5.8049e-03 1.1 1.81e+08 1.0 1.8e+03 4.7e+03 0.0e+00  0  2  2  1  0   3 87 86 13  0 246733   631465      0 0.00e+00    0 0.00e+00 100
MatScale               1 1.0 1.1191e-04 1.0 7.72e+06 1.0 0.0e+00 0.0e+00 0.0e+00  0  0  0  0  0   0  4  0  0  0 551633   688716      0 0.00e+00    0 0.00e+00 100
MatPtAPNumeric         4 1.0 1.7312e-01 1.1 0.00e+00 0.0 3.0e+02 1.8e+05 0.0e+00  3  0  0  8  0  84  0 14 87  0     0       0      0 0.00e+00    0 0.00e+00  0
KSPSetUp               1 1.0 2.3100e-07 1.7 0.00e+00 0.0 0.0e+00 0.0e+00 0.0e+00  0  0  0  0  0   0  0  0  0  0     0       0      0 0.00e+00    0 0.00e+00  0
PCSetUp_GAMG+          1 1.0 1.9267e-01 1.0 2.02e+08 1.0 2.1e+03 3.0e+04 0.0e+00  4  2  2 10  0 100 96 100 100  0  8268   242455      4 2.59e+00    1 6.00e-06 100
PCGAMG Gal l00         1 1.0 6.0913e-02 1.9 0.00e+00 0.0 1.1e+02 2.9e+05 0.0e+00  1  0  0  5  0  22  0  5 47  0     0       0      0 0.00e+00    0 0.00e+00  0
PCGAMG Gal l01         1 1.0 8.7667e-02 1.3 0.00e+00 0.0 1.1e+02 1.8e+05 0.0e+00  1  0  0  3  0  42  0  5 30  0     0       0      0 0.00e+00    0 0.00e+00  0
PCGAMG Gal l02         1 1.0 4.1222e-02 2.1 0.00e+00 0.0 7.0e+01 8.2e+04 0.0e+00  1  0  0  1  0  16  0  3  9  0     0       0      0 0.00e+00    0 0.00e+00  0
PCGAMG Gal l03         1 1.0 2.3441e-02 20.9 0.00e+00 0.0 1.5e+01 2.7e+03 0.0e+00  0  0  0  0  0   5  0  1  0  0     0       0      0 0.00e+00    0 0.00e+00  0
PCSetUp                1 1.0 1.9267e-01 1.0 2.02e+08 1.0 2.1e+03 3.0e+04 0.0e+00  4  2  2 10  0 100 96 100 100  0  8268   242455      4 2.59e+00    1 6.00e-06 100
VecTDot               92 1.0 6.1079e-03 1.1 4.75e+06 1.0 0.0e+00 0.0e+00 0.0e+00  0  0  0  0  0   3  2  0  0  0  6208   18675      0 0.00e+00    0 0.00e+00 100
VecNorm               44 1.0 1.9456e-02 5.9 2.27e+06 1.0 0.0e+00 0.0e+00 0.0e+00  0  0  0  0  0   7  1  0  0  0   932   20312      0 0.00e+00    0 0.00e+00 100
VecCopy                8 1.0 2.8496e-04 1.7 0.00e+00 0.0 0.0e+00 0.0e+00 0.0e+00  0  0  0  0  0   0  0  0  0  0     0       0      0 0.00e+00    0 0.00e+00  0
VecSet                 4 1.0 1.1486e-04 1.2 0.00e+00 0.0 0.0e+00 0.0e+00 0.0e+00  0  0  0  0  0   0  0  0  0  0     0       0      0 0.00e+00    0 0.00e+00  0
VecAXPY               80 1.0 1.3478e-03 1.1 4.13e+06 1.0 0.0e+00 0.0e+00 0.0e+00  0  0  0  0  0   1  2  0  0  0 24464   62973      0 0.00e+00    0 0.00e+00 100
VecAYPX               36 1.0 6.1501e-04 1.1 1.86e+06 1.0 0.0e+00 0.0e+00 0.0e+00  0  0  0  0  0   0  1  0  0  0 24125   61995      0 0.00e+00    0 0.00e+00 100
VecReciprocal          1 1.0 2.0840e-05 1.7 0.00e+00 0.0 0.0e+00 0.0e+00 0.0e+00  0  0  0  0  0   0  0  0  0  0     0       0      0 0.00e+00    0 0.00e+00  0
VecScatterBegin       40 1.0 2.2259e-03 1.6 0.00e+00 0.0 1.8e+03 4.7e+03 0.0e+00  0  0  2  1  0   1  0 86 13  0     0       0      0 0.00e+00    0 0.00e+00  0
VecScatterEnd         40 1.0 1.1684e-03 2.4 0.00e+00 0.0 0.0e+00 0.0e+00 0.0e+00  0  0  0  0  0   0  0  0  0  0     0       0      0 0.00e+00    0 0.00e+00  0
SFBcastBegin           4 1.0 1.7567e-02 10.7 0.00e+00 0.0 1.8e+02 1.8e+05 0.0e+00  0  0  0  5  0   3  0  9 50  0     0       0      0 0.00e+00    0 0.00e+00  0
SFBcastEnd             4 1.0 3.9691e-02 4.9 0.00e+00 0.0 0.0e+00 0.0e+00 0.0e+00  0  0  0  0  0  12  0  0  0  0     0       0      0 0.00e+00    0 0.00e+00  0
SFReduceBegin          4 1.0 4.0528e-03 19.7 0.00e+00 0.0 1.2e+02 1.9e+05 0.0e+00  0  0  0  4  0   0  0  6 37  0     0       0      0 0.00e+00    0 0.00e+00  0
SFReduceEnd            4 1.0 4.9135e-02 3.4 0.00e+00 0.0 0.0e+00 0.0e+00 0.0e+00  0  0  0  0  0  14  0  0  0  0     0       0      0 0.00e+00    0 0.00e+00  0
SFPack                48 1.0 1.3889e-04 1.4 0.00e+00 0.0 0.0e+00 0.0e+00 0.0e+00  0  0  0  0  0   0  0  0  0  0     0       0      0 0.00e+00    0 0.00e+00  0
SFUnpack              48 1.0 8.2490e-06 1.2 0.00e+00 0.0 0.0e+00 0.0e+00 0.0e+00  0  0  0  0  0   0  0  0  0  0     0       0      0 0.00e+00    0 0.00e+00  0

--- Event Stage 4: 2nd Solve

MatMult              687 1.0 9.4062e-02 1.1 2.64e+09 1.0 2.5e+04 4.9e+03 0.0e+00  2 26 22 18  0  43 84 77 95  0 222098   620107      0 0.00e+00    0 0.00e+00 100
MatMultAdd           120 1.0 1.4617e-02 1.0 1.59e+08 1.0 3.7e+03 9.4e+02 0.0e+00  0  2  3  1  0   7  5 11  3  0 86758   283248      0 0.00e+00    0 0.00e+00 100
MatMultTranspose     120 1.0 1.4826e-02 1.2 1.59e+08 1.0 3.7e+03 9.4e+02 0.0e+00  0  2  3  1  0   6  5 11  3  0 85561   253025      0 0.00e+00    0 0.00e+00 100
MatResidual          120 1.0 2.0056e-02 1.0 5.50e+08 1.0 5.5e+03 4.7e+03 0.0e+00  0  5  5  4  0   9 17 17 20  0 216705   586872      0 0.00e+00    0 0.00e+00 100
KSPSolve               1 1.0 2.1045e-01 1.0 3.14e+09 1.0 3.2e+04 4.0e+03 0.0e+00  4 31 29 19  0 100 100 100 100  0 118219   328307      0 0.00e+00    0 0.00e+00 100
PCApply               30 1.0 1.9545e-01 1.0 2.64e+09 1.0 3.0e+04 3.6e+03 0.0e+00  4 26 27 17  0  93 84 95 86  0 106873   302790      0 0.00e+00    0 0.00e+00 100
VecTDot              476 1.0 3.4404e-02 1.3 1.22e+07 1.0 0.0e+00 0.0e+00 0.0e+00  1  0  0  0  0  15  0  0  0  0  2835   10253      0 0.00e+00    0 0.00e+00 100
VecNorm              238 1.0 1.7166e-02 1.4 6.10e+06 1.0 0.0e+00 0.0e+00 0.0e+00  0  0  0  0  0   8  0  0  0  0  2840   10468      0 0.00e+00    0 0.00e+00 100
VecCopy              422 1.0 7.3764e-03 1.1 0.00e+00 0.0 0.0e+00 0.0e+00 0.0e+00  0  0  0  0  0   3  0  0  0  0     0       0      0 0.00e+00    0 0.00e+00  0
VecSet               151 1.0 2.4468e-03 1.1 0.00e+00 0.0 0.0e+00 0.0e+00 0.0e+00  0  0  0  0  0   1  0  0  0  0     0       0      0 0.00e+00    0 0.00e+00  0
VecAXPY              414 1.0 6.7657e-03 1.3 1.18e+07 1.0 0.0e+00 0.0e+00 0.0e+00  0  0  0  0  0   3  0  0  0  0 13949   37152      0 0.00e+00    0 0.00e+00 100
VecAYPX              896 1.0 1.4852e-02 1.1 4.29e+07 1.0 0.0e+00 0.0e+00 0.0e+00  0  0  0  0  0   7  1  0  0  0 23051   59885      0 0.00e+00    0 0.00e+00 100
VecAXPBYCZ           240 1.0 4.1099e-03 1.1 3.10e+07 1.0 0.0e+00 0.0e+00 0.0e+00  0  0  0  0  0   2  1  0  0  0 60169   149881      0 0.00e+00    0 0.00e+00 100
VecPointwiseMult     207 1.0 3.3446e-03 1.3 1.24e+03 0.0 0.0e+00 0.0e+00 0.0e+00  0  0  0  0  0   1  0  0  0  0     0       1      0 0.00e+00    0 0.00e+00 100
VecScatterBegin      927 1.0 4.8022e-02 1.9 0.00e+00 0.0 3.2e+04 4.0e+03 0.0e+00  1  0 29 19  0  15  0 100 100  0     0       0      0 0.00e+00    0 0.00e+00  0
VecScatterEnd        927 1.0 3.5291e-02 2.8 6.25e+04 1.4 0.0e+00 0.0e+00 0.0e+00  1  0  0  0  0  13  0  0  0  0    12       0      0 0.00e+00    0 0.00e+00 100
SFPack               927 1.0 2.6016e-03 1.7 0.00e+00 0.0 0.0e+00 0.0e+00 0.0e+00  0  0  0  0  0   1  0  0  0  0     0       0      0 0.00e+00    0 0.00e+00  0
SFUnpack             927 1.0 6.5749e-04 1.6 6.25e+04 1.4 0.0e+00 0.0e+00 0.0e+00  0  0  0  0  0   0  0  0  0  0   655       0      0 0.00e+00    0 0.00e+00 100

--- Event Stage 5: 3rd Setup


--- Event Stage 6: 3rd Solve

MatMult              687 1.0 9.4850e-02 1.1 2.64e+09 1.0 2.5e+04 4.9e+03 0.0e+00  2 26 22 18  0  43 84 77 95  0 220253   616690      0 0.00e+00    0 0.00e+00 100
MatMultAdd           120 1.0 1.4719e-02 1.0 1.59e+08 1.0 3.7e+03 9.4e+02 0.0e+00  0  2  3  1  0   7  5 11  3  0 86154   283157      0 0.00e+00    0 0.00e+00 100
MatMultTranspose     120 1.0 1.4614e-02 1.2 1.59e+08 1.0 3.7e+03 9.4e+02 0.0e+00  0  2  3  1  0   6  5 11  3  0 86806   252680      0 0.00e+00    0 0.00e+00 100
MatScale               1 1.0 1.1061e-04 1.0 7.72e+06 1.0 0.0e+00 0.0e+00 0.0e+00  0  0  0  0  0   0  0  0  0  0 558076   689455      0 0.00e+00    0 0.00e+00 100
MatResidual          120 1.0 2.0122e-02 1.0 5.50e+08 1.0 5.5e+03 4.7e+03 0.0e+00  0  5  5  4  0   9 17 17 20  0 215995   585266      0 0.00e+00    0 0.00e+00 100
KSPSolve               1 1.0 2.1235e-01 1.0 3.14e+09 1.0 3.2e+04 4.0e+03 0.0e+00  4 31 29 19  0 100 100 100 100  0 117159   325566      0 0.00e+00    0 0.00e+00 100
PCApply               30 1.0 1.9739e-01 1.0 2.64e+09 1.0 3.0e+04 3.6e+03 0.0e+00  4 26 27 17  0  93 84 95 86  0 105825   300124      0 0.00e+00    0 0.00e+00 100
VecTDot              476 1.0 3.4890e-02 1.3 1.22e+07 1.0 0.0e+00 0.0e+00 0.0e+00  1  0  0  0  0  15  0  0  0  0  2795   10165      0 0.00e+00    0 0.00e+00 100
VecNorm              238 1.0 1.7517e-02 1.4 6.10e+06 1.0 0.0e+00 0.0e+00 0.0e+00  0  0  0  0  0   8  0  0  0  0  2784   10319      0 0.00e+00    0 0.00e+00 100
VecCopy              422 1.0 7.4517e-03 1.1 0.00e+00 0.0 0.0e+00 0.0e+00 0.0e+00  0  0  0  0  0   3  0  0  0  0     0       0      0 0.00e+00    0 0.00e+00  0
VecSet               151 1.0 2.4753e-03 1.1 0.00e+00 0.0 0.0e+00 0.0e+00 0.0e+00  0  0  0  0  0   1  0  0  0  0     0       0      0 0.00e+00    0 0.00e+00  0
VecAXPY              414 1.0 6.8475e-03 1.3 1.18e+07 1.0 0.0e+00 0.0e+00 0.0e+00  0  0  0  0  0   3  0  0  0  0 13783   36772      0 0.00e+00    0 0.00e+00 100
VecAYPX              896 1.0 1.5057e-02 1.1 4.29e+07 1.0 0.0e+00 0.0e+00 0.0e+00  0  0  0  0  0   7  1  0  0  0 22737   59112      0 0.00e+00    0 0.00e+00 100
VecAXPBYCZ           240 1.0 4.1405e-03 1.1 3.10e+07 1.0 0.0e+00 0.0e+00 0.0e+00  0  0  0  0  0   2  1  0  0  0 59724   147648      0 0.00e+00    0 0.00e+00 100
VecPointwiseMult     207 1.0 3.3746e-03 1.4 1.24e+03 0.0 0.0e+00 0.0e+00 0.0e+00  0  0  0  0  0   1  0  0  0  0     0       1      0 0.00e+00    0 0.00e+00 100
VecScatterBegin      927 1.0 4.8706e-02 1.9 0.00e+00 0.0 3.2e+04 4.0e+03 0.0e+00  1  0 29 19  0  15  0 100 100  0     0       0      0 0.00e+00    0 0.00e+00  0
VecScatterEnd        927 1.0 3.5907e-02 3.0 6.25e+04 1.4 0.0e+00 0.0e+00 0.0e+00  1  0  0  0  0  13  0  0  0  0    12       0      0 0.00e+00    0 0.00e+00 100
SFPack               927 1.0 2.6618e-03 1.7 0.00e+00 0.0 0.0e+00 0.0e+00 0.0e+00  0  0  0  0  0   1  0  0  0  0     0       0      0 0.00e+00    0 0.00e+00  0
SFUnpack             927 1.0 6.7361e-04 1.6 6.25e+04 1.4 0.0e+00 0.0e+00 0.0e+00  0  0  0  0  0   0  0  0  0  0   639       0      0 0.00e+00    0 0.00e+00 100
---------------------------------------------------------------------------------------------------------------------------------------------------------------

Object Type          Creations   Destructions. Reports information only for process 0.

--- Event Stage 0: Main Stage

           Container     4              4
       Krylov Solver     1             10
              Matrix     3             41
      Matrix Coarsen     0              1
   Matrix Null Space     1              1
      Preconditioner     1              6
              Viewer     1              1
  PetscDeviceContext     1              0
              Vector    12             67
           Index Set     2              8
   Star Forest Graph     1             29
    Distributed Mesh     0              4
     Discrete System     0              4
           Weak Form     0              4

--- Event Stage 1: Setup

           Container     3              3
       Krylov Solver    13              4
              Matrix    98             60
      Matrix Coarsen     4              3
      Preconditioner    13              8
              Vector   290            236
           Index Set    85             79
   Star Forest Graph    54             34
         PetscRandom     4              4

--- Event Stage 2: Solve

              Vector     1              0
   Star Forest Graph     8              0
    Distributed Mesh     4              0
     Discrete System     4              0
           Weak Form     4              0

--- Event Stage 3: 2nd Setup

              Vector    12             12

--- Event Stage 4: 2nd Solve


--- Event Stage 5: 3rd Setup


--- Event Stage 6: 3rd Solve

========================================================================================================================
Average time to get PetscTime(): 3.1e-08
Average time for MPI_Barrier(): 1.49872e-05
Average time for zero size MPI_Send(): 1.6656e-05
#PETSc Option Table entries:
-alpha 1.e-3 # (source: command line)
-ksp_converged_reason # (source: command line)
-ksp_norm_type unpreconditioned # (source: command line)
-ksp_rtol 1e-6 # (source: command line)
-ksp_type cg # (source: command line)
-log_view # (source: command line)
-log_view_gpu_time # (source: command line)
-mat_type aijkokkos # (source: command line)
-mg_coarse_ksp_type cg # (source: command line)
-mg_coarse_pc_type jacobi # (source: command line)
-mg_levels_ksp_type chebyshev # (source: command line)
-mg_levels_pc_type pbjacobi # (source: command line)
-ne 63 # (source: command line)
-pc_gamg_agg_nsmooths 1 # (source: command line)
-pc_gamg_coarse_eq_limit 20 # (source: command line)
-pc_gamg_parallel_coarse_grid_solver # (source: command line)
-pc_gamg_reuse_interpolation true # (source: command line)
-pc_gamg_type agg # (source: command line)
-pc_type gamg # (source: command line)
-two_solves # (source: command line)
-use_mat_nearnullspace # (source: command line)
#End of PETSc Option Table entries
Compiled without FORTRAN kernels
Compiled with full precision matrices (default)
sizeof(short) 2 sizeof(int) 4 sizeof(long) 8 sizeof(void*) 8 sizeof(PetscScalar) 8 sizeof(PetscInt) 4
Configure options: --with-kokkos-dir=/global/homes/m/madams/petsc/arch-perlmutter-opt-gcc-kokkos-cuda-notpl --with-kokkos-kernels-dir=/global/homes/m/madams/petsc/arch-perlmutter-opt-gcc-kokkos-cuda-notpl --with-triangle-dir=/global/homes/m/madams/petsc/arch-perlmutter-opt-gcc-kokkos-cuda-notpl --with-batch=0 --with-cc=cc --with-cxx=CC --with-fc=0 --with-debugging=0 --with-cuda=1 --with-cuda-arch=80 --with-kokkos-kernels-tpl=0 --with-make-np=8 --with-mpiexec=srun -G4 --gpu-bind=none PETSC_ARCH=arch-perlmutter-opt-gcc-kokkos-cuda-notpl
-----------------------------------------
Libraries compiled on 2026-06-22 14:37:25 on login21
Machine characteristics: Linux-6.4.0-150600.23.103_15.0.24-cray_shasta_c-x86_64-with-glibc2.3.4
Using PETSc directory: /global/u2/m/madams/petsc
Using PETSc arch: arch-perlmutter-opt-gcc-kokkos-cuda-notpl
-----------------------------------------

Using C compiler: cc  -fPIC -Wall -Wwrite-strings -Wno-unknown-pragmas -Wno-lto-type-mismatch -Wno-stringop-overflow -fstack-protector -fvisibility=hidden -g -O 
-----------------------------------------

Using include paths: -I/global/u2/m/madams/petsc/include -I/global/u2/m/madams/petsc/arch-perlmutter-opt-gcc-kokkos-cuda-notpl/include -I/global/homes/m/madams/petsc/arch-perlmutter-opt-gcc-kokkos-cuda-notpl/include -I/opt/nvidia/hpc_sdk/Linux_x86_64/25.5/cuda/12.9/include -I/opt/nvidia/hpc_sdk/Linux_x86_64/25.5/math_libs/12.9/include
-----------------------------------------

Using C linker: cc
Using libraries: -Wl,-rpath,/global/u2/m/madams/petsc/arch-perlmutter-opt-gcc-kokkos-cuda-notpl/lib -L/global/u2/m/madams/petsc/arch-perlmutter-opt-gcc-kokkos-cuda-notpl/lib -lpetsc -Wl,-rpath,/global/homes/m/madams/petsc/arch-perlmutter-opt-gcc-kokkos-cuda-notpl/lib -L/global/homes/m/madams/petsc/arch-perlmutter-opt-gcc-kokkos-cuda-notpl/lib -Wl,-rpath,/opt/nvidia/hpc_sdk/Linux_x86_64/25.5/cuda/12.9/lib64 -L/opt/nvidia/hpc_sdk/Linux_x86_64/25.5/cuda/12.9/lib64 -Wl,-rpath,/opt/nvidia/hpc_sdk/Linux_x86_64/25.5/math_libs/12.9/lib64 -L/opt/nvidia/hpc_sdk/Linux_x86_64/25.5/math_libs/12.9/lib64 -L/opt/nvidia/hpc_sdk/Linux_x86_64/25.5/cuda/12.9/lib64/stubs -lkokkoskernels -lkokkoscontainers -lkokkoscore -lkokkossimd -ltriangle -lcudart -lnvtx3interop -lcufft -lcublas -lcusparse -lcusolver -lcurand -lcuda -lnvidia-ml -lX11 -lstdc++ -lquadmath
-----------------------------------------

  Linear solve converged due to CONVERGED_RTOL iterations 24
  Linear solve converged due to CONVERGED_RTOL iterations 24
  Linear solve converged due to CONVERGED_RTOL iterations 24
[0]main |b-Ax|/|b|=7.102693e-07, |b|=3.122584e+00, emax=9.984292e-01
****************************************************************************************************************************************************************
***                                WIDEN YOUR WINDOW TO 160 CHARACTERS.  Use 'enscript -r -fCourier9' to print this document                                 ***
****************************************************************************************************************************************************************

------------------------------------------------------------------ PETSc Performance Summary: ------------------------------------------------------------------

/global/homes/m/madams/petsc/arch-perlmutter-opt-gcc-kokkos-cuda-notpl/tests/ksp/ksp/tutorials/ex56 on a arch-perlmutter-opt-gcc-kokkos-cuda-notpl named nid001161 with 1 process and CUDA architecture 80, by madams on Mon Jun 22 07:46:56 2026
Using PETSc Development Git Revision: v3.25.2-340-g83d2bd4a8b4 Git Date: 2026-06-21 14:23:19 -0400

                         Max       Max/Min     Avg       Total
Time (sec):           1.993e+00     1.000   1.993e+00
Objects:              0.000e+00     0.000   0.000e+00
Flops:                7.764e+09     1.000   7.764e+09  7.764e+09
Flops/sec:            3.896e+09     1.000   3.896e+09  3.896e+09
MPI Msg Count:        0.000e+00     0.000   0.000e+00  0.000e+00
MPI Msg Len (bytes):  0.000e+00     0.000   0.000e+00  0.000e+00
MPI Reductions:       0.000e+00     0.000

Flop counting convention: 1 flop = 1 real number operation of type (multiply/divide/add/subtract)
                            e.g., VecAXPY() for real vectors of length N --> 2N flops
                            and VecAXPY() for complex vectors of length N --> 8N flops

Summary of Stages:   ----- Time ------  ----- Flop ------  --- Messages ---  -- Message Lengths --  -- Reductions --
                        Avg     %Total     Avg     %Total    Count   %Total     Avg         %Total    Count   %Total
 0:      Main Stage: 5.5193e-01  27.7%  2.1144e+07   0.3%  0.000e+00   0.0%  0.000e+00        0.0%  0.000e+00   0.0%
 1:           Setup: 1.2763e+00  64.0%  3.7963e+08   4.9%  0.000e+00   0.0%  0.000e+00        0.0%  0.000e+00   0.0%
 2:           Solve: 4.8356e-02   2.4%  2.3857e+09  30.7%  0.000e+00   0.0%  0.000e+00        0.0%  0.000e+00   0.0%
 3:       2nd Setup: 2.2140e-02   1.1%  1.9859e+08   2.6%  0.000e+00   0.0%  0.000e+00        0.0%  0.000e+00   0.0%
 4:       2nd Solve: 4.7122e-02   2.4%  2.3857e+09  30.7%  0.000e+00   0.0%  0.000e+00        0.0%  0.000e+00   0.0%
 5:       3rd Setup: 2.3000e-07   0.0%  0.0000e+00   0.0%  0.000e+00   0.0%  0.000e+00        0.0%  0.000e+00   0.0%
 6:       3rd Solve: 4.7121e-02   2.4%  2.3932e+09  30.8%  0.000e+00   0.0%  0.000e+00        0.0%  0.000e+00   0.0%

------------------------------------------------------------------------------------------------------------------------
See the 'Profiling' chapter of the users' manual for details on interpreting output.
Phase summary info:
   Count: number of times phase was executed
   Time and Flop: Max - maximum over all processes
                  Ratio - ratio of maximum to minimum over all processes
   Mess: number of messages sent
   AvgLen: average message length (bytes)
   Reduct: number of global reductions
   Global: entire computation
   Stage: stages of a computation. Set stages with PetscLogStagePush() and PetscLogStagePop().
      %T - percent time in this phase         %F - percent flop in this phase
      %M - percent messages in this phase     %L - percent message lengths in this phase
      %R - percent reductions in this phase
   Total Mflop/s: 1e-6 * (sum of flop over all processes)/(max time over all processes)
   GPU Mflop/s: 1e-6 * (sum of flop on GPU over all processes)/(max GPU time over all processes)
   CpuToGpu Count: total number of CPU to GPU copies per processor
   CpuToGpu Size (Mbytes): 1e-6 * (total size of CPU to GPU copies per processor)
   GpuToCpu Count: total number of GPU to CPU copies per processor
   GpuToCpu Size (Mbytes): 1e-6 * (total size of GPU to CPU copies per processor)
   GPU %F: percent flops on GPU in this event
------------------------------------------------------------------------------------------------------------------------
Event                Count      Time (sec)     Flop                              --- Global ---  --- Stage ----  Total   GPU    - CpuToGpu -   - GpuToCpu - GPU
                   Max Ratio  Max     Ratio   Max  Ratio  Mess   AvgLen  Reduct  %T %F %M %L %R  %T %F %M %L %R Mflop/s Mflop/s Count   Size   Count   Size  %F
---------------------------------------------------------------------------------------------------------------------------------------------------------------

--- Event Stage 0: Main Stage

BuildTwoSided          2 1.0 2.3004e-05 1.0 0.00e+00 0.0 0.0e+00 0.0e+00 0.0e+00  0  0  0  0  0   0  0  0  0  0     0       0      0 0.00e+00    0 0.00e+00  0
BuildTwoSidedF         2 1.0 3.2654e-05 1.0 0.00e+00 0.0 0.0e+00 0.0e+00 0.0e+00  0  0  0  0  0   0  0  0  0  0     0       0      0 0.00e+00    0 0.00e+00  0
MatMult                1 1.0 2.3095e-05 1.0 1.50e+07 1.0 0.0e+00 0.0e+00 0.0e+00  0  0  0  0  0   0 71  0  0  0 647348       0      0 0.00e+00    0 0.00e+00 100
MatAssemblyBegin       1 1.0 7.2721e-05 1.0 0.00e+00 0.0 0.0e+00 0.0e+00 0.0e+00  0  0  0  0  0   0  0  0  0  0     0       0      0 0.00e+00    0 0.00e+00  0
MatAssemblyEnd         1 1.0 1.7051e-02 1.0 0.00e+00 0.0 0.0e+00 0.0e+00 0.0e+00  1  0  0  0  0   3  0  0  0  0     0       0      0 0.00e+00    0 0.00e+00  0
DCtxCreate             1 1.0 4.6189e-05 1.0 0.00e+00 0.0 0.0e+00 0.0e+00 0.0e+00  0  0  0  0  0   0  0  0  0  0     0       0      0 0.00e+00    0 0.00e+00  0
DCtxDestroy            1 1.0 2.3345e-05 1.0 0.00e+00 0.0 0.0e+00 0.0e+00 0.0e+00  0  0  0  0  0   0  0  0  0  0     0       0      0 0.00e+00    0 0.00e+00  0
DCtxSetUp              1 1.0 8.7570e-06 1.0 0.00e+00 0.0 0.0e+00 0.0e+00 0.0e+00  0  0  0  0  0   0  0  0  0  0     0       0      0 0.00e+00    0 0.00e+00  0
DCtxSetDevice          1 1.0 1.6121e-05 1.0 0.00e+00 0.0 0.0e+00 0.0e+00 0.0e+00  0  0  0  0  0   0  0  0  0  0     0       0      0 0.00e+00    0 0.00e+00  0
VecMDot                3 1.0 4.8381e-04 1.0 2.36e+06 1.0 0.0e+00 0.0e+00 0.0e+00  0  0  0  0  0   0 11  0  0  0  4877       0      0 0.00e+00    0 0.00e+00  0
VecNorm                5 1.0 1.1204e-04 1.0 9.83e+05 1.0 0.0e+00 0.0e+00 0.0e+00  0  0  0  0  0   0  5  0  0  0  8774       0      0 0.00e+00    0 0.00e+00 40
VecScale               3 1.0 4.9946e-05 1.0 2.95e+05 1.0 0.0e+00 0.0e+00 0.0e+00  0  0  0  0  0   0  1  0  0  0  5905       0      0 0.00e+00    0 0.00e+00  0
VecAXPY                1 1.0 3.6801e-05 1.0 1.97e+05 1.0 0.0e+00 0.0e+00 0.0e+00  0  0  0  0  0   0  1  0  0  0  5342       0      0 0.00e+00    0 0.00e+00 100
VecMAXPY               3 1.0 2.8445e-04 1.0 2.36e+06 1.0 0.0e+00 0.0e+00 0.0e+00  0  0  0  0  0   0 11  0  0  0  8294       0      0 0.00e+00    0 0.00e+00  0
VecAssemblyBegin       1 1.0 3.0000e-07 1.0 0.00e+00 0.0 0.0e+00 0.0e+00 0.0e+00  0  0  0  0  0   0  0  0  0  0     0       0      0 0.00e+00    0 0.00e+00  0
VecAssemblyEnd         1 1.0 9.0000e-08 1.0 0.00e+00 0.0 0.0e+00 0.0e+00 0.0e+00  0  0  0  0  0   0  0  0  0  0     0       0      0 0.00e+00    0 0.00e+00  0
VecNormalize           3 1.0 1.2659e-04 1.0 8.85e+05 1.0 0.0e+00 0.0e+00 0.0e+00  0  0  0  0  0   0  4  0  0  0  6989       0      0 0.00e+00    0 0.00e+00  0

--- Event Stage 1: Setup

BuildTwoSided         93 1.0 7.9923e-05 1.0 0.00e+00 0.0 0.0e+00 0.0e+00 0.0e+00  0  0  0  0  0   0  0  0  0  0     0       0      0 0.00e+00    0 0.00e+00  0
BuildTwoSidedF        23 1.0 3.3693e-05 1.0 0.00e+00 0.0 0.0e+00 0.0e+00 0.0e+00  0  0  0  0  0   0  0  0  0  0     0       0      0 0.00e+00    0 0.00e+00  0
MatMult               80 1.0 1.0065e-03 1.0 3.42e+08 1.0 0.0e+00 0.0e+00 0.0e+00  0  4  0  0  0   0 90  0  0  0 339633       0      3 0.00e+00    0 0.00e+00 100
MatConvert            16 1.0 6.2969e-01 1.0 0.00e+00 0.0 0.0e+00 0.0e+00 0.0e+00 32  0  0  0  0  49  0  0  0  0     0       0      0 0.00e+00    8 2.00e+01  0
MatScale              12 1.0 1.5539e-03 1.0 4.22e+06 1.0 0.0e+00 0.0e+00 0.0e+00  0  0  0  0  0   0  1  0  0  0  2718       0      0 0.00e+00    0 0.00e+00 59
MatAssemblyBegin      68 1.0 1.4480e-04 1.0 0.00e+00 0.0 0.0e+00 0.0e+00 0.0e+00  0  0  0  0  0   0  0  0  0  0     0       0      0 0.00e+00    0 0.00e+00  0
MatAssemblyEnd        68 1.0 1.6858e-02 1.0 0.00e+00 0.0 0.0e+00 0.0e+00 0.0e+00  1  0  0  0  0   1  0  0  0  0     0       0      0 0.00e+00    0 0.00e+00  0
MatSetValues     3494847 1.0 4.6487e-01 1.0 1.48e+06 1.0 0.0e+00 0.0e+00 0.0e+00 23  0  0  0  0  36  0  0  0  0     3       0      0 0.00e+00    0 0.00e+00  0
MatGetRow         411096 1.0 3.8214e-02 1.0 0.00e+00 0.0 0.0e+00 0.0e+00 0.0e+00  2  0  0  0  0   3  0  0  0  0     0       0      0 0.00e+00    0 0.00e+00  0
MatCoarsen             4 1.0 3.1392e-03 1.0 0.00e+00 0.0 0.0e+00 0.0e+00 0.0e+00  0  0  0  0  0   0  0  0  0  0     0       0      0 0.00e+00    0 0.00e+00  0
MatAXPY                8 1.0 7.0702e-01 1.0 1.48e+06 1.0 0.0e+00 0.0e+00 0.0e+00 35  0  0  0  0  55  0  0  0  0     2       0      0 0.00e+00    8 2.00e+01  0
MatTranspose           9 1.0 1.5115e-02 1.0 0.00e+00 0.0 0.0e+00 0.0e+00 0.0e+00  1  0  0  0  0   1  0  0  0  0     0       0      0 0.00e+00    0 0.00e+00  0
MatMatMultSym          4 1.0 7.9820e-02 1.0 0.00e+00 0.0 0.0e+00 0.0e+00 0.0e+00  4  0  0  0  0   6  0  0  0  0     0       0      0 0.00e+00   28 1.18e+02  0
MatMatMultNum          4 1.0 6.5100e-07 1.0 0.00e+00 0.0 0.0e+00 0.0e+00 0.0e+00  0  0  0  0  0   0  0  0  0  0     0       0      0 0.00e+00    0 0.00e+00  0
MatPtAPSymbolic        4 1.0 1.8450e-01 1.0 0.00e+00 0.0 0.0e+00 0.0e+00 0.0e+00  9  0  0  0  0  14  0  0  0  0     0       0      0 0.00e+00   28 1.26e+02  0
MatPtAPNumeric         4 1.0 7.0100e-07 1.0 0.00e+00 0.0 0.0e+00 0.0e+00 0.0e+00  0  0  0  0  0   0  0  0  0  0     0       0      0 0.00e+00    0 0.00e+00  0
MatTrnMatMultSym       1 1.0 1.3481e-01 1.0 0.00e+00 0.0 0.0e+00 0.0e+00 0.0e+00  7  0  0  0  0  11  0  0  0  0     0       0      0 0.00e+00    0 0.00e+00  0
MatCreateGraph         4 1.0 8.0541e-02 1.0 2.58e+06 1.0 0.0e+00 0.0e+00 0.0e+00  4  0  0  0  0   6  1  0  0  0    32       0      0 0.00e+00    6 8.57e+00  0
MatSetPreallCOO        8 1.0 2.6850e-02 1.0 0.00e+00 0.0 0.0e+00 0.0e+00 0.0e+00  1  0  0  0  0   2  0  0  0  0     0       0      0 0.00e+00   24 2.86e+01  0
MatSetValuesCOO        8 1.0 4.8913e-04 1.0 0.00e+00 0.0 0.0e+00 0.0e+00 0.0e+00  0  0  0  0  0   0  0  0  0  0     0       0      0 0.00e+00    0 0.00e+00  0
KSPSetUp               1 1.0 1.3113e-03 1.0 0.00e+00 0.0 0.0e+00 0.0e+00 0.0e+00  0  0  0  0  0   0  0  0  0  0     0       0      0 0.00e+00    0 0.00e+00  0
PCSetUp_GAMG+          1 1.0 1.2750e+00 1.0 3.80e+08 1.0 0.0e+00 0.0e+00 0.0e+00 64  5  0  0  0 100 100  0  0  0   298       0      3 0.00e+00   70 2.72e+02 99
 PCGAMGCreateG         4 1.0 8.0548e-02 1.0 2.58e+06 1.0 0.0e+00 0.0e+00 0.0e+00  4  0  0  0  0   6  1  0  0  0    32       0      0 0.00e+00    6 8.57e+00  0
 GAMG Coarsen          8 1.0 1.6164e-01 1.0 0.00e+00 0.0 0.0e+00 0.0e+00 0.0e+00  8  0  0  0  0  13  0  0  0  0     0       0      0 0.00e+00    0 0.00e+00  0
  GAMG MIS/Agg         4 1.0 1.3804e-01 1.0 0.00e+00 0.0 0.0e+00 0.0e+00 0.0e+00  7  0  0  0  0  11  0  0  0  0     0       0      0 0.00e+00    0 0.00e+00  0
 PCGAMGProl            4 1.0 7.4287e-02 1.0 0.00e+00 0.0 0.0e+00 0.0e+00 0.0e+00  4  0  0  0  0   6  0  0  0  0     0       0      0 0.00e+00    0 0.00e+00  0
  GAMG Prol-col        4 1.0 2.5951e-05 1.0 0.00e+00 0.0 0.0e+00 0.0e+00 0.0e+00  0  0  0  0  0   0  0  0  0  0     0       0      0 0.00e+00    0 0.00e+00  0
  GAMG Prol-lift       4 1.0 6.9287e-02 1.0 0.00e+00 0.0 0.0e+00 0.0e+00 0.0e+00  3  0  0  0  0   5  0  0  0  0     0       0      0 0.00e+00    0 0.00e+00  0
 PCGAMGOptProl         4 1.0 7.5928e-01 1.0 1.86e+08 1.0 0.0e+00 0.0e+00 0.0e+00 38  2  0  0  0  59 49  0  0  0   245       0      3 0.00e+00   36 1.38e+02 100
  GAMG smooth          4 1.0 7.4774e-01 1.0 3.12e+06 1.0 0.0e+00 0.0e+00 0.0e+00 38  0  0  0  0  59  1  0  0  0     4       0      0 0.00e+00   36 1.38e+02 80
 PCGAMGCreateL         4 1.0 1.8457e-01 1.0 0.00e+00 0.0 0.0e+00 0.0e+00 0.0e+00  9  0  0  0  0  14  0  0  0  0     0       0      0 0.00e+00   28 1.26e+02  0
  GAMG PtAP            4 1.0 1.8456e-01 1.0 0.00e+00 0.0 0.0e+00 0.0e+00 0.0e+00  9  0  0  0  0  14  0  0  0  0     0       0      0 0.00e+00   28 1.26e+02  0
PCGAMG Squ l00         1 1.0 1.3481e-01 1.0 0.00e+00 0.0 0.0e+00 0.0e+00 0.0e+00  7  0  0  0  0  11  0  0  0  0     0       0      0 0.00e+00    0 0.00e+00  0
PCGAMG Gal l00         1 1.0 1.6207e-01 1.0 0.00e+00 0.0 0.0e+00 0.0e+00 0.0e+00  8  0  0  0  0  13  0  0  0  0     0       0      0 0.00e+00    7 1.12e+02  0
PCGAMG Opt l00         1 1.0 6.6416e-02 1.0 0.00e+00 0.0 0.0e+00 0.0e+00 0.0e+00  3  0  0  0  0   5  0  0  0  0     0       0      0 0.00e+00    7 1.06e+02  0
PCGAMG Gal l01         1 1.0 1.3048e-02 1.0 0.00e+00 0.0 0.0e+00 0.0e+00 0.0e+00  1  0  0  0  0   1  0  0  0  0     0       0      0 0.00e+00    7 1.26e+01  0
PCGAMG Opt l01         1 1.0 7.0712e-03 1.0 0.00e+00 0.0 0.0e+00 0.0e+00 0.0e+00  0  0  0  0  0   1  0  0  0  0     0       0      0 0.00e+00    7 1.13e+01  0
PCGAMG Gal l02         1 1.0 5.8852e-03 1.0 0.00e+00 0.0 0.0e+00 0.0e+00 0.0e+00  0  0  0  0  0   0  0  0  0  0     0       0      0 0.00e+00    7 1.05e+00  0
PCGAMG Opt l02         1 1.0 3.8088e-03 1.0 0.00e+00 0.0 0.0e+00 0.0e+00 0.0e+00  0  0  0  0  0   0  0  0  0  0     0       0      0 0.00e+00    7 1.07e+00  0
PCGAMG Gal l03         1 1.0 3.5464e-03 1.0 0.00e+00 0.0 0.0e+00 0.0e+00 0.0e+00  0  0  0  0  0   0  0  0  0  0     0       0      0 0.00e+00    7 1.07e-02  0
PCGAMG Opt l03         1 1.0 2.5624e-03 1.0 0.00e+00 0.0 0.0e+00 0.0e+00 0.0e+00  0  0  0  0  0   0  0  0  0  0     0       0      0 0.00e+00    7 1.30e-02  0
PCSetUp                1 1.0 1.2750e+00 1.0 3.80e+08 1.0 0.0e+00 0.0e+00 0.0e+00 64  5  0  0  0 100 100  0  0  0   298       0      3 0.00e+00   70 2.72e+02 99
VecTDot              184 1.0 9.7187e-03 1.0 9.51e+06 1.0 0.0e+00 0.0e+00 0.0e+00  0  0  0  0  0   1  3  0  0  0   979       0      0 0.00e+00    0 0.00e+00 100
VecNorm               44 1.0 1.0180e-03 1.0 2.27e+06 1.0 0.0e+00 0.0e+00 0.0e+00  0  0  0  0  0   0  1  0  0  0  2234       0      0 0.00e+00    0 0.00e+00 100
VecCopy               16 1.0 1.6036e-04 1.0 0.00e+00 0.0 0.0e+00 0.0e+00 0.0e+00  0  0  0  0  0   0  0  0  0  0     0       0      0 0.00e+00    0 0.00e+00  0
VecSet                 8 1.0 4.9215e-05 1.0 0.00e+00 0.0 0.0e+00 0.0e+00 0.0e+00  0  0  0  0  0   0  0  0  0  0     0       0      0 0.00e+00    0 0.00e+00  0
VecAXPY              160 1.0 1.1031e-03 1.0 8.27e+06 1.0 0.0e+00 0.0e+00 0.0e+00  0  0  0  0  0   0  2  0  0  0  7498       0      0 0.00e+00    0 0.00e+00 100
VecAYPX               72 1.0 2.5871e-04 1.0 3.72e+06 1.0 0.0e+00 0.0e+00 0.0e+00  0  0  0  0  0   0  1  0  0  0 14387       0      0 0.00e+00    0 0.00e+00 100
VecAssemblyBegin       4 1.0 3.5000e-07 1.0 0.00e+00 0.0 0.0e+00 0.0e+00 0.0e+00  0  0  0  0  0   0  0  0  0  0     0       0      0 0.00e+00    0 0.00e+00  0
VecAssemblyEnd         4 1.0 3.3000e-07 1.0 0.00e+00 0.0 0.0e+00 0.0e+00 0.0e+00  0  0  0  0  0   0  0  0  0  0     0       0      0 0.00e+00    0 0.00e+00  0
VecPointwiseMult      44 1.0 1.8991e-04 1.0 1.14e+06 1.0 0.0e+00 0.0e+00 0.0e+00  0  0  0  0  0   0  0  0  0  0  5989       0      0 0.00e+00    0 0.00e+00 100
VecReciprocal         12 1.0 1.4182e-04 1.0 0.00e+00 0.0 0.0e+00 0.0e+00 0.0e+00  0  0  0  0  0   0  0  0  0  0     0       0      0 0.00e+00    0 0.00e+00  0
VecSetValues      131072 1.0 7.6075e-03 1.0 0.00e+00 0.0 0.0e+00 0.0e+00 0.0e+00  0  0  0  0  0   1  0  0  0  0     0       0      0 0.00e+00    0 0.00e+00  0
VecScatterBegin       69 1.0 8.0977e-05 1.0 0.00e+00 0.0 0.0e+00 0.0e+00 0.0e+00  0  0  0  0  0   0  0  0  0  0     0       0      3 0.00e+00    0 0.00e+00  0
VecScatterEnd         69 1.0 3.8078e-05 1.0 0.00e+00 0.0 0.0e+00 0.0e+00 0.0e+00  0  0  0  0  0   0  0  0  0  0     0       0      0 0.00e+00    0 0.00e+00  0
SFSetGraph            70 1.0 1.1083e-05 1.0 0.00e+00 0.0 0.0e+00 0.0e+00 0.0e+00  0  0  0  0  0   0  0  0  0  0     0       0      0 0.00e+00    0 0.00e+00  0
SFSetUp               70 1.0 2.3131e-04 1.0 0.00e+00 0.0 0.0e+00 0.0e+00 0.0e+00  0  0  0  0  0   0  0  0  0  0     0       0      0 0.00e+00    0 0.00e+00  0
SFBcastBegin          12 1.0 2.3315e-05 1.0 0.00e+00 0.0 0.0e+00 0.0e+00 0.0e+00  0  0  0  0  0   0  0  0  0  0     0       0      0 0.00e+00    0 0.00e+00  0
SFBcastEnd            12 1.0 3.6680e-06 1.0 0.00e+00 0.0 0.0e+00 0.0e+00 0.0e+00  0  0  0  0  0   0  0  0  0  0     0       0      0 0.00e+00    0 0.00e+00  0
SFReduceBegin         31 1.0 1.2384e-04 1.0 0.00e+00 0.0 0.0e+00 0.0e+00 0.0e+00  0  0  0  0  0   0  0  0  0  0     0       0      0 0.00e+00    0 0.00e+00  0
SFReduceEnd           31 1.0 1.9731e-05 1.0 0.00e+00 0.0 0.0e+00 0.0e+00 0.0e+00  0  0  0  0  0   0  0  0  0  0     0       0      0 0.00e+00    0 0.00e+00  0
SFFetchOpBegin         8 1.0 2.0338e-05 1.0 0.00e+00 0.0 0.0e+00 0.0e+00 0.0e+00  0  0  0  0  0   0  0  0  0  0     0       0      0 0.00e+00    0 0.00e+00  0
SFFetchOpEnd           8 1.0 8.0770e-06 1.0 0.00e+00 0.0 0.0e+00 0.0e+00 0.0e+00  0  0  0  0  0   0  0  0  0  0     0       0      0 0.00e+00    0 0.00e+00  0
SFPack               120 1.0 1.1394e-05 1.0 0.00e+00 0.0 0.0e+00 0.0e+00 0.0e+00  0  0  0  0  0   0  0  0  0  0     0       0      0 0.00e+00    0 0.00e+00  0
SFUnpack             128 1.0 1.1848e-05 1.0 0.00e+00 0.0 0.0e+00 0.0e+00 0.0e+00  0  0  0  0  0   0  0  0  0  0     0       0      0 0.00e+00    0 0.00e+00  0

--- Event Stage 2: Solve

MatMult              551 1.0 6.0353e-03 1.0 2.00e+09 1.0 0.0e+00 0.0e+00 0.0e+00  0 26  0  0  0  12 84  0  0  0 331333       0      1 0.00e+00    0 0.00e+00 100
MatMultAdd            96 1.0 4.9263e-04 1.0 1.20e+08 1.0 0.0e+00 0.0e+00 0.0e+00  0  2  0  0  0   1  5  0  0  0 243831       0      0 0.00e+00    0 0.00e+00 100
MatMultTranspose      96 1.0 7.5335e-04 1.0 1.20e+08 1.0 0.0e+00 0.0e+00 0.0e+00  0  2  0  0  0   2  5  0  0  0 159447       0      0 0.00e+00    0 0.00e+00 100
MatResidual           96 1.0 1.4082e-03 1.0 4.15e+08 1.0 0.0e+00 0.0e+00 0.0e+00  0  5  0  0  0   3 17  0  0  0 294836       0      0 0.00e+00    0 0.00e+00 100
KSPSolve               1 1.0 4.8347e-02 1.0 2.39e+09 1.0 0.0e+00 0.0e+00 0.0e+00  2 31  0  0  0 100 100  0  0  0 49346       0      1 0.00e+00    0 0.00e+00 100
PCApply               24 1.0 3.4777e-02 1.0 2.00e+09 1.0 0.0e+00 0.0e+00 0.0e+00  2 26  0  0  0  72 84  0  0  0 57458       0      1 0.00e+00    0 0.00e+00 100
VecTDot              384 1.0 1.7901e-02 1.0 9.83e+06 1.0 0.0e+00 0.0e+00 0.0e+00  1  0  0  0  0  37  0  0  0  0   549       0      0 0.00e+00    0 0.00e+00 100
VecNorm              192 1.0 1.3187e-02 1.0 4.92e+06 1.0 0.0e+00 0.0e+00 0.0e+00  1  0  0  0  0  27  0  0  0  0   373       0      0 0.00e+00    0 0.00e+00 100
VecCopy              338 1.0 1.8229e-03 1.0 0.00e+00 0.0 0.0e+00 0.0e+00 0.0e+00  0  0  0  0  0   4  0  0  0  0     0       0      0 0.00e+00    0 0.00e+00  0
VecSet               121 1.0 3.2375e-04 1.0 0.00e+00 0.0 0.0e+00 0.0e+00 0.0e+00  0  0  0  0  0   1  0  0  0  0     0       0      0 0.00e+00    0 0.00e+00  0
VecAXPY              334 1.0 1.0950e-03 1.0 9.44e+06 1.0 0.0e+00 0.0e+00 0.0e+00  0  0  0  0  0   2  0  0  0  0  8621       0      0 0.00e+00    0 0.00e+00 100
VecAYPX              718 1.0 2.4620e-03 1.0 3.43e+07 1.0 0.0e+00 0.0e+00 0.0e+00  0  0  0  0  0   5  1  0  0  0 13932       0      0 0.00e+00    0 0.00e+00 100
VecAXPBYCZ           192 1.0 8.7374e-04 1.0 2.48e+07 1.0 0.0e+00 0.0e+00 0.0e+00  0  0  0  0  0   2  1  0  0  0 28400       0      0 0.00e+00    0 0.00e+00 100
VecPointwiseMult     167 1.0 5.8933e-04 1.0 1.00e+03 1.0 0.0e+00 0.0e+00 0.0e+00  0  0  0  0  0   1  0  0  0  0     2       0      0 0.00e+00    0 0.00e+00 100
VecReciprocal          1 1.0 5.2810e-06 1.0 0.00e+00 0.0 0.0e+00 0.0e+00 0.0e+00  0  0  0  0  0   0  0  0  0  0     0       0      0 0.00e+00    0 0.00e+00  0
VecScatterBegin      431 1.0 3.4513e-04 1.0 0.00e+00 0.0 0.0e+00 0.0e+00 0.0e+00  0  0  0  0  0   1  0  0  0  0     0       0      1 0.00e+00    0 0.00e+00  0
VecScatterEnd        431 1.0 1.9528e-04 1.0 0.00e+00 0.0 0.0e+00 0.0e+00 0.0e+00  0  0  0  0  0   0  0  0  0  0     0       0      0 0.00e+00    0 0.00e+00  0
SFPack               431 1.0 3.2821e-05 1.0 0.00e+00 0.0 0.0e+00 0.0e+00 0.0e+00  0  0  0  0  0   0  0  0  0  0     0       0      0 0.00e+00    0 0.00e+00  0
SFUnpack             431 1.0 2.9379e-05 1.0 0.00e+00 0.0 0.0e+00 0.0e+00 0.0e+00  0  0  0  0  0   0  0  0  0  0     0       0      0 0.00e+00    0 0.00e+00  0

--- Event Stage 3: 2nd Setup

MatMult               40 1.0 4.4401e-04 1.0 1.71e+08 1.0 0.0e+00 0.0e+00 0.0e+00  0  2  0  0  0   2 86  0  0  0 384954       0      0 0.00e+00    0 0.00e+00 100
MatScale               1 1.0 1.1523e-05 1.0 7.48e+06 1.0 0.0e+00 0.0e+00 0.0e+00  0  0  0  0  0   0  4  0  0  0 648725       0      0 0.00e+00    0 0.00e+00 100
MatAssemblyBegin       4 1.0 5.1100e-07 1.0 0.00e+00 0.0 0.0e+00 0.0e+00 0.0e+00  0  0  0  0  0   0  0  0  0  0     0       0      0 0.00e+00    0 0.00e+00  0
MatAssemblyEnd         4 1.0 1.3630e-06 1.0 0.00e+00 0.0 0.0e+00 0.0e+00 0.0e+00  0  0  0  0  0   0  0  0  0  0     0       0      0 0.00e+00    0 0.00e+00  0
MatPtAPNumeric         4 1.0 6.0184e-03 1.0 0.00e+00 0.0 0.0e+00 0.0e+00 0.0e+00  0  0  0  0  0  27  0  0  0  0     0       0      0 0.00e+00    0 0.00e+00  0
MatSetValuesCOO        4 1.0 5.4176e-05 1.0 0.00e+00 0.0 0.0e+00 0.0e+00 0.0e+00  0  0  0  0  0   0  0  0  0  0     0       0      0 0.00e+00    0 0.00e+00  0
KSPSetUp               1 1.0 1.6100e-07 1.0 0.00e+00 0.0 0.0e+00 0.0e+00 0.0e+00  0  0  0  0  0   0  0  0  0  0     0       0      0 0.00e+00    0 0.00e+00  0
PCSetUp_GAMG+          1 1.0 2.2117e-02 1.0 1.91e+08 1.0 0.0e+00 0.0e+00 0.0e+00  1  2  0  0  0 100 96  0  0  0  8641       0      4 2.60e+00    5 6.84e+01 100
PCGAMG Gal l00         1 1.0 1.6138e-03 1.0 0.00e+00 0.0 0.0e+00 0.0e+00 0.0e+00  0  0  0  0  0   7  0  0  0  0     0       0      0 0.00e+00    0 0.00e+00  0
PCGAMG Gal l01         1 1.0 1.8272e-03 1.0 0.00e+00 0.0 0.0e+00 0.0e+00 0.0e+00  0  0  0  0  0   8  0  0  0  0     0       0      0 0.00e+00    0 0.00e+00  0
PCGAMG Gal l02         1 1.0 2.4250e-03 1.0 0.00e+00 0.0 0.0e+00 0.0e+00 0.0e+00  0  0  0  0  0  11  0  0  0  0     0       0      0 0.00e+00    0 0.00e+00  0
PCGAMG Gal l03         1 1.0 1.5563e-04 1.0 0.00e+00 0.0 0.0e+00 0.0e+00 0.0e+00  0  0  0  0  0   1  0  0  0  0     0       0      0 0.00e+00    0 0.00e+00  0
PCSetUp                1 1.0 2.2119e-02 1.0 1.91e+08 1.0 0.0e+00 0.0e+00 0.0e+00  1  2  0  0  0 100 96  0  0  0  8640       0      4 2.60e+00    5 6.84e+01 100
VecTDot               92 1.0 3.2070e-03 1.0 4.76e+06 1.0 0.0e+00 0.0e+00 0.0e+00  0  0  0  0  0  14  2  0  0  0  1483       0      0 0.00e+00    0 0.00e+00 100
VecNorm               44 1.0 8.9677e-04 1.0 2.27e+06 1.0 0.0e+00 0.0e+00 0.0e+00  0  0  0  0  0   4  1  0  0  0  2536       0      0 0.00e+00    0 0.00e+00 100
VecCopy                8 1.0 1.0796e-04 1.0 0.00e+00 0.0 0.0e+00 0.0e+00 0.0e+00  0  0  0  0  0   0  0  0  0  0     0       0      0 0.00e+00    0 0.00e+00  0
VecSet                 4 1.0 2.0179e-05 1.0 0.00e+00 0.0 0.0e+00 0.0e+00 0.0e+00  0  0  0  0  0   0  0  0  0  0     0       0      0 0.00e+00    0 0.00e+00  0
VecAXPY               80 1.0 2.5613e-04 1.0 4.14e+06 1.0 0.0e+00 0.0e+00 0.0e+00  0  0  0  0  0   1  2  0  0  0 16147       0      0 0.00e+00    0 0.00e+00 100
VecAYPX               36 1.0 1.1593e-04 1.0 1.86e+06 1.0 0.0e+00 0.0e+00 0.0e+00  0  0  0  0  0   1  1  0  0  0 16054       0      0 0.00e+00    0 0.00e+00 100
VecReciprocal          1 1.0 4.1080e-06 1.0 0.00e+00 0.0 0.0e+00 0.0e+00 0.0e+00  0  0  0  0  0   0  0  0  0  0     0       0      0 0.00e+00    0 0.00e+00  0
VecScatterBegin       30 1.0 2.4427e-05 1.0 0.00e+00 0.0 0.0e+00 0.0e+00 0.0e+00  0  0  0  0  0   0  0  0  0  0     0       0      0 0.00e+00    0 0.00e+00  0
VecScatterEnd         30 1.0 1.4237e-05 1.0 0.00e+00 0.0 0.0e+00 0.0e+00 0.0e+00  0  0  0  0  0   0  0  0  0  0     0       0      0 0.00e+00    0 0.00e+00  0
SFReduceBegin          4 1.0 5.8920e-06 1.0 0.00e+00 0.0 0.0e+00 0.0e+00 0.0e+00  0  0  0  0  0   0  0  0  0  0     0       0      0 0.00e+00    0 0.00e+00  0
SFReduceEnd            4 1.0 2.8350e-06 1.0 0.00e+00 0.0 0.0e+00 0.0e+00 0.0e+00  0  0  0  0  0   0  0  0  0  0     0       0      0 0.00e+00    0 0.00e+00  0
SFPack                34 1.0 2.7920e-06 1.0 0.00e+00 0.0 0.0e+00 0.0e+00 0.0e+00  0  0  0  0  0   0  0  0  0  0     0       0      0 0.00e+00    0 0.00e+00  0
SFUnpack              34 1.0 2.5630e-06 1.0 0.00e+00 0.0 0.0e+00 0.0e+00 0.0e+00  0  0  0  0  0   0  0  0  0  0     0       0      0 0.00e+00    0 0.00e+00  0

--- Event Stage 4: 2nd Solve

MatMult              551 1.0 5.9188e-03 1.0 2.00e+09 1.0 0.0e+00 0.0e+00 0.0e+00  0 26  0  0  0  13 84  0  0  0 337854       0      0 0.00e+00    0 0.00e+00 100
MatMultAdd            96 1.0 4.6001e-04 1.0 1.20e+08 1.0 0.0e+00 0.0e+00 0.0e+00  0  2  0  0  0   1  5  0  0  0 261123       0      0 0.00e+00    0 0.00e+00 100
MatMultTranspose      96 1.0 6.7184e-04 1.0 1.20e+08 1.0 0.0e+00 0.0e+00 0.0e+00  0  2  0  0  0   1  5  0  0  0 178790       0      0 0.00e+00    0 0.00e+00 100
MatResidual           96 1.0 1.3806e-03 1.0 4.15e+08 1.0 0.0e+00 0.0e+00 0.0e+00  0  5  0  0  0   3 17  0  0  0 300716       0      0 0.00e+00    0 0.00e+00 100
KSPSolve               1 1.0 4.7102e-02 1.0 2.39e+09 1.0 0.0e+00 0.0e+00 0.0e+00  2 31  0  0  0 100 100  0  0  0 50650       0      0 0.00e+00    0 0.00e+00 100
PCApply               24 1.0 3.4115e-02 1.0 2.00e+09 1.0 0.0e+00 0.0e+00 0.0e+00  2 26  0  0  0  72 84  0  0  0 58572       0      0 0.00e+00    0 0.00e+00 100
VecTDot              384 1.0 1.7865e-02 1.0 9.83e+06 1.0 0.0e+00 0.0e+00 0.0e+00  1  0  0  0  0  38  0  0  0  0   550       0      0 0.00e+00    0 0.00e+00 100
VecNorm              192 1.0 1.3233e-02 1.0 4.92e+06 1.0 0.0e+00 0.0e+00 0.0e+00  1  0  0  0  0  28  0  0  0  0   372       0      0 0.00e+00    0 0.00e+00 100
VecCopy              338 1.0 1.3912e-03 1.0 0.00e+00 0.0 0.0e+00 0.0e+00 0.0e+00  0  0  0  0  0   3  0  0  0  0     0       0      0 0.00e+00    0 0.00e+00  0
VecSet               121 1.0 3.1494e-04 1.0 0.00e+00 0.0 0.0e+00 0.0e+00 0.0e+00  0  0  0  0  0   1  0  0  0  0     0       0      0 0.00e+00    0 0.00e+00  0
VecAXPY              334 1.0 1.0812e-03 1.0 9.44e+06 1.0 0.0e+00 0.0e+00 0.0e+00  0  0  0  0  0   2  0  0  0  0  8731       0      0 0.00e+00    0 0.00e+00 100
VecAYPX              718 1.0 2.3876e-03 1.0 3.43e+07 1.0 0.0e+00 0.0e+00 0.0e+00  0  0  0  0  0   5  1  0  0  0 14366       0      0 0.00e+00    0 0.00e+00 100
VecAXPBYCZ           192 1.0 6.4344e-04 1.0 2.48e+07 1.0 0.0e+00 0.0e+00 0.0e+00  0  0  0  0  0   1  1  0  0  0 38565       0      0 0.00e+00    0 0.00e+00 100
VecPointwiseMult     167 1.0 9.9375e-04 1.0 1.00e+03 1.0 0.0e+00 0.0e+00 0.0e+00  0  0  0  0  0   2  0  0  0  0     1       0      0 0.00e+00    0 0.00e+00 100
VecScatterBegin      431 1.0 3.2435e-04 1.0 0.00e+00 0.0 0.0e+00 0.0e+00 0.0e+00  0  0  0  0  0   1  0  0  0  0     0       0      0 0.00e+00    0 0.00e+00  0
VecScatterEnd        431 1.0 2.0005e-04 1.0 0.00e+00 0.0 0.0e+00 0.0e+00 0.0e+00  0  0  0  0  0   0  0  0  0  0     0       0      0 0.00e+00    0 0.00e+00  0
SFPack               431 1.0 3.2269e-05 1.0 0.00e+00 0.0 0.0e+00 0.0e+00 0.0e+00  0  0  0  0  0   0  0  0  0  0     0       0      0 0.00e+00    0 0.00e+00  0
SFUnpack             431 1.0 3.5636e-05 1.0 0.00e+00 0.0 0.0e+00 0.0e+00 0.0e+00  0  0  0  0  0   0  0  0  0  0     0       0      0 0.00e+00    0 0.00e+00  0

--- Event Stage 5: 3rd Setup


--- Event Stage 6: 3rd Solve

MatMult              551 1.0 5.8701e-03 1.0 2.00e+09 1.0 0.0e+00 0.0e+00 0.0e+00  0 26  0  0  0  12 84  0  0  0 340658       0      0 0.00e+00    0 0.00e+00 100
MatMultAdd            96 1.0 4.4977e-04 1.0 1.20e+08 1.0 0.0e+00 0.0e+00 0.0e+00  0  2  0  0  0   1  5  0  0  0 267066       0      0 0.00e+00    0 0.00e+00 100
MatMultTranspose      96 1.0 6.6332e-04 1.0 1.20e+08 1.0 0.0e+00 0.0e+00 0.0e+00  0  2  0  0  0   1  5  0  0  0 181086       0      0 0.00e+00    0 0.00e+00 100
MatScale               1 1.0 6.6220e-06 1.0 7.48e+06 1.0 0.0e+00 0.0e+00 0.0e+00  0  0  0  0  0   0  0  0  0  0 1128852       0      0 0.00e+00    0 0.00e+00 100
MatResidual           96 1.0 1.3687e-03 1.0 4.15e+08 1.0 0.0e+00 0.0e+00 0.0e+00  0  5  0  0  0   3 17  0  0  0 303336       0      0 0.00e+00    0 0.00e+00 100
KSPSolve               1 1.0 4.7105e-02 1.0 2.39e+09 1.0 0.0e+00 0.0e+00 0.0e+00  2 31  0  0  0 100 100  0  0  0 50647       0      0 0.00e+00    0 0.00e+00 100
PCApply               24 1.0 3.3996e-02 1.0 2.00e+09 1.0 0.0e+00 0.0e+00 0.0e+00  2 26  0  0  0  72 83  0  0  0 58778       0      0 0.00e+00    0 0.00e+00 100
VecTDot              384 1.0 1.7922e-02 1.0 9.83e+06 1.0 0.0e+00 0.0e+00 0.0e+00  1  0  0  0  0  38  0  0  0  0   549       0      0 0.00e+00    0 0.00e+00 100
VecNorm              192 1.0 1.3684e-02 1.0 4.92e+06 1.0 0.0e+00 0.0e+00 0.0e+00  1  0  0  0  0  29  0  0  0  0   359       0      0 0.00e+00    0 0.00e+00 100
VecCopy              338 1.0 1.3905e-03 1.0 0.00e+00 0.0 0.0e+00 0.0e+00 0.0e+00  0  0  0  0  0   3  0  0  0  0     0       0      0 0.00e+00    0 0.00e+00  0
VecSet               121 1.0 3.1841e-04 1.0 0.00e+00 0.0 0.0e+00 0.0e+00 0.0e+00  0  0  0  0  0   1  0  0  0  0     0       0      0 0.00e+00    0 0.00e+00  0
VecAXPY              334 1.0 1.0795e-03 1.0 9.44e+06 1.0 0.0e+00 0.0e+00 0.0e+00  0  0  0  0  0   2  0  0  0  0  8746       0      0 0.00e+00    0 0.00e+00 100
VecAYPX              718 1.0 2.3902e-03 1.0 3.43e+07 1.0 0.0e+00 0.0e+00 0.0e+00  0  0  0  0  0   5  1  0  0  0 14350       0      0 0.00e+00    0 0.00e+00 100
VecAXPBYCZ           192 1.0 6.3696e-04 1.0 2.48e+07 1.0 0.0e+00 0.0e+00 0.0e+00  0  0  0  0  0   1  1  0  0  0 38957       0      0 0.00e+00    0 0.00e+00 100
VecPointwiseMult     167 1.0 5.7168e-04 1.0 1.00e+03 1.0 0.0e+00 0.0e+00 0.0e+00  0  0  0  0  0   1  0  0  0  0     2       0      0 0.00e+00    0 0.00e+00 100
VecScatterBegin      431 1.0 3.2363e-04 1.0 0.00e+00 0.0 0.0e+00 0.0e+00 0.0e+00  0  0  0  0  0   1  0  0  0  0     0       0      0 0.00e+00    0 0.00e+00  0
VecScatterEnd        431 1.0 1.8863e-04 1.0 0.00e+00 0.0 0.0e+00 0.0e+00 0.0e+00  0  0  0  0  0   0  0  0  0  0     0       0      0 0.00e+00    0 0.00e+00  0
SFPack               431 1.0 3.2472e-05 1.0 0.00e+00 0.0 0.0e+00 0.0e+00 0.0e+00  0  0  0  0  0   0  0  0  0  0     0       0      0 0.00e+00    0 0.00e+00  0
SFUnpack             431 1.0 2.9820e-05 1.0 0.00e+00 0.0 0.0e+00 0.0e+00 0.0e+00  0  0  0  0  0   0  0  0  0  0     0       0      0 0.00e+00    0 0.00e+00  0
---------------------------------------------------------------------------------------------------------------------------------------------------------------

Object Type          Creations   Destructions. Reports information only for process 0.

--- Event Stage 0: Main Stage

           Container     4             12
       Krylov Solver     1             10
              Matrix     5             53
      Matrix Coarsen     0              1
   Matrix Null Space     1              1
      Preconditioner     1              6
              Viewer     1              1
  PetscDeviceContext     1              0
              Vector    10             57
   Star Forest Graph     0             16
    Distributed Mesh     0              4
     Discrete System     0              4
           Weak Form     0              4

--- Event Stage 1: Setup

           Container    37             29
       Krylov Solver    13              4
              Matrix   272            224
      Matrix Coarsen     4              3
      Preconditioner    13              8
              Vector   231            185
           Index Set    91             91
   Star Forest Graph    70             62
         PetscRandom     4              4

--- Event Stage 2: Solve

              Vector     1              0
   Star Forest Graph     8              0
    Distributed Mesh     4              0
     Discrete System     4              0
           Weak Form     4              0

--- Event Stage 3: 2nd Setup

              Vector    12             12

--- Event Stage 4: 2nd Solve


--- Event Stage 5: 3rd Setup


--- Event Stage 6: 3rd Solve

========================================================================================================================
Average time to get PetscTime(): 3.1e-08
#PETSc Option Table entries:
-alpha 1.e-3 # (source: command line)
-ksp_converged_reason # (source: command line)
-ksp_norm_type unpreconditioned # (source: command line)
-ksp_rtol 1e-6 # (source: command line)
-ksp_type cg # (source: command line)
-log_view # (source: command line)
-mat_type mpibaijkokkos # (source: command line)
-mg_coarse_ksp_type cg # (source: command line)
-mg_coarse_pc_type jacobi # (source: command line)
-mg_levels_ksp_type chebyshev # (source: command line)
-mg_levels_pc_type pbjacobi # (source: command line)
-ne 31 # (source: command line)
-pc_gamg_agg_nsmooths 1 # (source: command line)
-pc_gamg_coarse_eq_limit 20 # (source: command line)
-pc_gamg_parallel_coarse_grid_solver # (source: command line)
-pc_gamg_reuse_interpolation true # (source: command line)
-pc_gamg_type agg # (source: command line)
-pc_type gamg # (source: command line)
-two_solves # (source: command line)
-use_mat_nearnullspace # (source: command line)
#End of PETSc Option Table entries
Compiled without FORTRAN kernels
Compiled with full precision matrices (default)
sizeof(short) 2 sizeof(int) 4 sizeof(long) 8 sizeof(void*) 8 sizeof(PetscScalar) 8 sizeof(PetscInt) 4
Configure options: --with-kokkos-dir=/global/homes/m/madams/petsc/arch-perlmutter-opt-gcc-kokkos-cuda-notpl --with-kokkos-kernels-dir=/global/homes/m/madams/petsc/arch-perlmutter-opt-gcc-kokkos-cuda-notpl --with-triangle-dir=/global/homes/m/madams/petsc/arch-perlmutter-opt-gcc-kokkos-cuda-notpl --with-batch=0 --with-cc=cc --with-cxx=CC --with-fc=0 --with-debugging=0 --with-cuda=1 --with-cuda-arch=80 --with-kokkos-kernels-tpl=0 --with-make-np=8 --with-mpiexec=srun -G4 --gpu-bind=none PETSC_ARCH=arch-perlmutter-opt-gcc-kokkos-cuda-notpl
-----------------------------------------
Libraries compiled on 2026-06-22 14:37:25 on login21
Machine characteristics: Linux-6.4.0-150600.23.103_15.0.24-cray_shasta_c-x86_64-with-glibc2.3.4
Using PETSc directory: /global/u2/m/madams/petsc
Using PETSc arch: arch-perlmutter-opt-gcc-kokkos-cuda-notpl
-----------------------------------------

Using C compiler: cc  -fPIC -Wall -Wwrite-strings -Wno-unknown-pragmas -Wno-lto-type-mismatch -Wno-stringop-overflow -fstack-protector -fvisibility=hidden -g -O 
-----------------------------------------

Using include paths: -I/global/u2/m/madams/petsc/include -I/global/u2/m/madams/petsc/arch-perlmutter-opt-gcc-kokkos-cuda-notpl/include -I/global/homes/m/madams/petsc/arch-perlmutter-opt-gcc-kokkos-cuda-notpl/include -I/opt/nvidia/hpc_sdk/Linux_x86_64/25.5/cuda/12.9/include -I/opt/nvidia/hpc_sdk/Linux_x86_64/25.5/math_libs/12.9/include
-----------------------------------------

Using C linker: cc
Using libraries: -Wl,-rpath,/global/u2/m/madams/petsc/arch-perlmutter-opt-gcc-kokkos-cuda-notpl/lib -L/global/u2/m/madams/petsc/arch-perlmutter-opt-gcc-kokkos-cuda-notpl/lib -lpetsc -Wl,-rpath,/global/homes/m/madams/petsc/arch-perlmutter-opt-gcc-kokkos-cuda-notpl/lib -L/global/homes/m/madams/petsc/arch-perlmutter-opt-gcc-kokkos-cuda-notpl/lib -Wl,-rpath,/opt/nvidia/hpc_sdk/Linux_x86_64/25.5/cuda/12.9/lib64 -L/opt/nvidia/hpc_sdk/Linux_x86_64/25.5/cuda/12.9/lib64 -Wl,-rpath,/opt/nvidia/hpc_sdk/Linux_x86_64/25.5/math_libs/12.9/lib64 -L/opt/nvidia/hpc_sdk/Linux_x86_64/25.5/math_libs/12.9/lib64 -L/opt/nvidia/hpc_sdk/Linux_x86_64/25.5/cuda/12.9/lib64/stubs -lkokkoskernels -lkokkoscontainers -lkokkoscore -lkokkossimd -ltriangle -lcudart -lnvtx3interop -lcufft -lcublas -lcusparse -lcusolver -lcurand -lcuda -lnvidia-ml -lX11 -lstdc++ -lquadmath
-----------------------------------------

  Linear solve converged due to CONVERGED_RTOL iterations 24
  Linear solve converged due to CONVERGED_RTOL iterations 24
  Linear solve converged due to CONVERGED_RTOL iterations 24
[0]main |b-Ax|/|b|=7.102693e-07, |b|=3.122584e+00, emax=9.984292e-01
****************************************************************************************************************************************************************
***                                WIDEN YOUR WINDOW TO 160 CHARACTERS.  Use 'enscript -r -fCourier9' to print this document                                 ***
****************************************************************************************************************************************************************

------------------------------------------------------------------ PETSc Performance Summary: ------------------------------------------------------------------



      ##########################################################
      #                                                        #
      #                       WARNING!!!                       #
      #                                                        #
      #   This code was run with -log_view_gpu_time            #
      #   This provides accurate timing within the GPU kernels #
      #   but can slow down the entire computation by a        #
      #   measurable amount. For fastest runs we recommend     #
      #   not using this option.                               #
      #                                                        #
      ##########################################################


/global/homes/m/madams/petsc/arch-perlmutter-opt-gcc-kokkos-cuda-notpl/tests/ksp/ksp/tutorials/ex56 on a arch-perlmutter-opt-gcc-kokkos-cuda-notpl named nid001164 with 1 process and CUDA architecture 80, by madams on Mon Jun 22 07:47:01 2026
Using PETSc Development Git Revision: v3.25.2-340-g83d2bd4a8b4 Git Date: 2026-06-21 14:23:19 -0400

                         Max       Max/Min     Avg       Total
Time (sec):           2.177e+00     1.000   2.177e+00
Objects:              0.000e+00     0.000   0.000e+00
Flops:                7.764e+09     1.000   7.764e+09  7.764e+09
Flops/sec:            3.567e+09     1.000   3.567e+09  3.567e+09
MPI Msg Count:        0.000e+00     0.000   0.000e+00  0.000e+00
MPI Msg Len (bytes):  0.000e+00     0.000   0.000e+00  0.000e+00
MPI Reductions:       0.000e+00     0.000

Flop counting convention: 1 flop = 1 real number operation of type (multiply/divide/add/subtract)
                            e.g., VecAXPY() for real vectors of length N --> 2N flops
                            and VecAXPY() for complex vectors of length N --> 8N flops

Summary of Stages:   ----- Time ------  ----- Flop ------  --- Messages ---  -- Message Lengths --  -- Reductions --
                        Avg     %Total     Avg     %Total    Count   %Total     Avg         %Total    Count   %Total
 0:      Main Stage: 5.3860e-01  24.7%  2.1144e+07   0.3%  0.000e+00   0.0%  0.000e+00        0.0%  0.000e+00   0.0%
 1:           Setup: 1.3139e+00  60.4%  3.7963e+08   4.9%  0.000e+00   0.0%  0.000e+00        0.0%  0.000e+00   0.0%
 2:           Solve: 1.0054e-01   4.6%  2.3857e+09  30.7%  0.000e+00   0.0%  0.000e+00        0.0%  0.000e+00   0.0%
 3:       2nd Setup: 2.8283e-02   1.3%  1.9859e+08   2.6%  0.000e+00   0.0%  0.000e+00        0.0%  0.000e+00   0.0%
 4:       2nd Solve: 9.7828e-02   4.5%  2.3857e+09  30.7%  0.000e+00   0.0%  0.000e+00        0.0%  0.000e+00   0.0%
 5:       3rd Setup: 2.6100e-07   0.0%  0.0000e+00   0.0%  0.000e+00   0.0%  0.000e+00        0.0%  0.000e+00   0.0%
 6:       3rd Solve: 9.7653e-02   4.5%  2.3932e+09  30.8%  0.000e+00   0.0%  0.000e+00        0.0%  0.000e+00   0.0%

------------------------------------------------------------------------------------------------------------------------
See the 'Profiling' chapter of the users' manual for details on interpreting output.
Phase summary info:
   Count: number of times phase was executed
   Time and Flop: Max - maximum over all processes
                  Ratio - ratio of maximum to minimum over all processes
   Mess: number of messages sent
   AvgLen: average message length (bytes)
   Reduct: number of global reductions
   Global: entire computation
   Stage: stages of a computation. Set stages with PetscLogStagePush() and PetscLogStagePop().
      %T - percent time in this phase         %F - percent flop in this phase
      %M - percent messages in this phase     %L - percent message lengths in this phase
      %R - percent reductions in this phase
   Total Mflop/s: 1e-6 * (sum of flop over all processes)/(max time over all processes)
   GPU Mflop/s: 1e-6 * (sum of flop on GPU over all processes)/(max GPU time over all processes)
   CpuToGpu Count: total number of CPU to GPU copies per processor
   CpuToGpu Size (Mbytes): 1e-6 * (total size of CPU to GPU copies per processor)
   GpuToCpu Count: total number of GPU to CPU copies per processor
   GpuToCpu Size (Mbytes): 1e-6 * (total size of GPU to CPU copies per processor)
   GPU %F: percent flops on GPU in this event
------------------------------------------------------------------------------------------------------------------------
Event                Count      Time (sec)     Flop                              --- Global ---  --- Stage ----  Total   GPU    - CpuToGpu -   - GpuToCpu - GPU
                   Max Ratio  Max     Ratio   Max  Ratio  Mess   AvgLen  Reduct  %T %F %M %L %R  %T %F %M %L %R Mflop/s Mflop/s Count   Size   Count   Size  %F
---------------------------------------------------------------------------------------------------------------------------------------------------------------

--- Event Stage 0: Main Stage

BuildTwoSided          2 1.0 2.3285e-05 1.0 0.00e+00 0.0 0.0e+00 0.0e+00 0.0e+00  0  0  0  0  0   0  0  0  0  0     0       0      0 0.00e+00    0 0.00e+00  0
BuildTwoSidedF         2 1.0 3.2953e-05 1.0 0.00e+00 0.0 0.0e+00 0.0e+00 0.0e+00  0  0  0  0  0   0  0  0  0  0     0       0      0 0.00e+00    0 0.00e+00  0
MatMult                1 1.0 1.4868e-04 1.0 1.50e+07 1.0 0.0e+00 0.0e+00 0.0e+00  0  0  0  0  0   0 71  0  0  0 100557   108728      0 0.00e+00    0 0.00e+00 100
MatAssemblyBegin       1 1.0 7.6608e-05 1.0 0.00e+00 0.0 0.0e+00 0.0e+00 0.0e+00  0  0  0  0  0   0  0  0  0  0     0       0      0 0.00e+00    0 0.00e+00  0
MatAssemblyEnd         1 1.0 1.6895e-02 1.0 0.00e+00 0.0 0.0e+00 0.0e+00 0.0e+00  1  0  0  0  0   3  0  0  0  0     0       0      0 0.00e+00    0 0.00e+00  0
DCtxCreate             1 1.0 4.4496e-05 1.0 0.00e+00 0.0 0.0e+00 0.0e+00 0.0e+00  0  0  0  0  0   0  0  0  0  0     0       0      0 0.00e+00    0 0.00e+00  0
DCtxDestroy            1 1.0 2.2223e-05 1.0 0.00e+00 0.0 0.0e+00 0.0e+00 0.0e+00  0  0  0  0  0   0  0  0  0  0     0       0      0 0.00e+00    0 0.00e+00  0
DCtxSetUp              1 1.0 8.0150e-06 1.0 0.00e+00 0.0 0.0e+00 0.0e+00 0.0e+00  0  0  0  0  0   0  0  0  0  0     0       0      0 0.00e+00    0 0.00e+00  0
DCtxSetDevice          1 1.0 1.5400e-05 1.0 0.00e+00 0.0 0.0e+00 0.0e+00 0.0e+00  0  0  0  0  0   0  0  0  0  0     0       0      0 0.00e+00    0 0.00e+00  0
VecMDot                3 1.0 4.5632e-04 1.0 2.36e+06 1.0 0.0e+00 0.0e+00 0.0e+00  0  0  0  0  0   0 11  0  0  0  5170       0      0 0.00e+00    0 0.00e+00  0
VecNorm                5 1.0 1.3297e-04 1.0 9.83e+05 1.0 0.0e+00 0.0e+00 0.0e+00  0  0  0  0  0   0  5  0  0  0  7393    8815      0 0.00e+00    0 0.00e+00 40
VecScale               3 1.0 5.0377e-05 1.0 2.95e+05 1.0 0.0e+00 0.0e+00 0.0e+00  0  0  0  0  0   0  1  0  0  0  5854       0      0 0.00e+00    0 0.00e+00  0
VecAXPY                1 1.0 5.7812e-05 1.0 1.97e+05 1.0 0.0e+00 0.0e+00 0.0e+00  0  0  0  0  0   0  1  0  0  0  3401    4361      0 0.00e+00    0 0.00e+00 100
VecMAXPY               3 1.0 2.8415e-04 1.0 2.36e+06 1.0 0.0e+00 0.0e+00 0.0e+00  0  0  0  0  0   0 11  0  0  0  8303       0      0 0.00e+00    0 0.00e+00  0
VecAssemblyBegin       1 1.0 3.9100e-07 1.0 0.00e+00 0.0 0.0e+00 0.0e+00 0.0e+00  0  0  0  0  0   0  0  0  0  0     0       0      0 0.00e+00    0 0.00e+00  0
VecAssemblyEnd         1 1.0 1.0000e-07 1.0 0.00e+00 0.0 0.0e+00 0.0e+00 0.0e+00  0  0  0  0  0   0  0  0  0  0     0       0      0 0.00e+00    0 0.00e+00  0
VecNormalize           3 1.0 1.2719e-04 1.0 8.85e+05 1.0 0.0e+00 0.0e+00 0.0e+00  0  0  0  0  0   0  4  0  0  0  6956       0      0 0.00e+00    0 0.00e+00  0

--- Event Stage 1: Setup

BuildTwoSided         93 1.0 7.0641e-05 1.0 0.00e+00 0.0 0.0e+00 0.0e+00 0.0e+00  0  0  0  0  0   0  0  0  0  0     0       0      0 0.00e+00    0 0.00e+00  0
BuildTwoSidedF        23 1.0 3.4644e-05 1.0 0.00e+00 0.0 0.0e+00 0.0e+00 0.0e+00  0  0  0  0  0   0  0  0  0  0     0       0      0 0.00e+00    0 0.00e+00  0
MatMult               80 1.0 5.7601e-03 1.0 3.42e+08 1.0 0.0e+00 0.0e+00 0.0e+00  0  4  0  0  0   0 90  0  0  0 59348   80150      3 0.00e+00    0 0.00e+00 100
MatConvert            16 1.0 6.2942e-01 1.0 0.00e+00 0.0 0.0e+00 0.0e+00 0.0e+00 29  0  0  0  0  48  0  0  0  0     0       0      0 0.00e+00    8 2.00e+01  0
MatScale              12 1.0 1.9619e-03 1.0 4.22e+06 1.0 0.0e+00 0.0e+00 0.0e+00  0  0  0  0  0   0  1  0  0  0  2153    6409      0 0.00e+00    0 0.00e+00 59
MatAssemblyBegin      68 1.0 1.6124e-04 1.0 0.00e+00 0.0 0.0e+00 0.0e+00 0.0e+00  0  0  0  0  0   0  0  0  0  0     0       0      0 0.00e+00    0 0.00e+00  0
MatAssemblyEnd        68 1.0 2.2453e-02 1.0 0.00e+00 0.0 0.0e+00 0.0e+00 0.0e+00  1  0  0  0  0   2  0  0  0  0     0       0      0 0.00e+00    0 0.00e+00  0
MatSetValues     3494847 1.0 4.6578e-01 1.0 1.48e+06 1.0 0.0e+00 0.0e+00 0.0e+00 21  0  0  0  0  35  0  0  0  0     3       0      0 0.00e+00    0 0.00e+00  0
MatGetRow         411096 1.0 3.8772e-02 1.0 0.00e+00 0.0 0.0e+00 0.0e+00 0.0e+00  2  0  0  0  0   3  0  0  0  0     0       0      0 0.00e+00    0 0.00e+00  0
MatCoarsen             4 1.0 3.4890e-03 1.0 0.00e+00 0.0 0.0e+00 0.0e+00 0.0e+00  0  0  0  0  0   0  0  0  0  0     0       0      0 0.00e+00    0 0.00e+00  0
MatAXPY                8 1.0 7.0749e-01 1.0 1.48e+06 1.0 0.0e+00 0.0e+00 0.0e+00 33  0  0  0  0  54  0  0  0  0     2       0      0 0.00e+00    8 2.00e+01  0
MatTranspose           9 1.0 1.5843e-02 1.0 0.00e+00 0.0 0.0e+00 0.0e+00 0.0e+00  1  0  0  0  0   1  0  0  0  0     0       0      0 0.00e+00    0 0.00e+00  0
MatMatMultSym          4 1.0 1.1049e-01 1.0 0.00e+00 0.0 0.0e+00 0.0e+00 0.0e+00  5  0  0  0  0   8  0  0  0  0     0       0      0 0.00e+00   28 1.18e+02  0
MatMatMultNum          4 1.0 6.9200e-07 1.0 0.00e+00 0.0 0.0e+00 0.0e+00 0.0e+00  0  0  0  0  0   0  0  0  0  0     0       0      0 0.00e+00    0 0.00e+00  0
MatPtAPSymbolic        4 1.0 1.3259e-01 1.0 0.00e+00 0.0 0.0e+00 0.0e+00 0.0e+00  6  0  0  0  0  10  0  0  0  0     0       0      0 0.00e+00   28 1.26e+02  0
MatPtAPNumeric         4 1.0 6.7100e-07 1.0 0.00e+00 0.0 0.0e+00 0.0e+00 0.0e+00  0  0  0  0  0   0  0  0  0  0     0       0      0 0.00e+00    0 0.00e+00  0
MatTrnMatMultSym       1 1.0 1.3966e-01 1.0 0.00e+00 0.0 0.0e+00 0.0e+00 0.0e+00  6  0  0  0  0  11  0  0  0  0     0       0      0 0.00e+00    0 0.00e+00  0
MatCreateGraph         4 1.0 8.2284e-02 1.0 2.58e+06 1.0 0.0e+00 0.0e+00 0.0e+00  4  0  0  0  0   6  1  0  0  0    31       0      0 0.00e+00    6 8.57e+00  0
MatSetPreallCOO        8 1.0 2.3805e-02 1.0 0.00e+00 0.0 0.0e+00 0.0e+00 0.0e+00  1  0  0  0  0   2  0  0  0  0     0       0      0 0.00e+00   24 2.86e+01  0
MatSetValuesCOO        8 1.0 6.3357e-04 1.0 0.00e+00 0.0 0.0e+00 0.0e+00 0.0e+00  0  0  0  0  0   0  0  0  0  0     0       0      0 0.00e+00    0 0.00e+00  0
KSPSetUp               1 1.0 1.3106e-03 1.0 0.00e+00 0.0 0.0e+00 0.0e+00 0.0e+00  0  0  0  0  0   0  0  0  0  0     0       0      0 0.00e+00    0 0.00e+00  0
PCSetUp_GAMG+          1 1.0 1.3125e+00 1.0 3.80e+08 1.0 0.0e+00 0.0e+00 0.0e+00 60  5  0  0  0 100 100  0  0  0   289    3577      3 0.00e+00   70 2.72e+02 99
 PCGAMGCreateG         4 1.0 8.2291e-02 1.0 2.58e+06 1.0 0.0e+00 0.0e+00 0.0e+00  4  0  0  0  0   6  1  0  0  0    31       0      0 0.00e+00    6 8.57e+00  0
 GAMG Coarsen          8 1.0 1.6812e-01 1.0 0.00e+00 0.0 0.0e+00 0.0e+00 0.0e+00  8  0  0  0  0  13  0  0  0  0     0       0      0 0.00e+00    0 0.00e+00  0
  GAMG MIS/Agg         4 1.0 1.4328e-01 1.0 0.00e+00 0.0 0.0e+00 0.0e+00 0.0e+00  7  0  0  0  0  11  0  0  0  0     0       0      0 0.00e+00    0 0.00e+00  0
 PCGAMGProl            4 1.0 7.4664e-02 1.0 0.00e+00 0.0 0.0e+00 0.0e+00 0.0e+00  3  0  0  0  0   6  0  0  0  0     0       0      0 0.00e+00    0 0.00e+00  0
  GAMG Prol-col        4 1.0 2.3876e-05 1.0 0.00e+00 0.0 0.0e+00 0.0e+00 0.0e+00  0  0  0  0  0   0  0  0  0  0     0       0      0 0.00e+00    0 0.00e+00  0
  GAMG Prol-lift       4 1.0 7.1267e-02 1.0 0.00e+00 0.0 0.0e+00 0.0e+00 0.0e+00  3  0  0  0  0   5  0  0  0  0     0       0      0 0.00e+00    0 0.00e+00  0
 PCGAMGOptProl         4 1.0 8.2734e-01 1.0 1.86e+08 1.0 0.0e+00 0.0e+00 0.0e+00 38  2  0  0  0  63 49  0  0  0   225    5443      3 0.00e+00   36 1.38e+02 100
  GAMG smooth          4 1.0 7.7868e-01 1.0 3.12e+06 1.0 0.0e+00 0.0e+00 0.0e+00 36  0  0  0  0  59  1  0  0  0     4     126      0 0.00e+00   36 1.38e+02 80
 PCGAMGCreateL         4 1.0 1.3266e-01 1.0 0.00e+00 0.0 0.0e+00 0.0e+00 0.0e+00  6  0  0  0  0  10  0  0  0  0     0       0      0 0.00e+00   28 1.26e+02  0
  GAMG PtAP            4 1.0 1.3265e-01 1.0 0.00e+00 0.0 0.0e+00 0.0e+00 0.0e+00  6  0  0  0  0  10  0  0  0  0     0       0      0 0.00e+00   28 1.26e+02  0
PCGAMG Squ l00         1 1.0 1.3967e-01 1.0 0.00e+00 0.0 0.0e+00 0.0e+00 0.0e+00  6  0  0  0  0  11  0  0  0  0     0       0      0 0.00e+00    0 0.00e+00  0
PCGAMG Gal l00         1 1.0 6.4037e-02 1.0 0.00e+00 0.0 0.0e+00 0.0e+00 0.0e+00  3  0  0  0  0   5  0  0  0  0     0       0      0 0.00e+00    7 1.12e+02  0
PCGAMG Opt l00         1 1.0 8.9362e-02 1.0 0.00e+00 0.0 0.0e+00 0.0e+00 0.0e+00  4  0  0  0  0   7  0  0  0  0     0       0      0 0.00e+00    7 1.06e+02  0
PCGAMG Gal l01         1 1.0 1.3149e-02 1.0 0.00e+00 0.0 0.0e+00 0.0e+00 0.0e+00  1  0  0  0  0   1  0  0  0  0     0       0      0 0.00e+00    7 1.26e+01  0
PCGAMG Opt l01         1 1.0 7.0115e-03 1.0 0.00e+00 0.0 0.0e+00 0.0e+00 0.0e+00  0  0  0  0  0   1  0  0  0  0     0       0      0 0.00e+00    7 1.13e+01  0
PCGAMG Gal l02         1 1.0 4.8403e-02 1.0 0.00e+00 0.0 0.0e+00 0.0e+00 0.0e+00  2  0  0  0  0   4  0  0  0  0     0       0      0 0.00e+00    7 1.05e+00  0
PCGAMG Opt l02         1 1.0 1.0104e-02 1.0 0.00e+00 0.0 0.0e+00 0.0e+00 0.0e+00  0  0  0  0  0   1  0  0  0  0     0       0      0 0.00e+00    7 1.07e+00  0
PCGAMG Gal l03         1 1.0 7.0585e-03 1.0 0.00e+00 0.0 0.0e+00 0.0e+00 0.0e+00  0  0  0  0  0   1  0  0  0  0     0       0      0 0.00e+00    7 1.07e-02  0
PCGAMG Opt l03         1 1.0 4.0494e-03 1.0 0.00e+00 0.0 0.0e+00 0.0e+00 0.0e+00  0  0  0  0  0   0  0  0  0  0     0       0      0 0.00e+00    7 1.30e-02  0
PCSetUp                1 1.0 1.3125e+00 1.0 3.80e+08 1.0 0.0e+00 0.0e+00 0.0e+00 60  5  0  0  0 100 100  0  0  0   289    3577      3 0.00e+00   70 2.72e+02 99
VecTDot              184 1.0 1.2630e-02 1.0 9.51e+06 1.0 0.0e+00 0.0e+00 0.0e+00  1  0  0  0  0   1  3  0  0  0   753     871      0 0.00e+00    0 0.00e+00 100
VecNorm               44 1.0 1.3954e-03 1.0 2.27e+06 1.0 0.0e+00 0.0e+00 0.0e+00  0  0  0  0  0   0  1  0  0  0  1630    2304      0 0.00e+00    0 0.00e+00 100
VecCopy               16 1.0 3.5726e-04 1.0 0.00e+00 0.0 0.0e+00 0.0e+00 0.0e+00  0  0  0  0  0   0  0  0  0  0     0       0      0 0.00e+00    0 0.00e+00  0
VecSet                 8 1.0 1.7254e-04 1.0 0.00e+00 0.0 0.0e+00 0.0e+00 0.0e+00  0  0  0  0  0   0  0  0  0  0     0       0      0 0.00e+00    0 0.00e+00  0
VecAXPY              160 1.0 3.1662e-03 1.0 8.27e+06 1.0 0.0e+00 0.0e+00 0.0e+00  0  0  0  0  0   0  2  0  0  0  2612    5002      0 0.00e+00    0 0.00e+00 100
VecAYPX               72 1.0 1.1628e-03 1.0 3.72e+06 1.0 0.0e+00 0.0e+00 0.0e+00  0  0  0  0  0   0  1  0  0  0  3201    7891      0 0.00e+00    0 0.00e+00 100
VecAssemblyBegin       4 1.0 4.2100e-07 1.0 0.00e+00 0.0 0.0e+00 0.0e+00 0.0e+00  0  0  0  0  0   0  0  0  0  0     0       0      0 0.00e+00    0 0.00e+00  0
VecAssemblyEnd         4 1.0 3.9000e-07 1.0 0.00e+00 0.0 0.0e+00 0.0e+00 0.0e+00  0  0  0  0  0   0  0  0  0  0     0       0      0 0.00e+00    0 0.00e+00  0
VecPointwiseMult      44 1.0 7.2495e-04 1.0 1.14e+06 1.0 0.0e+00 0.0e+00 0.0e+00  0  0  0  0  0   0  0  0  0  0  1569    3789      0 0.00e+00    0 0.00e+00 100
VecReciprocal         12 1.0 2.2223e-04 1.0 0.00e+00 0.0 0.0e+00 0.0e+00 0.0e+00  0  0  0  0  0   0  0  0  0  0     0       0      0 0.00e+00    0 0.00e+00  0
VecSetValues      131072 1.0 8.0433e-03 1.0 0.00e+00 0.0 0.0e+00 0.0e+00 0.0e+00  0  0  0  0  0   1  0  0  0  0     0       0      0 0.00e+00    0 0.00e+00  0
VecScatterBegin       69 1.0 8.1350e-05 1.0 0.00e+00 0.0 0.0e+00 0.0e+00 0.0e+00  0  0  0  0  0   0  0  0  0  0     0       0      3 0.00e+00    0 0.00e+00  0
VecScatterEnd         69 1.0 4.0758e-05 1.0 0.00e+00 0.0 0.0e+00 0.0e+00 0.0e+00  0  0  0  0  0   0  0  0  0  0     0       0      0 0.00e+00    0 0.00e+00  0
SFSetGraph            70 1.0 1.0929e-05 1.0 0.00e+00 0.0 0.0e+00 0.0e+00 0.0e+00  0  0  0  0  0   0  0  0  0  0     0       0      0 0.00e+00    0 0.00e+00  0
SFSetUp               70 1.0 2.1545e-04 1.0 0.00e+00 0.0 0.0e+00 0.0e+00 0.0e+00  0  0  0  0  0   0  0  0  0  0     0       0      0 0.00e+00    0 0.00e+00  0
SFBcastBegin          12 1.0 2.7102e-05 1.0 0.00e+00 0.0 0.0e+00 0.0e+00 0.0e+00  0  0  0  0  0   0  0  0  0  0     0       0      0 0.00e+00    0 0.00e+00  0
SFBcastEnd            12 1.0 3.7180e-06 1.0 0.00e+00 0.0 0.0e+00 0.0e+00 0.0e+00  0  0  0  0  0   0  0  0  0  0     0       0      0 0.00e+00    0 0.00e+00  0
SFReduceBegin         31 1.0 1.2912e-04 1.0 0.00e+00 0.0 0.0e+00 0.0e+00 0.0e+00  0  0  0  0  0   0  0  0  0  0     0       0      0 0.00e+00    0 0.00e+00  0
SFReduceEnd           31 1.0 1.9306e-05 1.0 0.00e+00 0.0 0.0e+00 0.0e+00 0.0e+00  0  0  0  0  0   0  0  0  0  0     0       0      0 0.00e+00    0 0.00e+00  0
SFFetchOpBegin         8 1.0 2.0282e-05 1.0 0.00e+00 0.0 0.0e+00 0.0e+00 0.0e+00  0  0  0  0  0   0  0  0  0  0     0       0      0 0.00e+00    0 0.00e+00  0
SFFetchOpEnd           8 1.0 8.6270e-06 1.0 0.00e+00 0.0 0.0e+00 0.0e+00 0.0e+00  0  0  0  0  0   0  0  0  0  0     0       0      0 0.00e+00    0 0.00e+00  0
SFPack               120 1.0 1.2838e-05 1.0 0.00e+00 0.0 0.0e+00 0.0e+00 0.0e+00  0  0  0  0  0   0  0  0  0  0     0       0      0 0.00e+00    0 0.00e+00  0
SFUnpack             128 1.0 1.2061e-05 1.0 0.00e+00 0.0 0.0e+00 0.0e+00 0.0e+00  0  0  0  0  0   0  0  0  0  0     0       0      0 0.00e+00    0 0.00e+00  0

--- Event Stage 2: Solve

MatMult              551 1.0 3.7532e-02 1.0 2.00e+09 1.0 0.0e+00 0.0e+00 0.0e+00  2 26  0  0  0  37 84  0  0  0 53280   76080      1 0.00e+00    0 0.00e+00 100
MatMultAdd            96 1.0 2.6409e-03 1.0 1.20e+08 1.0 0.0e+00 0.0e+00 0.0e+00  0  2  0  0  0   3  5  0  0  0 45485   71294      0 0.00e+00    0 0.00e+00 100
MatMultTranspose      96 1.0 4.3923e-03 1.0 1.20e+08 1.0 0.0e+00 0.0e+00 0.0e+00  0  2  0  0  0   4  5  0  0  0 27348   34758      0 0.00e+00    0 0.00e+00 100
MatResidual           96 1.0 8.4236e-03 1.0 4.15e+08 1.0 0.0e+00 0.0e+00 0.0e+00  0  5  0  0  0   8 17  0  0  0 49288   73022      0 0.00e+00    0 0.00e+00 100
KSPSolve               1 1.0 1.0053e-01 1.0 2.39e+09 1.0 0.0e+00 0.0e+00 0.0e+00  5 31  0  0  0 100 100  0  0  0 23732   40674      1 0.00e+00    0 0.00e+00 100
PCApply               24 1.0 9.2810e-02 1.0 2.00e+09 1.0 0.0e+00 0.0e+00 0.0e+00  4 26  0  0  0  92 84  0  0  0 21530   37886      1 0.00e+00    0 0.00e+00 100
VecTDot              384 1.0 1.1207e-02 1.0 9.83e+06 1.0 0.0e+00 0.0e+00 0.0e+00  1  0  0  0  0  11  0  0  0  0   878    1302      0 0.00e+00    0 0.00e+00 100
VecNorm              192 1.0 5.6707e-03 1.0 4.92e+06 1.0 0.0e+00 0.0e+00 0.0e+00  0  0  0  0  0   6  0  0  0  0   867    1275      0 0.00e+00    0 0.00e+00 100
VecCopy              338 1.0 6.0805e-03 1.0 0.00e+00 0.0 0.0e+00 0.0e+00 0.0e+00  0  0  0  0  0   6  0  0  0  0     0       0      0 0.00e+00    0 0.00e+00  0
VecSet               121 1.0 1.7136e-03 1.0 0.00e+00 0.0 0.0e+00 0.0e+00 0.0e+00  0  0  0  0  0   2  0  0  0  0     0       0      0 0.00e+00    0 0.00e+00  0
VecAXPY              334 1.0 5.2294e-03 1.0 9.44e+06 1.0 0.0e+00 0.0e+00 0.0e+00  0  0  0  0  0   5  0  0  0  0  1805    4647      0 0.00e+00    0 0.00e+00 100
VecAYPX              718 1.0 1.1568e-02 1.0 3.43e+07 1.0 0.0e+00 0.0e+00 0.0e+00  1  0  0  0  0  12  1  0  0  0  2965    7355      0 0.00e+00    0 0.00e+00 100
VecAXPBYCZ           192 1.0 3.3546e-03 1.0 2.48e+07 1.0 0.0e+00 0.0e+00 0.0e+00  0  0  0  0  0   3  1  0  0  0  7397   16402      0 0.00e+00    0 0.00e+00 100
VecPointwiseMult     167 1.0 2.6123e-03 1.0 1.00e+03 1.0 0.0e+00 0.0e+00 0.0e+00  0  0  0  0  0   3  0  0  0  0     0       1      0 0.00e+00    0 0.00e+00 100
VecReciprocal          1 1.0 1.5269e-05 1.0 0.00e+00 0.0 0.0e+00 0.0e+00 0.0e+00  0  0  0  0  0   0  0  0  0  0     0       0      0 0.00e+00    0 0.00e+00  0
VecScatterBegin      431 1.0 3.2024e-04 1.0 0.00e+00 0.0 0.0e+00 0.0e+00 0.0e+00  0  0  0  0  0   0  0  0  0  0     0       0      1 0.00e+00    0 0.00e+00  0
VecScatterEnd        431 1.0 2.4736e-04 1.0 0.00e+00 0.0 0.0e+00 0.0e+00 0.0e+00  0  0  0  0  0   0  0  0  0  0     0       0      0 0.00e+00    0 0.00e+00  0
SFPack               431 1.0 3.8562e-05 1.0 0.00e+00 0.0 0.0e+00 0.0e+00 0.0e+00  0  0  0  0  0   0  0  0  0  0     0       0      0 0.00e+00    0 0.00e+00  0
SFUnpack             431 1.0 2.9490e-05 1.0 0.00e+00 0.0 0.0e+00 0.0e+00 0.0e+00  0  0  0  0  0   0  0  0  0  0     0       0      0 0.00e+00    0 0.00e+00  0

--- Event Stage 3: 2nd Setup

MatMult               40 1.0 2.8491e-03 1.0 1.71e+08 1.0 0.0e+00 0.0e+00 0.0e+00  0  2  0  0  0  10 86  0  0  0 59991   80926      0 0.00e+00    0 0.00e+00 100
MatScale               1 1.0 1.1397e-04 1.0 7.48e+06 1.0 0.0e+00 0.0e+00 0.0e+00  0  0  0  0  0   0  4  0  0  0 65589   82516      0 0.00e+00    0 0.00e+00 100
MatAssemblyBegin       4 1.0 6.3000e-07 1.0 0.00e+00 0.0 0.0e+00 0.0e+00 0.0e+00  0  0  0  0  0   0  0  0  0  0     0       0      0 0.00e+00    0 0.00e+00  0
MatAssemblyEnd         4 1.0 1.7430e-06 1.0 0.00e+00 0.0 0.0e+00 0.0e+00 0.0e+00  0  0  0  0  0   0  0  0  0  0     0       0      0 0.00e+00    0 0.00e+00  0
MatPtAPNumeric         4 1.0 6.2084e-03 1.0 0.00e+00 0.0 0.0e+00 0.0e+00 0.0e+00  0  0  0  0  0  22  0  0  0  0     0       0      0 0.00e+00    0 0.00e+00  0
MatSetValuesCOO        4 1.0 1.2933e-04 1.0 0.00e+00 0.0 0.0e+00 0.0e+00 0.0e+00  0  0  0  0  0   0  0  0  0  0     0       0      0 0.00e+00    0 0.00e+00  0
KSPSetUp               1 1.0 1.6000e-07 1.0 0.00e+00 0.0 0.0e+00 0.0e+00 0.0e+00  0  0  0  0  0   0  0  0  0  0     0       0      0 0.00e+00    0 0.00e+00  0
PCSetUp_GAMG+          1 1.0 2.8153e-02 1.0 1.91e+08 1.0 0.0e+00 0.0e+00 0.0e+00  1  2  0  0  0 100 96  0  0  0  6788   16035      4 2.60e+00    5 6.84e+01 100
PCGAMG Gal l00         1 1.0 3.0227e-03 1.0 0.00e+00 0.0 0.0e+00 0.0e+00 0.0e+00  0  0  0  0  0  11  0  0  0  0     0       0      0 0.00e+00    0 0.00e+00  0
PCGAMG Gal l01         1 1.0 2.7756e-03 1.0 0.00e+00 0.0 0.0e+00 0.0e+00 0.0e+00  0  0  0  0  0  10  0  0  0  0     0       0      0 0.00e+00    0 0.00e+00  0
PCGAMG Gal l02         1 1.0 3.0375e-04 1.0 0.00e+00 0.0 0.0e+00 0.0e+00 0.0e+00  0  0  0  0  0   1  0  0  0  0     0       0      0 0.00e+00    0 0.00e+00  0
PCGAMG Gal l03         1 1.0 1.1139e-04 1.0 0.00e+00 0.0 0.0e+00 0.0e+00 0.0e+00  0  0  0  0  0   0  0  0  0  0     0       0      0 0.00e+00    0 0.00e+00  0
PCSetUp                1 1.0 2.8158e-02 1.0 1.91e+08 1.0 0.0e+00 0.0e+00 0.0e+00  1  2  0  0  0 100 96  0  0  0  6787   16035      4 2.60e+00    5 6.84e+01 100
VecTDot               92 1.0 2.8007e-03 1.0 4.76e+06 1.0 0.0e+00 0.0e+00 0.0e+00  0  0  0  0  0  10  2  0  0  0  1698    2446      0 0.00e+00    0 0.00e+00 100
VecNorm               44 1.0 1.2865e-03 1.0 2.27e+06 1.0 0.0e+00 0.0e+00 0.0e+00  0  0  0  0  0   5  1  0  0  0  1768    2617      0 0.00e+00    0 0.00e+00 100
VecCopy                8 1.0 3.8438e-04 1.0 0.00e+00 0.0 0.0e+00 0.0e+00 0.0e+00  0  0  0  0  0   1  0  0  0  0     0       0      0 0.00e+00    0 0.00e+00  0
VecSet                 4 1.0 1.0751e-04 1.0 0.00e+00 0.0 0.0e+00 0.0e+00 0.0e+00  0  0  0  0  0   0  0  0  0  0     0       0      0 0.00e+00    0 0.00e+00  0
VecAXPY               80 1.0 1.2744e-03 1.0 4.14e+06 1.0 0.0e+00 0.0e+00 0.0e+00  0  0  0  0  0   5  2  0  0  0  3245    8305      0 0.00e+00    0 0.00e+00 100
VecAYPX               36 1.0 5.7768e-04 1.0 1.86e+06 1.0 0.0e+00 0.0e+00 0.0e+00  0  0  0  0  0   2  1  0  0  0  3222    8362      0 0.00e+00    0 0.00e+00 100
VecReciprocal          1 1.0 1.8997e-05 1.0 0.00e+00 0.0 0.0e+00 0.0e+00 0.0e+00  0  0  0  0  0   0  0  0  0  0     0       0      0 0.00e+00    0 0.00e+00  0
VecScatterBegin       30 1.0 2.4271e-05 1.0 0.00e+00 0.0 0.0e+00 0.0e+00 0.0e+00  0  0  0  0  0   0  0  0  0  0     0       0      0 0.00e+00    0 0.00e+00  0
VecScatterEnd         30 1.0 1.8122e-05 1.0 0.00e+00 0.0 0.0e+00 0.0e+00 0.0e+00  0  0  0  0  0   0  0  0  0  0     0       0      0 0.00e+00    0 0.00e+00  0
SFReduceBegin          4 1.0 1.2273e-05 1.0 0.00e+00 0.0 0.0e+00 0.0e+00 0.0e+00  0  0  0  0  0   0  0  0  0  0     0       0      0 0.00e+00    0 0.00e+00  0
SFReduceEnd            4 1.0 2.8260e-06 1.0 0.00e+00 0.0 0.0e+00 0.0e+00 0.0e+00  0  0  0  0  0   0  0  0  0  0     0       0      0 0.00e+00    0 0.00e+00  0
SFPack                34 1.0 3.4190e-06 1.0 0.00e+00 0.0 0.0e+00 0.0e+00 0.0e+00  0  0  0  0  0   0  0  0  0  0     0       0      0 0.00e+00    0 0.00e+00  0
SFUnpack              34 1.0 2.4750e-06 1.0 0.00e+00 0.0 0.0e+00 0.0e+00 0.0e+00  0  0  0  0  0   0  0  0  0  0     0       0      0 0.00e+00    0 0.00e+00  0

--- Event Stage 4: 2nd Solve

MatMult              551 1.0 3.6246e-02 1.0 2.00e+09 1.0 0.0e+00 0.0e+00 0.0e+00  2 26  0  0  0  37 84  0  0  0 55170   76941      0 0.00e+00    0 0.00e+00 100
MatMultAdd            96 1.0 2.6145e-03 1.0 1.20e+08 1.0 0.0e+00 0.0e+00 0.0e+00  0  2  0  0  0   3  5  0  0  0 45942   72605      0 0.00e+00    0 0.00e+00 100
MatMultTranspose      96 1.0 4.3198e-03 1.0 1.20e+08 1.0 0.0e+00 0.0e+00 0.0e+00  0  2  0  0  0   4  5  0  0  0 27806   35476      0 0.00e+00    0 0.00e+00 100
MatResidual           96 1.0 8.3990e-03 1.0 4.15e+08 1.0 0.0e+00 0.0e+00 0.0e+00  0  5  0  0  0   9 17  0  0  0 49432   73344      0 0.00e+00    0 0.00e+00 100
KSPSolve               1 1.0 9.7808e-02 1.0 2.39e+09 1.0 0.0e+00 0.0e+00 0.0e+00  4 31  0  0  0 100 100  0  0  0 24392   41572      0 0.00e+00    0 0.00e+00 100
PCApply               24 1.0 9.0724e-02 1.0 2.00e+09 1.0 0.0e+00 0.0e+00 0.0e+00  4 26  0  0  0  93 84  0  0  0 22025   38368      0 0.00e+00    0 0.00e+00 100
VecTDot              384 1.0 1.1133e-02 1.0 9.83e+06 1.0 0.0e+00 0.0e+00 0.0e+00  1  0  0  0  0  11  0  0  0  0   883    1311      0 0.00e+00    0 0.00e+00 100
VecNorm              192 1.0 5.5886e-03 1.0 4.92e+06 1.0 0.0e+00 0.0e+00 0.0e+00  0  0  0  0  0   6  0  0  0  0   880    1303      0 0.00e+00    0 0.00e+00 100
VecCopy              338 1.0 5.6207e-03 1.0 0.00e+00 0.0 0.0e+00 0.0e+00 0.0e+00  0  0  0  0  0   6  0  0  0  0     0       0      0 0.00e+00    0 0.00e+00  0
VecSet               121 1.0 1.7187e-03 1.0 0.00e+00 0.0 0.0e+00 0.0e+00 0.0e+00  0  0  0  0  0   2  0  0  0  0     0       0      0 0.00e+00    0 0.00e+00  0
VecAXPY              334 1.0 5.2494e-03 1.0 9.44e+06 1.0 0.0e+00 0.0e+00 0.0e+00  0  0  0  0  0   5  0  0  0  0  1798    4622      0 0.00e+00    0 0.00e+00 100
VecAYPX              718 1.0 1.1536e-02 1.0 3.43e+07 1.0 0.0e+00 0.0e+00 0.0e+00  1  0  0  0  0  12  1  0  0  0  2973    7407      0 0.00e+00    0 0.00e+00 100
VecAXPBYCZ           192 1.0 3.1456e-03 1.0 2.48e+07 1.0 0.0e+00 0.0e+00 0.0e+00  0  0  0  0  0   3  1  0  0  0  7888   19119      0 0.00e+00    0 0.00e+00 100
VecPointwiseMult     167 1.0 2.6204e-03 1.0 1.00e+03 1.0 0.0e+00 0.0e+00 0.0e+00  0  0  0  0  0   3  0  0  0  0     0       1      0 0.00e+00    0 0.00e+00 100
VecScatterBegin      431 1.0 3.2557e-04 1.0 0.00e+00 0.0 0.0e+00 0.0e+00 0.0e+00  0  0  0  0  0   0  0  0  0  0     0       0      0 0.00e+00    0 0.00e+00  0
VecScatterEnd        431 1.0 2.5271e-04 1.0 0.00e+00 0.0 0.0e+00 0.0e+00 0.0e+00  0  0  0  0  0   0  0  0  0  0     0       0      0 0.00e+00    0 0.00e+00  0
SFPack               431 1.0 3.7350e-05 1.0 0.00e+00 0.0 0.0e+00 0.0e+00 0.0e+00  0  0  0  0  0   0  0  0  0  0     0       0      0 0.00e+00    0 0.00e+00  0
SFUnpack             431 1.0 3.0152e-05 1.0 0.00e+00 0.0 0.0e+00 0.0e+00 0.0e+00  0  0  0  0  0   0  0  0  0  0     0       0      0 0.00e+00    0 0.00e+00  0

--- Event Stage 5: 3rd Setup


--- Event Stage 6: 3rd Solve

MatMult              551 1.0 3.6161e-02 1.0 2.00e+09 1.0 0.0e+00 0.0e+00 0.0e+00  2 26  0  0  0  37 84  0  0  0 55299   77100      0 0.00e+00    0 0.00e+00 100
MatMultAdd            96 1.0 2.6177e-03 1.0 1.20e+08 1.0 0.0e+00 0.0e+00 0.0e+00  0  2  0  0  0   3  5  0  0  0 45886   72724      0 0.00e+00    0 0.00e+00 100
MatMultTranspose      96 1.0 4.3075e-03 1.0 1.20e+08 1.0 0.0e+00 0.0e+00 0.0e+00  0  2  0  0  0   4  5  0  0  0 27886   35550      0 0.00e+00    0 0.00e+00 100
MatScale               1 1.0 1.0672e-04 1.0 7.48e+06 1.0 0.0e+00 0.0e+00 0.0e+00  0  0  0  0  0   0  0  0  0  0 70048   91251      0 0.00e+00    0 0.00e+00 100
MatResidual           96 1.0 8.3661e-03 1.0 4.15e+08 1.0 0.0e+00 0.0e+00 0.0e+00  0  5  0  0  0   9 17  0  0  0 49626   73408      0 0.00e+00    0 0.00e+00 100
KSPSolve               1 1.0 9.7538e-02 1.0 2.39e+09 1.0 0.0e+00 0.0e+00 0.0e+00  4 31  0  0  0 100 100  0  0  0 24459   41680      0 0.00e+00    0 0.00e+00 100
PCApply               24 1.0 9.0468e-02 1.0 2.00e+09 1.0 0.0e+00 0.0e+00 0.0e+00  4 26  0  0  0  93 83  0  0  0 22087   38481      0 0.00e+00    0 0.00e+00 100
VecTDot              384 1.0 1.1092e-02 1.0 9.83e+06 1.0 0.0e+00 0.0e+00 0.0e+00  1  0  0  0  0  11  0  0  0  0   887    1316      0 0.00e+00    0 0.00e+00 100
VecNorm              192 1.0 5.5749e-03 1.0 4.92e+06 1.0 0.0e+00 0.0e+00 0.0e+00  0  0  0  0  0   6  0  0  0  0   882    1307      0 0.00e+00    0 0.00e+00 100
VecCopy              338 1.0 5.5846e-03 1.0 0.00e+00 0.0 0.0e+00 0.0e+00 0.0e+00  0  0  0  0  0   6  0  0  0  0     0       0      0 0.00e+00    0 0.00e+00  0
VecSet               121 1.0 1.6990e-03 1.0 0.00e+00 0.0 0.0e+00 0.0e+00 0.0e+00  0  0  0  0  0   2  0  0  0  0     0       0      0 0.00e+00    0 0.00e+00  0
VecAXPY              334 1.0 5.2391e-03 1.0 9.44e+06 1.0 0.0e+00 0.0e+00 0.0e+00  0  0  0  0  0   5  0  0  0  0  1802    4650      0 0.00e+00    0 0.00e+00 100
VecAYPX              718 1.0 1.1517e-02 1.0 3.43e+07 1.0 0.0e+00 0.0e+00 0.0e+00  1  0  0  0  0  12  1  0  0  0  2978    7415      0 0.00e+00    0 0.00e+00 100
VecAXPBYCZ           192 1.0 3.1455e-03 1.0 2.48e+07 1.0 0.0e+00 0.0e+00 0.0e+00  0  0  0  0  0   3  1  0  0  0  7889   19031      0 0.00e+00    0 0.00e+00 100
VecPointwiseMult     167 1.0 2.6080e-03 1.0 1.00e+03 1.0 0.0e+00 0.0e+00 0.0e+00  0  0  0  0  0   3  0  0  0  0     0       1      0 0.00e+00    0 0.00e+00 100
VecScatterBegin      431 1.0 3.1692e-04 1.0 0.00e+00 0.0 0.0e+00 0.0e+00 0.0e+00  0  0  0  0  0   0  0  0  0  0     0       0      0 0.00e+00    0 0.00e+00  0
VecScatterEnd        431 1.0 2.5139e-04 1.0 0.00e+00 0.0 0.0e+00 0.0e+00 0.0e+00  0  0  0  0  0   0  0  0  0  0     0       0      0 0.00e+00    0 0.00e+00  0
SFPack               431 1.0 3.7652e-05 1.0 0.00e+00 0.0 0.0e+00 0.0e+00 0.0e+00  0  0  0  0  0   0  0  0  0  0     0       0      0 0.00e+00    0 0.00e+00  0
SFUnpack             431 1.0 2.9988e-05 1.0 0.00e+00 0.0 0.0e+00 0.0e+00 0.0e+00  0  0  0  0  0   0  0  0  0  0     0       0      0 0.00e+00    0 0.00e+00  0
---------------------------------------------------------------------------------------------------------------------------------------------------------------

Object Type          Creations   Destructions. Reports information only for process 0.

--- Event Stage 0: Main Stage

           Container     4             12
       Krylov Solver     1             10
              Matrix     5             53
      Matrix Coarsen     0              1
   Matrix Null Space     1              1
      Preconditioner     1              6
              Viewer     1              1
  PetscDeviceContext     1              0
              Vector    10             57
   Star Forest Graph     0             16
    Distributed Mesh     0              4
     Discrete System     0              4
           Weak Form     0              4

--- Event Stage 1: Setup

           Container    37             29
       Krylov Solver    13              4
              Matrix   272            224
      Matrix Coarsen     4              3
      Preconditioner    13              8
              Vector   231            185
           Index Set    91             91
   Star Forest Graph    70             62
         PetscRandom     4              4

--- Event Stage 2: Solve

              Vector     1              0
   Star Forest Graph     8              0
    Distributed Mesh     4              0
     Discrete System     4              0
           Weak Form     4              0

--- Event Stage 3: 2nd Setup

              Vector    12             12

--- Event Stage 4: 2nd Solve


--- Event Stage 5: 3rd Setup


--- Event Stage 6: 3rd Solve

========================================================================================================================
Average time to get PetscTime(): 3.21e-08
#PETSc Option Table entries:
-alpha 1.e-3 # (source: command line)
-ksp_converged_reason # (source: command line)
-ksp_norm_type unpreconditioned # (source: command line)
-ksp_rtol 1e-6 # (source: command line)
-ksp_type cg # (source: command line)
-log_view # (source: command line)
-log_view_gpu_time # (source: command line)
-mat_type mpibaijkokkos # (source: command line)
-mg_coarse_ksp_type cg # (source: command line)
-mg_coarse_pc_type jacobi # (source: command line)
-mg_levels_ksp_type chebyshev # (source: command line)
-mg_levels_pc_type pbjacobi # (source: command line)
-ne 31 # (source: command line)
-pc_gamg_agg_nsmooths 1 # (source: command line)
-pc_gamg_coarse_eq_limit 20 # (source: command line)
-pc_gamg_parallel_coarse_grid_solver # (source: command line)
-pc_gamg_reuse_interpolation true # (source: command line)
-pc_gamg_type agg # (source: command line)
-pc_type gamg # (source: command line)
-two_solves # (source: command line)
-use_mat_nearnullspace # (source: command line)
#End of PETSc Option Table entries
Compiled without FORTRAN kernels
Compiled with full precision matrices (default)
sizeof(short) 2 sizeof(int) 4 sizeof(long) 8 sizeof(void*) 8 sizeof(PetscScalar) 8 sizeof(PetscInt) 4
Configure options: --with-kokkos-dir=/global/homes/m/madams/petsc/arch-perlmutter-opt-gcc-kokkos-cuda-notpl --with-kokkos-kernels-dir=/global/homes/m/madams/petsc/arch-perlmutter-opt-gcc-kokkos-cuda-notpl --with-triangle-dir=/global/homes/m/madams/petsc/arch-perlmutter-opt-gcc-kokkos-cuda-notpl --with-batch=0 --with-cc=cc --with-cxx=CC --with-fc=0 --with-debugging=0 --with-cuda=1 --with-cuda-arch=80 --with-kokkos-kernels-tpl=0 --with-make-np=8 --with-mpiexec=srun -G4 --gpu-bind=none PETSC_ARCH=arch-perlmutter-opt-gcc-kokkos-cuda-notpl
-----------------------------------------
Libraries compiled on 2026-06-22 14:37:25 on login21
Machine characteristics: Linux-6.4.0-150600.23.103_15.0.24-cray_shasta_c-x86_64-with-glibc2.3.4
Using PETSc directory: /global/u2/m/madams/petsc
Using PETSc arch: arch-perlmutter-opt-gcc-kokkos-cuda-notpl
-----------------------------------------

Using C compiler: cc  -fPIC -Wall -Wwrite-strings -Wno-unknown-pragmas -Wno-lto-type-mismatch -Wno-stringop-overflow -fstack-protector -fvisibility=hidden -g -O 
-----------------------------------------

Using include paths: -I/global/u2/m/madams/petsc/include -I/global/u2/m/madams/petsc/arch-perlmutter-opt-gcc-kokkos-cuda-notpl/include -I/global/homes/m/madams/petsc/arch-perlmutter-opt-gcc-kokkos-cuda-notpl/include -I/opt/nvidia/hpc_sdk/Linux_x86_64/25.5/cuda/12.9/include -I/opt/nvidia/hpc_sdk/Linux_x86_64/25.5/math_libs/12.9/include
-----------------------------------------

Using C linker: cc
Using libraries: -Wl,-rpath,/global/u2/m/madams/petsc/arch-perlmutter-opt-gcc-kokkos-cuda-notpl/lib -L/global/u2/m/madams/petsc/arch-perlmutter-opt-gcc-kokkos-cuda-notpl/lib -lpetsc -Wl,-rpath,/global/homes/m/madams/petsc/arch-perlmutter-opt-gcc-kokkos-cuda-notpl/lib -L/global/homes/m/madams/petsc/arch-perlmutter-opt-gcc-kokkos-cuda-notpl/lib -Wl,-rpath,/opt/nvidia/hpc_sdk/Linux_x86_64/25.5/cuda/12.9/lib64 -L/opt/nvidia/hpc_sdk/Linux_x86_64/25.5/cuda/12.9/lib64 -Wl,-rpath,/opt/nvidia/hpc_sdk/Linux_x86_64/25.5/math_libs/12.9/lib64 -L/opt/nvidia/hpc_sdk/Linux_x86_64/25.5/math_libs/12.9/lib64 -L/opt/nvidia/hpc_sdk/Linux_x86_64/25.5/cuda/12.9/lib64/stubs -lkokkoskernels -lkokkoscontainers -lkokkoscore -lkokkossimd -ltriangle -lcudart -lnvtx3interop -lcufft -lcublas -lcusparse -lcusolver -lcurand -lcuda -lnvidia-ml -lX11 -lstdc++ -lquadmath
-----------------------------------------

  Linear solve converged due to CONVERGED_RTOL iterations 24
  Linear solve converged due to CONVERGED_RTOL iterations 24
  Linear solve converged due to CONVERGED_RTOL iterations 24
[0]main |b-Ax|/|b|=7.121479e-07, |b|=3.122584e+00, emax=9.984289e-01
****************************************************************************************************************************************************************
***                                WIDEN YOUR WINDOW TO 160 CHARACTERS.  Use 'enscript -r -fCourier9' to print this document                                 ***
****************************************************************************************************************************************************************

------------------------------------------------------------------ PETSc Performance Summary: ------------------------------------------------------------------

/global/homes/m/madams/petsc/arch-perlmutter-opt-gcc-kokkos-cuda-notpl/tests/ksp/ksp/tutorials/ex56 on a arch-perlmutter-opt-gcc-kokkos-cuda-notpl named nid001161 with 1 process and CUDA architecture 80, by madams on Mon Jun 22 07:47:06 2026
Using PETSc Development Git Revision: v3.25.2-340-g83d2bd4a8b4 Git Date: 2026-06-21 14:23:19 -0400

                         Max       Max/Min     Avg       Total
Time (sec):           1.047e+00     1.000   1.047e+00
Objects:              0.000e+00     0.000   0.000e+00
Flops:                7.776e+09     1.000   7.776e+09  7.776e+09
Flops/sec:            7.426e+09     1.000   7.426e+09  7.426e+09
MPI Msg Count:        0.000e+00     0.000   0.000e+00  0.000e+00
MPI Msg Len (bytes):  0.000e+00     0.000   0.000e+00  0.000e+00
MPI Reductions:       0.000e+00     0.000

Flop counting convention: 1 flop = 1 real number operation of type (multiply/divide/add/subtract)
                            e.g., VecAXPY() for real vectors of length N --> 2N flops
                            and VecAXPY() for complex vectors of length N --> 8N flops

Summary of Stages:   ----- Time ------  ----- Flop ------  --- Messages ---  -- Message Lengths --  -- Reductions --
                        Avg     %Total     Avg     %Total    Count   %Total     Avg         %Total    Count   %Total
 0:      Main Stage: 4.3945e-01  42.0%  3.0828e+07   0.4%  0.000e+00   0.0%  0.000e+00        0.0%  0.000e+00   0.0%
 1:           Setup: 4.0103e-01  38.3%  3.8189e+08   4.9%  0.000e+00   0.0%  0.000e+00        0.0%  0.000e+00   0.0%
 2:           Solve: 3.6637e-02   3.5%  2.3857e+09  30.7%  0.000e+00   0.0%  0.000e+00        0.0%  0.000e+00   0.0%
 3:       2nd Setup: 9.8561e-02   9.4%  1.9859e+08   2.6%  0.000e+00   0.0%  0.000e+00        0.0%  0.000e+00   0.0%
 4:       2nd Solve: 3.5724e-02   3.4%  2.3857e+09  30.7%  0.000e+00   0.0%  0.000e+00        0.0%  0.000e+00   0.0%
 5:       3rd Setup: 2.5000e-07   0.0%  0.0000e+00   0.0%  0.000e+00   0.0%  0.000e+00        0.0%  0.000e+00   0.0%
 6:       3rd Solve: 3.5730e-02   3.4%  2.3932e+09  30.8%  0.000e+00   0.0%  0.000e+00        0.0%  0.000e+00   0.0%

------------------------------------------------------------------------------------------------------------------------
See the 'Profiling' chapter of the users' manual for details on interpreting output.
Phase summary info:
   Count: number of times phase was executed
   Time and Flop: Max - maximum over all processes
                  Ratio - ratio of maximum to minimum over all processes
   Mess: number of messages sent
   AvgLen: average message length (bytes)
   Reduct: number of global reductions
   Global: entire computation
   Stage: stages of a computation. Set stages with PetscLogStagePush() and PetscLogStagePop().
      %T - percent time in this phase         %F - percent flop in this phase
      %M - percent messages in this phase     %L - percent message lengths in this phase
      %R - percent reductions in this phase
   Total Mflop/s: 1e-6 * (sum of flop over all processes)/(max time over all processes)
   GPU Mflop/s: 1e-6 * (sum of flop on GPU over all processes)/(max GPU time over all processes)
   CpuToGpu Count: total number of CPU to GPU copies per processor
   CpuToGpu Size (Mbytes): 1e-6 * (total size of CPU to GPU copies per processor)
   GpuToCpu Count: total number of GPU to CPU copies per processor
   GpuToCpu Size (Mbytes): 1e-6 * (total size of GPU to CPU copies per processor)
   GPU %F: percent flops on GPU in this event
------------------------------------------------------------------------------------------------------------------------
Event                Count      Time (sec)     Flop                              --- Global ---  --- Stage ----  Total   GPU    - CpuToGpu -   - GpuToCpu - GPU
                   Max Ratio  Max     Ratio   Max  Ratio  Mess   AvgLen  Reduct  %T %F %M %L %R  %T %F %M %L %R Mflop/s Mflop/s Count   Size   Count   Size  %F
---------------------------------------------------------------------------------------------------------------------------------------------------------------

--- Event Stage 0: Main Stage

MatMult                1 1.0 6.6230e-06 1.0 1.50e+07 1.0 0.0e+00 0.0e+00 0.0e+00  0  0  0  0  0   0 48  0  0  0 2257363       0      0 0.00e+00    0 0.00e+00 100
MatAssemblyBegin       1 1.0 6.4100e-07 1.0 0.00e+00 0.0 0.0e+00 0.0e+00 0.0e+00  0  0  0  0  0   0  0  0  0  0     0       0      0 0.00e+00    0 0.00e+00  0
MatAssemblyEnd         1 1.0 1.2645e-02 1.0 0.00e+00 0.0 0.0e+00 0.0e+00 0.0e+00  1  0  0  0  0   3  0  0  0  0     0       0      0 0.00e+00    0 0.00e+00  0
DCtxCreate             1 1.0 4.5437e-05 1.0 0.00e+00 0.0 0.0e+00 0.0e+00 0.0e+00  0  0  0  0  0   0  0  0  0  0     0       0      0 0.00e+00    0 0.00e+00  0
DCtxDestroy            1 1.0 1.6392e-05 1.0 0.00e+00 0.0 0.0e+00 0.0e+00 0.0e+00  0  0  0  0  0   0  0  0  0  0     0       0      0 0.00e+00    0 0.00e+00  0
DCtxSetUp              1 1.0 7.4740e-06 1.0 0.00e+00 0.0 0.0e+00 0.0e+00 0.0e+00  0  0  0  0  0   0  0  0  0  0     0       0      0 0.00e+00    0 0.00e+00  0
DCtxSetDevice          1 1.0 1.4127e-05 1.0 0.00e+00 0.0 0.0e+00 0.0e+00 0.0e+00  0  0  0  0  0   0  0  0  0  0     0       0      0 0.00e+00    0 0.00e+00  0
VecMDot                3 1.0 3.3922e-04 1.0 2.36e+06 1.0 0.0e+00 0.0e+00 0.0e+00  0  0  0  0  0   0  8  0  0  0  6955       0      0 0.00e+00    0 0.00e+00  0
VecNorm                5 1.0 8.4033e-05 1.0 9.83e+05 1.0 0.0e+00 0.0e+00 0.0e+00  0  0  0  0  0   0  3  0  0  0 11698       0      0 0.00e+00    0 0.00e+00 40
VecScale               3 1.0 5.0918e-05 1.0 2.95e+05 1.0 0.0e+00 0.0e+00 0.0e+00  0  0  0  0  0   0  1  0  0  0  5792       0      0 0.00e+00    0 0.00e+00  0
VecAXPY                1 1.0 3.2122e-05 1.0 1.97e+05 1.0 0.0e+00 0.0e+00 0.0e+00  0  0  0  0  0   0  1  0  0  0  6121       0      0 0.00e+00    0 0.00e+00 100
VecMAXPY               3 1.0 2.4800e-04 1.0 2.36e+06 1.0 0.0e+00 0.0e+00 0.0e+00  0  0  0  0  0   0  8  0  0  0  9513       0      0 0.00e+00    0 0.00e+00  0
VecAssemblyBegin       1 1.0 2.6000e-07 1.0 0.00e+00 0.0 0.0e+00 0.0e+00 0.0e+00  0  0  0  0  0   0  0  0  0  0     0       0      0 0.00e+00    0 0.00e+00  0
VecAssemblyEnd         1 1.0 1.1000e-07 1.0 0.00e+00 0.0 0.0e+00 0.0e+00 0.0e+00  0  0  0  0  0   0  0  0  0  0     0       0      0 0.00e+00    0 0.00e+00  0
VecNormalize           3 1.0 9.9762e-05 1.0 8.85e+05 1.0 0.0e+00 0.0e+00 0.0e+00  0  0  0  0  0   0  3  0  0  0  8868       0      0 0.00e+00    0 0.00e+00  0

--- Event Stage 1: Setup

MatMult               80 1.0 9.3623e-04 1.0 3.42e+08 1.0 0.0e+00 0.0e+00 0.0e+00  0  4  0  0  0   0 90  0  0  0 365133       0      0 0.00e+00    0 0.00e+00 100
MatScale              12 1.0 1.3979e-03 1.0 6.73e+06 1.0 0.0e+00 0.0e+00 0.0e+00  0  0  0  0  0   0  2  0  0  0  4811       0      0 0.00e+00    0 0.00e+00 100
MatAssemblyBegin      30 1.0 6.0520e-06 1.0 0.00e+00 0.0 0.0e+00 0.0e+00 0.0e+00  0  0  0  0  0   0  0  0  0  0     0       0      0 0.00e+00    0 0.00e+00  0
MatAssemblyEnd        30 1.0 1.3879e-02 1.0 0.00e+00 0.0 0.0e+00 0.0e+00 0.0e+00  1  0  0  0  0   3  0  0  0  0     0       0      0 0.00e+00    0 0.00e+00  0
MatSetValues       35313 1.0 1.5633e-02 1.0 0.00e+00 0.0 0.0e+00 0.0e+00 0.0e+00  1  0  0  0  0   4  0  0  0  0     0       0      0 0.00e+00    0 0.00e+00  0
MatGetValues       33616 1.0 6.4516e-02 1.0 0.00e+00 0.0 0.0e+00 0.0e+00 0.0e+00  6  0  0  0  0  16  0  0  0  0     0       0      0 0.00e+00    0 0.00e+00  0
MatGetRow         137080 1.0 1.0316e-01 1.0 0.00e+00 0.0 0.0e+00 0.0e+00 0.0e+00 10  0  0  0  0  26  0  0  0  0     0       0      0 0.00e+00   10 1.55e+01  0
MatCoarsen             4 1.0 4.3261e-03 1.0 0.00e+00 0.0 0.0e+00 0.0e+00 0.0e+00  0  0  0  0  0   1  0  0  0  0     0       0      3 6.78e-03    3 6.78e-03  0
MatAXPY                4 1.0 7.1197e-05 1.0 1.24e+06 1.0 0.0e+00 0.0e+00 0.0e+00  0  0  0  0  0   0  0  0  0  0 17426       0      0 0.00e+00    0 0.00e+00 100
MatTranspose           3 1.0 8.9510e-04 1.0 0.00e+00 0.0 0.0e+00 0.0e+00 0.0e+00  0  0  0  0  0   0  0  0  0  0     0       0      3 6.78e-03    0 0.00e+00  0
MatMatMultSym          4 1.0 1.7727e-02 1.0 0.00e+00 0.0 0.0e+00 0.0e+00 0.0e+00  2  0  0  0  0   4  0  0  0  0     0       0      4 4.96e+00    0 0.00e+00  0
MatMatMultNum          4 1.0 5.0990e-06 1.0 0.00e+00 0.0 0.0e+00 0.0e+00 0.0e+00  0  0  0  0  0   0  0  0  0  0     0       0      0 0.00e+00    0 0.00e+00  0
MatPtAPSymbolic        4 1.0 7.5072e-02 1.0 0.00e+00 0.0 0.0e+00 0.0e+00 0.0e+00  7  0  0  0  0  19  0  0  0  0     0       0      0 0.00e+00    0 0.00e+00  0
MatPtAPNumeric         4 1.0 6.1820e-06 1.0 0.00e+00 0.0 0.0e+00 0.0e+00 0.0e+00  0  0  0  0  0   0  0  0  0  0     0       0      0 0.00e+00    0 0.00e+00  0
MatTrnMatMultSym       1 1.0 1.7268e-02 1.0 0.00e+00 0.0 0.0e+00 0.0e+00 0.0e+00  2  0  0  0  0   4  0  0  0  0     0       0      0 0.00e+00    0 0.00e+00  0
MatCreateGraph         4 1.0 1.3650e-01 1.0 1.72e+06 1.0 0.0e+00 0.0e+00 0.0e+00 13  0  0  0  0  34  0  0  0  0    13       0      4 6.88e+00    7 8.84e+00 100
KSPSetUp               1 1.0 4.5086e-03 1.0 0.00e+00 0.0 0.0e+00 0.0e+00 0.0e+00  0  0  0  0  0   1  0  0  0  0     0       0      0 0.00e+00    0 0.00e+00  0
PCSetUp_GAMG+          1 1.0 3.9650e-01 1.0 3.82e+08 1.0 0.0e+00 0.0e+00 0.0e+00 38  5  0  0  0  99 100  0  0  0   963       0     12 7.17e+01   14 1.57e+01 100
 PCGAMGCreateG         4 1.0 1.3651e-01 1.0 1.72e+06 1.0 0.0e+00 0.0e+00 0.0e+00 13  0  0  0  0  34  0  0  0  0    13       0      4 6.88e+00    7 8.84e+00 100
 GAMG Coarsen          8 1.0 5.7413e-02 1.0 0.00e+00 0.0 0.0e+00 0.0e+00 0.0e+00  5  0  0  0  0  14  0  0  0  0     0       0      3 6.78e-03    7 6.89e+00  0
  GAMG MIS/Agg         4 1.0 2.1660e-02 1.0 0.00e+00 0.0 0.0e+00 0.0e+00 0.0e+00  2  0  0  0  0   5  0  0  0  0     0       0      3 6.78e-03    3 6.78e-03  0
 PCGAMGProl            4 1.0 1.4282e-02 1.0 0.00e+00 0.0 0.0e+00 0.0e+00 0.0e+00  1  0  0  0  0   4  0  0  0  0     0       0      0 0.00e+00    0 0.00e+00  0
  GAMG Prol-col        4 1.0 2.2434e-05 1.0 0.00e+00 0.0 0.0e+00 0.0e+00 0.0e+00  0  0  0  0  0   0  0  0  0  0     0       0      0 0.00e+00    0 0.00e+00  0
  GAMG Prol-lift       4 1.0 1.3893e-02 1.0 0.00e+00 0.0 0.0e+00 0.0e+00 0.0e+00  1  0  0  0  0   3  0  0  0  0     0       0      0 0.00e+00    0 0.00e+00  0
 PCGAMGOptProl         4 1.0 3.1203e-02 1.0 1.89e+08 1.0 0.0e+00 0.0e+00 0.0e+00  3  2  0  0  0   8 50  0  0  0  6059       0      5 6.48e+01    0 0.00e+00 100
  GAMG smooth          4 1.0 1.8600e-02 1.0 6.25e+06 1.0 0.0e+00 0.0e+00 0.0e+00  2  0  0  0  0   5  2  0  0  0   336       0      4 4.96e+00    0 0.00e+00 100
 PCGAMGCreateL         4 1.0 7.5122e-02 1.0 0.00e+00 0.0 0.0e+00 0.0e+00 0.0e+00  7  0  0  0  0  19  0  0  0  0     0       0      0 0.00e+00    0 0.00e+00  0
  GAMG PtAP            4 1.0 7.5113e-02 1.0 0.00e+00 0.0 0.0e+00 0.0e+00 0.0e+00  7  0  0  0  0  19  0  0  0  0     0       0      0 0.00e+00    0 0.00e+00  0
PCGAMG Squ l00         1 1.0 1.7272e-02 1.0 0.00e+00 0.0 0.0e+00 0.0e+00 0.0e+00  2  0  0  0  0   4  0  0  0  0     0       0      0 0.00e+00    0 0.00e+00  0
PCGAMG Gal l00         1 1.0 5.0404e-02 1.0 0.00e+00 0.0 0.0e+00 0.0e+00 0.0e+00  5  0  0  0  0  13  0  0  0  0     0       0      0 0.00e+00    0 0.00e+00  0
PCGAMG Opt l00         1 1.0 9.5176e-03 1.0 0.00e+00 0.0 0.0e+00 0.0e+00 0.0e+00  1  0  0  0  0   2  0  0  0  0     0       0      1 4.72e+00    0 0.00e+00  0
PCGAMG Gal l01         1 1.0 1.6622e-02 1.0 0.00e+00 0.0 0.0e+00 0.0e+00 0.0e+00  2  0  0  0  0   4  0  0  0  0     0       0      0 0.00e+00    0 0.00e+00  0
PCGAMG Opt l01         1 1.0 4.1727e-03 1.0 0.00e+00 0.0 0.0e+00 0.0e+00 0.0e+00  0  0  0  0  0   1  0  0  0  0     0       0      1 2.24e-01    0 0.00e+00  0
PCGAMG Gal l02         1 1.0 5.0857e-03 1.0 0.00e+00 0.0 0.0e+00 0.0e+00 0.0e+00  0  0  0  0  0   1  0  0  0  0     0       0      0 0.00e+00    0 0.00e+00  0
PCGAMG Opt l02         1 1.0 2.5952e-03 1.0 0.00e+00 0.0 0.0e+00 0.0e+00 0.0e+00  0  0  0  0  0   1  0  0  0  0     0       0      1 1.90e-02    0 0.00e+00  0
PCGAMG Gal l03         1 1.0 2.9993e-03 1.0 0.00e+00 0.0 0.0e+00 0.0e+00 0.0e+00  0  0  0  0  0   1  0  0  0  0     0       0      0 0.00e+00    0 0.00e+00  0
PCGAMG Opt l03         1 1.0 1.4847e-03 1.0 0.00e+00 0.0 0.0e+00 0.0e+00 0.0e+00  0  0  0  0  0   0  0  0  0  0     0       0      1 1.44e-03    0 0.00e+00  0
PCSetUp                1 1.0 3.9650e-01 1.0 3.82e+08 1.0 0.0e+00 0.0e+00 0.0e+00 38  5  0  0  0  99 100  0  0  0   963       0     12 7.17e+01   14 1.57e+01 100
VecTDot              184 1.0 5.7847e-03 1.0 9.51e+06 1.0 0.0e+00 0.0e+00 0.0e+00  1  0  0  0  0   1  2  0  0  0  1644       0      0 0.00e+00    0 0.00e+00 100
VecNorm               44 1.0 1.0133e-03 1.0 2.27e+06 1.0 0.0e+00 0.0e+00 0.0e+00  0  0  0  0  0   0  1  0  0  0  2245       0      0 0.00e+00    0 0.00e+00 100
VecCopy               16 1.0 1.6245e-04 1.0 0.00e+00 0.0 0.0e+00 0.0e+00 0.0e+00  0  0  0  0  0   0  0  0  0  0     0       0      0 0.00e+00    0 0.00e+00  0
VecSet                 8 1.0 4.5888e-05 1.0 0.00e+00 0.0 0.0e+00 0.0e+00 0.0e+00  0  0  0  0  0   0  0  0  0  0     0       0      0 0.00e+00    0 0.00e+00  0
VecAXPY              160 1.0 1.7557e-03 1.0 8.27e+06 1.0 0.0e+00 0.0e+00 0.0e+00  0  0  0  0  0   0  2  0  0  0  4711       0      0 0.00e+00    0 0.00e+00 100
VecAYPX               72 1.0 2.5080e-04 1.0 3.72e+06 1.0 0.0e+00 0.0e+00 0.0e+00  0  0  0  0  0   0  1  0  0  0 14841       0      0 0.00e+00    0 0.00e+00 100
VecPointwiseMult      44 1.0 2.0275e-04 1.0 1.14e+06 1.0 0.0e+00 0.0e+00 0.0e+00  0  0  0  0  0   0  0  0  0  0  5609       0      0 0.00e+00    0 0.00e+00 100
VecReciprocal         12 1.0 1.6720e-03 1.0 0.00e+00 0.0 0.0e+00 0.0e+00 0.0e+00  0  0  0  0  0   0  0  0  0  0     0       0      0 0.00e+00    0 0.00e+00  0

--- Event Stage 2: Solve

MatMult              551 1.0 1.9182e-03 1.0 2.00e+09 1.0 0.0e+00 0.0e+00 0.0e+00  0 26  0  0  0   5 84  0  0  0 1042465       0      0 0.00e+00    0 0.00e+00 100
MatMultAdd            96 1.0 3.8810e-04 1.0 1.20e+08 1.0 0.0e+00 0.0e+00 0.0e+00  0  2  0  0  0   1  5  0  0  0 309501       0      0 0.00e+00    0 0.00e+00 100
MatMultTranspose      96 1.0 3.3153e-04 1.0 1.20e+08 1.0 0.0e+00 0.0e+00 0.0e+00  0  2  0  0  0   1  5  0  0  0 362317       0      0 0.00e+00    0 0.00e+00 100
MatResidual           96 1.0 6.5168e-04 1.0 4.15e+08 1.0 0.0e+00 0.0e+00 0.0e+00  0  5  0  0  0   2 17  0  0  0 637093       0      0 0.00e+00    0 0.00e+00 100
KSPSolve               1 1.0 3.6626e-02 1.0 2.39e+09 1.0 0.0e+00 0.0e+00 0.0e+00  3 31  0  0  0 100 100  0  0  0 65137       0      0 0.00e+00    0 0.00e+00 100
PCApply               24 1.0 2.6499e-02 1.0 2.00e+09 1.0 0.0e+00 0.0e+00 0.0e+00  3 26  0  0  0  72 84  0  0  0 75407       0      0 0.00e+00    0 0.00e+00 100
VecTDot              384 1.0 1.5003e-02 1.0 9.83e+06 1.0 0.0e+00 0.0e+00 0.0e+00  1  0  0  0  0  41  0  0  0  0   655       0      0 0.00e+00    0 0.00e+00 100
VecNorm              192 1.0 1.0227e-02 1.0 4.92e+06 1.0 0.0e+00 0.0e+00 0.0e+00  1  0  0  0  0  28  0  0  0  0   481       0      0 0.00e+00    0 0.00e+00 100
VecCopy              338 1.0 1.2755e-03 1.0 0.00e+00 0.0 0.0e+00 0.0e+00 0.0e+00  0  0  0  0  0   3  0  0  0  0     0       0      0 0.00e+00    0 0.00e+00  0
VecSet               121 1.0 3.3835e-04 1.0 0.00e+00 0.0 0.0e+00 0.0e+00 0.0e+00  0  0  0  0  0   1  0  0  0  0     0       0      0 0.00e+00    0 0.00e+00  0
VecAXPY              334 1.0 1.0073e-03 1.0 9.44e+06 1.0 0.0e+00 0.0e+00 0.0e+00  0  0  0  0  0   3  0  0  0  0  9372       0      0 0.00e+00    0 0.00e+00 100
VecAYPX              718 1.0 2.1951e-03 1.0 3.43e+07 1.0 0.0e+00 0.0e+00 0.0e+00  0  0  0  0  0   6  1  0  0  0 15626       0      0 0.00e+00    0 0.00e+00 100
VecAXPBYCZ           192 1.0 8.4597e-04 1.0 2.48e+07 1.0 0.0e+00 0.0e+00 0.0e+00  0  0  0  0  0   2  1  0  0  0 29332       0      0 0.00e+00    0 0.00e+00 100
VecPointwiseMult     167 1.0 5.4753e-04 1.0 1.00e+03 1.0 0.0e+00 0.0e+00 0.0e+00  0  0  0  0  0   1  0  0  0  0     2       0      0 0.00e+00    0 0.00e+00 100
VecReciprocal          1 1.0 5.6310e-06 1.0 0.00e+00 0.0 0.0e+00 0.0e+00 0.0e+00  0  0  0  0  0   0  0  0  0  0     0       0      0 0.00e+00    0 0.00e+00  0

--- Event Stage 3: 2nd Setup

MatMult               40 1.0 1.5523e-04 1.0 1.71e+08 1.0 0.0e+00 0.0e+00 0.0e+00  0  2  0  0  0   0 86  0  0  0 1101114       0      0 0.00e+00    0 0.00e+00 100
MatScale               1 1.0 7.1730e-06 1.0 7.48e+06 1.0 0.0e+00 0.0e+00 0.0e+00  0  0  0  0  0   0  4  0  0  0 1042138       0      0 0.00e+00    0 0.00e+00 100
MatPtAPNumeric         4 1.0 8.5110e-02 1.0 0.00e+00 0.0 0.0e+00 0.0e+00 0.0e+00  8  0  0  0  0  86  0  0  0  0     0       0      0 0.00e+00    0 0.00e+00  0
KSPSetUp               1 1.0 1.5000e-07 1.0 0.00e+00 0.0 0.0e+00 0.0e+00 0.0e+00  0  0  0  0  0   0  0  0  0  0     0       0      0 0.00e+00    0 0.00e+00  0
PCSetUp_GAMG+          1 1.0 9.8539e-02 1.0 1.91e+08 1.0 0.0e+00 0.0e+00 0.0e+00  9  2  0  0  0 100 96  0  0  0  1939       0      4 2.60e+00    1 4.80e-05 100
PCGAMG Gal l00         1 1.0 2.8359e-02 1.0 0.00e+00 0.0 0.0e+00 0.0e+00 0.0e+00  3  0  0  0  0  29  0  0  0  0     0       0      0 0.00e+00    0 0.00e+00  0
PCGAMG Gal l01         1 1.0 1.9712e-02 1.0 0.00e+00 0.0 0.0e+00 0.0e+00 0.0e+00  2  0  0  0  0  20  0  0  0  0     0       0      0 0.00e+00    0 0.00e+00  0
PCGAMG Gal l02         1 1.0 1.5709e-02 1.0 0.00e+00 0.0 0.0e+00 0.0e+00 0.0e+00  2  0  0  0  0  16  0  0  0  0     0       0      0 0.00e+00    0 0.00e+00  0
PCGAMG Gal l03         1 1.0 2.1337e-02 1.0 0.00e+00 0.0 0.0e+00 0.0e+00 0.0e+00  2  0  0  0  0  22  0  0  0  0     0       0      0 0.00e+00    0 0.00e+00  0
PCSetUp                1 1.0 9.8541e-02 1.0 1.91e+08 1.0 0.0e+00 0.0e+00 0.0e+00  9  2  0  0  0 100 96  0  0  0  1939       0      4 2.60e+00    1 4.80e-05 100
VecTDot               92 1.0 2.7702e-03 1.0 4.76e+06 1.0 0.0e+00 0.0e+00 0.0e+00  0  0  0  0  0   3  2  0  0  0  1717       0      0 0.00e+00    0 0.00e+00 100
VecNorm               44 1.0 8.9386e-04 1.0 2.27e+06 1.0 0.0e+00 0.0e+00 0.0e+00  0  0  0  0  0   1  1  0  0  0  2545       0      0 0.00e+00    0 0.00e+00 100
VecCopy                8 1.0 1.1299e-04 1.0 0.00e+00 0.0 0.0e+00 0.0e+00 0.0e+00  0  0  0  0  0   0  0  0  0  0     0       0      0 0.00e+00    0 0.00e+00  0
VecSet                 4 1.0 1.8687e-05 1.0 0.00e+00 0.0 0.0e+00 0.0e+00 0.0e+00  0  0  0  0  0   0  0  0  0  0     0       0      0 0.00e+00    0 0.00e+00  0
VecAXPY               80 1.0 2.3937e-04 1.0 4.14e+06 1.0 0.0e+00 0.0e+00 0.0e+00  0  0  0  0  0   0  2  0  0  0 17277       0      0 0.00e+00    0 0.00e+00 100
VecAYPX               36 1.0 1.1079e-04 1.0 1.86e+06 1.0 0.0e+00 0.0e+00 0.0e+00  0  0  0  0  0   0  1  0  0  0 16797       0      0 0.00e+00    0 0.00e+00 100
VecReciprocal          1 1.0 4.3180e-06 1.0 0.00e+00 0.0 0.0e+00 0.0e+00 0.0e+00  0  0  0  0  0   0  0  0  0  0     0       0      0 0.00e+00    0 0.00e+00  0

--- Event Stage 4: 2nd Solve

MatMult              551 1.0 1.9054e-03 1.0 2.00e+09 1.0 0.0e+00 0.0e+00 0.0e+00  0 26  0  0  0   5 84  0  0  0 1049509       0      0 0.00e+00    0 0.00e+00 100
MatMultAdd            96 1.0 3.5784e-04 1.0 1.20e+08 1.0 0.0e+00 0.0e+00 0.0e+00  0  2  0  0  0   1  5  0  0  0 335680       0      0 0.00e+00    0 0.00e+00 100
MatMultTranspose      96 1.0 3.2371e-04 1.0 1.20e+08 1.0 0.0e+00 0.0e+00 0.0e+00  0  2  0  0  0   1  5  0  0  0 371065       0      0 0.00e+00    0 0.00e+00 100
MatResidual           96 1.0 6.4021e-04 1.0 4.15e+08 1.0 0.0e+00 0.0e+00 0.0e+00  0  5  0  0  0   2 17  0  0  0 648502       0      0 0.00e+00    0 0.00e+00 100
KSPSolve               1 1.0 3.5703e-02 1.0 2.39e+09 1.0 0.0e+00 0.0e+00 0.0e+00  3 31  0  0  0 100 100  0  0  0 66821       0      0 0.00e+00    0 0.00e+00 100
PCApply               24 1.0 2.5827e-02 1.0 2.00e+09 1.0 0.0e+00 0.0e+00 0.0e+00  2 26  0  0  0  72 84  0  0  0 77367       0      0 0.00e+00    0 0.00e+00 100
VecTDot              384 1.0 1.4921e-02 1.0 9.83e+06 1.0 0.0e+00 0.0e+00 0.0e+00  1  0  0  0  0  42  0  0  0  0   659       0      0 0.00e+00    0 0.00e+00 100
VecNorm              192 1.0 1.0160e-02 1.0 4.92e+06 1.0 0.0e+00 0.0e+00 0.0e+00  1  0  0  0  0  28  0  0  0  0   484       0      0 0.00e+00    0 0.00e+00 100
VecCopy              338 1.0 1.2162e-03 1.0 0.00e+00 0.0 0.0e+00 0.0e+00 0.0e+00  0  0  0  0  0   3  0  0  0  0     0       0      0 0.00e+00    0 0.00e+00  0
VecSet               121 1.0 3.2265e-04 1.0 0.00e+00 0.0 0.0e+00 0.0e+00 0.0e+00  0  0  0  0  0   1  0  0  0  0     0       0      0 0.00e+00    0 0.00e+00  0
VecAXPY              334 1.0 9.9987e-04 1.0 9.44e+06 1.0 0.0e+00 0.0e+00 0.0e+00  0  0  0  0  0   3  0  0  0  0  9442       0      0 0.00e+00    0 0.00e+00 100
VecAYPX              718 1.0 2.1477e-03 1.0 3.43e+07 1.0 0.0e+00 0.0e+00 0.0e+00  0  0  0  0  0   6  1  0  0  0 15971       0      0 0.00e+00    0 0.00e+00 100
VecAXPBYCZ           192 1.0 5.9845e-04 1.0 2.48e+07 1.0 0.0e+00 0.0e+00 0.0e+00  0  0  0  0  0   2  1  0  0  0 41464       0      0 0.00e+00    0 0.00e+00 100
VecPointwiseMult     167 1.0 8.4039e-04 1.0 1.00e+03 1.0 0.0e+00 0.0e+00 0.0e+00  0  0  0  0  0   2  0  0  0  0     1       0      0 0.00e+00    0 0.00e+00 100

--- Event Stage 5: 3rd Setup


--- Event Stage 6: 3rd Solve

MatMult              551 1.0 1.9129e-03 1.0 2.00e+09 1.0 0.0e+00 0.0e+00 0.0e+00  0 26  0  0  0   5 84  0  0  0 1045395       0      0 0.00e+00    0 0.00e+00 100
MatMultAdd            96 1.0 3.5972e-04 1.0 1.20e+08 1.0 0.0e+00 0.0e+00 0.0e+00  0  2  0  0  0   1  5  0  0  0 333923       0      0 0.00e+00    0 0.00e+00 100
MatMultTranspose      96 1.0 3.2320e-04 1.0 1.20e+08 1.0 0.0e+00 0.0e+00 0.0e+00  0  2  0  0  0   1  5  0  0  0 371649       0      0 0.00e+00    0 0.00e+00 100
MatScale               1 1.0 5.1800e-06 1.0 7.48e+06 1.0 0.0e+00 0.0e+00 0.0e+00  0  0  0  0  0   0  0  0  0  0 1443100       0      0 0.00e+00    0 0.00e+00 100
MatResidual           96 1.0 6.4238e-04 1.0 4.15e+08 1.0 0.0e+00 0.0e+00 0.0e+00  0  5  0  0  0   2 17  0  0  0 646318       0      0 0.00e+00    0 0.00e+00 100
KSPSolve               1 1.0 3.5717e-02 1.0 2.39e+09 1.0 0.0e+00 0.0e+00 0.0e+00  3 31  0  0  0 100 100  0  0  0 66795       0      0 0.00e+00    0 0.00e+00 100
PCApply               24 1.0 2.5797e-02 1.0 2.00e+09 1.0 0.0e+00 0.0e+00 0.0e+00  2 26  0  0  0  72 83  0  0  0 77458       0      0 0.00e+00    0 0.00e+00 100
VecTDot              384 1.0 1.4917e-02 1.0 9.83e+06 1.0 0.0e+00 0.0e+00 0.0e+00  1  0  0  0  0  42  0  0  0  0   659       0      0 0.00e+00    0 0.00e+00 100
VecNorm              192 1.0 1.0485e-02 1.0 4.92e+06 1.0 0.0e+00 0.0e+00 0.0e+00  1  0  0  0  0  29  0  0  0  0   469       0      0 0.00e+00    0 0.00e+00 100
VecCopy              338 1.0 1.2070e-03 1.0 0.00e+00 0.0 0.0e+00 0.0e+00 0.0e+00  0  0  0  0  0   3  0  0  0  0     0       0      0 0.00e+00    0 0.00e+00  0
VecSet               121 1.0 3.2071e-04 1.0 0.00e+00 0.0 0.0e+00 0.0e+00 0.0e+00  0  0  0  0  0   1  0  0  0  0     0       0      0 0.00e+00    0 0.00e+00  0
VecAXPY              334 1.0 1.0011e-03 1.0 9.44e+06 1.0 0.0e+00 0.0e+00 0.0e+00  0  0  0  0  0   3  0  0  0  0  9430       0      0 0.00e+00    0 0.00e+00 100
VecAYPX              718 1.0 2.1527e-03 1.0 3.43e+07 1.0 0.0e+00 0.0e+00 0.0e+00  0  0  0  0  0   6  1  0  0  0 15933       0      0 0.00e+00    0 0.00e+00 100
VecAXPBYCZ           192 1.0 6.0185e-04 1.0 2.48e+07 1.0 0.0e+00 0.0e+00 0.0e+00  0  0  0  0  0   2  1  0  0  0 41230       0      0 0.00e+00    0 0.00e+00 100
VecPointwiseMult     167 1.0 5.4275e-04 1.0 1.00e+03 1.0 0.0e+00 0.0e+00 0.0e+00  0  0  0  0  0   2  0  0  0  0     2       0      0 0.00e+00    0 0.00e+00 100
---------------------------------------------------------------------------------------------------------------------------------------------------------------

Object Type          Creations   Destructions. Reports information only for process 0.

--- Event Stage 0: Main Stage

           Container     4              4
       Krylov Solver     1             10
              Matrix     1             17
      Matrix Coarsen     0              1
   Matrix Null Space     1              1
      Preconditioner     1              6
              Viewer     1              1
  PetscDeviceContext     1              0
              Vector    10             53
    Distributed Mesh     0              4
   Star Forest Graph     0              8
     Discrete System     0              4
           Weak Form     0              4

--- Event Stage 1: Setup

       Krylov Solver    13              4
              Matrix    34             18
      Matrix Coarsen     4              3
      Preconditioner    13              8
              Vector    85             43
         PetscRandom     4              4
           Index Set     5              5

--- Event Stage 2: Solve

              Vector     1              0
    Distributed Mesh     4              0
   Star Forest Graph     8              0
     Discrete System     4              0
           Weak Form     4              0

--- Event Stage 3: 2nd Setup

              Vector    12             12

--- Event Stage 4: 2nd Solve


--- Event Stage 5: 3rd Setup


--- Event Stage 6: 3rd Solve

========================================================================================================================
Average time to get PetscTime(): 3.5e-08
#PETSc Option Table entries:
-alpha 1.e-3 # (source: command line)
-ksp_converged_reason # (source: command line)
-ksp_norm_type unpreconditioned # (source: command line)
-ksp_rtol 1e-6 # (source: command line)
-ksp_type cg # (source: command line)
-log_view # (source: command line)
-mat_type aijkokkos # (source: command line)
-mg_coarse_ksp_type cg # (source: command line)
-mg_coarse_pc_type jacobi # (source: command line)
-mg_levels_ksp_type chebyshev # (source: command line)
-mg_levels_pc_type pbjacobi # (source: command line)
-ne 31 # (source: command line)
-pc_gamg_agg_nsmooths 1 # (source: command line)
-pc_gamg_coarse_eq_limit 20 # (source: command line)
-pc_gamg_parallel_coarse_grid_solver # (source: command line)
-pc_gamg_reuse_interpolation true # (source: command line)
-pc_gamg_type agg # (source: command line)
-pc_type gamg # (source: command line)
-two_solves # (source: command line)
-use_mat_nearnullspace # (source: command line)
#End of PETSc Option Table entries
Compiled without FORTRAN kernels
Compiled with full precision matrices (default)
sizeof(short) 2 sizeof(int) 4 sizeof(long) 8 sizeof(void*) 8 sizeof(PetscScalar) 8 sizeof(PetscInt) 4
Configure options: --with-kokkos-dir=/global/homes/m/madams/petsc/arch-perlmutter-opt-gcc-kokkos-cuda-notpl --with-kokkos-kernels-dir=/global/homes/m/madams/petsc/arch-perlmutter-opt-gcc-kokkos-cuda-notpl --with-triangle-dir=/global/homes/m/madams/petsc/arch-perlmutter-opt-gcc-kokkos-cuda-notpl --with-batch=0 --with-cc=cc --with-cxx=CC --with-fc=0 --with-debugging=0 --with-cuda=1 --with-cuda-arch=80 --with-kokkos-kernels-tpl=0 --with-make-np=8 --with-mpiexec=srun -G4 --gpu-bind=none PETSC_ARCH=arch-perlmutter-opt-gcc-kokkos-cuda-notpl
-----------------------------------------
Libraries compiled on 2026-06-22 14:37:25 on login21
Machine characteristics: Linux-6.4.0-150600.23.103_15.0.24-cray_shasta_c-x86_64-with-glibc2.3.4
Using PETSc directory: /global/u2/m/madams/petsc
Using PETSc arch: arch-perlmutter-opt-gcc-kokkos-cuda-notpl
-----------------------------------------

Using C compiler: cc  -fPIC -Wall -Wwrite-strings -Wno-unknown-pragmas -Wno-lto-type-mismatch -Wno-stringop-overflow -fstack-protector -fvisibility=hidden -g -O 
-----------------------------------------

Using include paths: -I/global/u2/m/madams/petsc/include -I/global/u2/m/madams/petsc/arch-perlmutter-opt-gcc-kokkos-cuda-notpl/include -I/global/homes/m/madams/petsc/arch-perlmutter-opt-gcc-kokkos-cuda-notpl/include -I/opt/nvidia/hpc_sdk/Linux_x86_64/25.5/cuda/12.9/include -I/opt/nvidia/hpc_sdk/Linux_x86_64/25.5/math_libs/12.9/include
-----------------------------------------

Using C linker: cc
Using libraries: -Wl,-rpath,/global/u2/m/madams/petsc/arch-perlmutter-opt-gcc-kokkos-cuda-notpl/lib -L/global/u2/m/madams/petsc/arch-perlmutter-opt-gcc-kokkos-cuda-notpl/lib -lpetsc -Wl,-rpath,/global/homes/m/madams/petsc/arch-perlmutter-opt-gcc-kokkos-cuda-notpl/lib -L/global/homes/m/madams/petsc/arch-perlmutter-opt-gcc-kokkos-cuda-notpl/lib -Wl,-rpath,/opt/nvidia/hpc_sdk/Linux_x86_64/25.5/cuda/12.9/lib64 -L/opt/nvidia/hpc_sdk/Linux_x86_64/25.5/cuda/12.9/lib64 -Wl,-rpath,/opt/nvidia/hpc_sdk/Linux_x86_64/25.5/math_libs/12.9/lib64 -L/opt/nvidia/hpc_sdk/Linux_x86_64/25.5/math_libs/12.9/lib64 -L/opt/nvidia/hpc_sdk/Linux_x86_64/25.5/cuda/12.9/lib64/stubs -lkokkoskernels -lkokkoscontainers -lkokkoscore -lkokkossimd -ltriangle -lcudart -lnvtx3interop -lcufft -lcublas -lcusparse -lcusolver -lcurand -lcuda -lnvidia-ml -lX11 -lstdc++ -lquadmath
-----------------------------------------

  Linear solve converged due to CONVERGED_RTOL iterations 24
  Linear solve converged due to CONVERGED_RTOL iterations 24
  Linear solve converged due to CONVERGED_RTOL iterations 24
[0]main |b-Ax|/|b|=7.121479e-07, |b|=3.122584e+00, emax=9.984289e-01
****************************************************************************************************************************************************************
***                                WIDEN YOUR WINDOW TO 160 CHARACTERS.  Use 'enscript -r -fCourier9' to print this document                                 ***
****************************************************************************************************************************************************************

------------------------------------------------------------------ PETSc Performance Summary: ------------------------------------------------------------------



      ##########################################################
      #                                                        #
      #                       WARNING!!!                       #
      #                                                        #
      #   This code was run with -log_view_gpu_time            #
      #   This provides accurate timing within the GPU kernels #
      #   but can slow down the entire computation by a        #
      #   measurable amount. For fastest runs we recommend     #
      #   not using this option.                               #
      #                                                        #
      ##########################################################


/global/homes/m/madams/petsc/arch-perlmutter-opt-gcc-kokkos-cuda-notpl/tests/ksp/ksp/tutorials/ex56 on a arch-perlmutter-opt-gcc-kokkos-cuda-notpl named nid001164 with 1 process and CUDA architecture 80, by madams on Mon Jun 22 07:47:11 2026
Using PETSc Development Git Revision: v3.25.2-340-g83d2bd4a8b4 Git Date: 2026-06-21 14:23:19 -0400

                         Max       Max/Min     Avg       Total
Time (sec):           1.273e+00     1.000   1.273e+00
Objects:              0.000e+00     0.000   0.000e+00
Flops:                7.776e+09     1.000   7.776e+09  7.776e+09
Flops/sec:            6.110e+09     1.000   6.110e+09  6.110e+09
MPI Msg Count:        0.000e+00     0.000   0.000e+00  0.000e+00
MPI Msg Len (bytes):  0.000e+00     0.000   0.000e+00  0.000e+00
MPI Reductions:       0.000e+00     0.000

Flop counting convention: 1 flop = 1 real number operation of type (multiply/divide/add/subtract)
                            e.g., VecAXPY() for real vectors of length N --> 2N flops
                            and VecAXPY() for complex vectors of length N --> 8N flops

Summary of Stages:   ----- Time ------  ----- Flop ------  --- Messages ---  -- Message Lengths --  -- Reductions --
                        Avg     %Total     Avg     %Total    Count   %Total     Avg         %Total    Count   %Total
 0:      Main Stage: 5.4843e-01  43.1%  3.0828e+07   0.4%  0.000e+00   0.0%  0.000e+00        0.0%  0.000e+00   0.0%
 1:           Setup: 4.2427e-01  33.3%  3.8189e+08   4.9%  0.000e+00   0.0%  0.000e+00        0.0%  0.000e+00   0.0%
 2:           Solve: 7.7002e-02   6.1%  2.3857e+09  30.7%  0.000e+00   0.0%  0.000e+00        0.0%  0.000e+00   0.0%
 3:       2nd Setup: 7.1618e-02   5.6%  1.9859e+08   2.6%  0.000e+00   0.0%  0.000e+00        0.0%  0.000e+00   0.0%
 4:       2nd Solve: 7.5360e-02   5.9%  2.3857e+09  30.7%  0.000e+00   0.0%  0.000e+00        0.0%  0.000e+00   0.0%
 5:       3rd Setup: 2.5100e-07   0.0%  0.0000e+00   0.0%  0.000e+00   0.0%  0.000e+00        0.0%  0.000e+00   0.0%
 6:       3rd Solve: 7.5872e-02   6.0%  2.3932e+09  30.8%  0.000e+00   0.0%  0.000e+00        0.0%  0.000e+00   0.0%

------------------------------------------------------------------------------------------------------------------------
See the 'Profiling' chapter of the users' manual for details on interpreting output.
Phase summary info:
   Count: number of times phase was executed
   Time and Flop: Max - maximum over all processes
                  Ratio - ratio of maximum to minimum over all processes
   Mess: number of messages sent
   AvgLen: average message length (bytes)
   Reduct: number of global reductions
   Global: entire computation
   Stage: stages of a computation. Set stages with PetscLogStagePush() and PetscLogStagePop().
      %T - percent time in this phase         %F - percent flop in this phase
      %M - percent messages in this phase     %L - percent message lengths in this phase
      %R - percent reductions in this phase
   Total Mflop/s: 1e-6 * (sum of flop over all processes)/(max time over all processes)
   GPU Mflop/s: 1e-6 * (sum of flop on GPU over all processes)/(max GPU time over all processes)
   CpuToGpu Count: total number of CPU to GPU copies per processor
   CpuToGpu Size (Mbytes): 1e-6 * (total size of CPU to GPU copies per processor)
   GpuToCpu Count: total number of GPU to CPU copies per processor
   GpuToCpu Size (Mbytes): 1e-6 * (total size of GPU to CPU copies per processor)
   GPU %F: percent flops on GPU in this event
------------------------------------------------------------------------------------------------------------------------
Event                Count      Time (sec)     Flop                              --- Global ---  --- Stage ----  Total   GPU    - CpuToGpu -   - GpuToCpu - GPU
                   Max Ratio  Max     Ratio   Max  Ratio  Mess   AvgLen  Reduct  %T %F %M %L %R  %T %F %M %L %R Mflop/s Mflop/s Count   Size   Count   Size  %F
---------------------------------------------------------------------------------------------------------------------------------------------------------------

--- Event Stage 0: Main Stage

MatMult                1 1.0 1.0419e-04 1.0 1.50e+07 1.0 0.0e+00 0.0e+00 0.0e+00  0  0  0  0  0   0 48  0  0  0 143491   161216      0 0.00e+00    0 0.00e+00 100
MatAssemblyBegin       1 1.0 5.7100e-07 1.0 0.00e+00 0.0 0.0e+00 0.0e+00 0.0e+00  0  0  0  0  0   0  0  0  0  0     0       0      0 0.00e+00    0 0.00e+00  0
MatAssemblyEnd         1 1.0 1.1605e-02 1.0 0.00e+00 0.0 0.0e+00 0.0e+00 0.0e+00  1  0  0  0  0   2  0  0  0  0     0       0      0 0.00e+00    0 0.00e+00  0
DCtxCreate             1 1.0 4.3204e-05 1.0 0.00e+00 0.0 0.0e+00 0.0e+00 0.0e+00  0  0  0  0  0   0  0  0  0  0     0       0      0 0.00e+00    0 0.00e+00  0
DCtxDestroy            1 1.0 1.9057e-05 1.0 0.00e+00 0.0 0.0e+00 0.0e+00 0.0e+00  0  0  0  0  0   0  0  0  0  0     0       0      0 0.00e+00    0 0.00e+00  0
DCtxSetUp              1 1.0 8.3360e-06 1.0 0.00e+00 0.0 0.0e+00 0.0e+00 0.0e+00  0  0  0  0  0   0  0  0  0  0     0       0      0 0.00e+00    0 0.00e+00  0
DCtxSetDevice          1 1.0 1.5650e-05 1.0 0.00e+00 0.0 0.0e+00 0.0e+00 0.0e+00  0  0  0  0  0   0  0  0  0  0     0       0      0 0.00e+00    0 0.00e+00  0
VecMDot                3 1.0 3.3769e-04 1.0 2.36e+06 1.0 0.0e+00 0.0e+00 0.0e+00  0  0  0  0  0   0  8  0  0  0  6986       0      0 0.00e+00    0 0.00e+00  0
VecNorm                5 1.0 1.0255e-04 1.0 9.83e+05 1.0 0.0e+00 0.0e+00 0.0e+00  0  0  0  0  0   0  3  0  0  0  9586    8445      0 0.00e+00    0 0.00e+00 40
VecScale               3 1.0 4.7011e-05 1.0 2.95e+05 1.0 0.0e+00 0.0e+00 0.0e+00  0  0  0  0  0   0  1  0  0  0  6273       0      0 0.00e+00    0 0.00e+00  0
VecAXPY                1 1.0 5.3373e-05 1.0 1.97e+05 1.0 0.0e+00 0.0e+00 0.0e+00  0  0  0  0  0   0  1  0  0  0  3684    4544      0 0.00e+00    0 0.00e+00 100
VecMAXPY               3 1.0 2.4844e-04 1.0 2.36e+06 1.0 0.0e+00 0.0e+00 0.0e+00  0  0  0  0  0   0  8  0  0  0  9496       0      0 0.00e+00    0 0.00e+00  0
VecAssemblyBegin       1 1.0 2.2000e-07 1.0 0.00e+00 0.0 0.0e+00 0.0e+00 0.0e+00  0  0  0  0  0   0  0  0  0  0     0       0      0 0.00e+00    0 0.00e+00  0
VecAssemblyEnd         1 1.0 9.0000e-08 1.0 0.00e+00 0.0 0.0e+00 0.0e+00 0.0e+00  0  0  0  0  0   0  0  0  0  0     0       0      0 0.00e+00    0 0.00e+00  0
VecNormalize           3 1.0 9.2340e-05 1.0 8.85e+05 1.0 0.0e+00 0.0e+00 0.0e+00  0  0  0  0  0   0  3  0  0  0  9581       0      0 0.00e+00    0 0.00e+00  0

--- Event Stage 1: Setup

MatMult               80 1.0 3.8760e-03 1.0 3.42e+08 1.0 0.0e+00 0.0e+00 0.0e+00  0  4  0  0  0   1 90  0  0  0 88195   107062      0 0.00e+00    0 0.00e+00 100
MatScale              12 1.0 1.6625e-03 1.0 6.73e+06 1.0 0.0e+00 0.0e+00 0.0e+00  0  0  0  0  0   0  2  0  0  0  4045    4340      0 0.00e+00    0 0.00e+00 100
MatAssemblyBegin      30 1.0 5.5640e-06 1.0 0.00e+00 0.0 0.0e+00 0.0e+00 0.0e+00  0  0  0  0  0   0  0  0  0  0     0       0      0 0.00e+00    0 0.00e+00  0
MatAssemblyEnd        30 1.0 1.4317e-02 1.0 0.00e+00 0.0 0.0e+00 0.0e+00 0.0e+00  1  0  0  0  0   3  0  0  0  0     0       0      0 0.00e+00    0 0.00e+00  0
MatSetValues       35313 1.0 1.5799e-02 1.0 0.00e+00 0.0 0.0e+00 0.0e+00 0.0e+00  1  0  0  0  0   4  0  0  0  0     0       0      0 0.00e+00    0 0.00e+00  0
MatGetValues       33616 1.0 6.7135e-02 1.0 0.00e+00 0.0 0.0e+00 0.0e+00 0.0e+00  5  0  0  0  0  16  0  0  0  0     0       0      0 0.00e+00    0 0.00e+00  0
MatGetRow         137080 1.0 1.0564e-01 1.0 0.00e+00 0.0 0.0e+00 0.0e+00 0.0e+00  8  0  0  0  0  25  0  0  0  0     0       0      0 0.00e+00   10 1.55e+01  0
MatCoarsen             4 1.0 4.6048e-03 1.0 0.00e+00 0.0 0.0e+00 0.0e+00 0.0e+00  0  0  0  0  0   1  0  0  0  0     0       0      3 6.78e-03    3 6.78e-03  0
MatAXPY                4 1.0 3.4887e-04 1.0 1.24e+06 1.0 0.0e+00 0.0e+00 0.0e+00  0  0  0  0  0   0  0  0  0  0  3556    3987      0 0.00e+00    0 0.00e+00 100
MatTranspose           3 1.0 9.3153e-04 1.0 0.00e+00 0.0 0.0e+00 0.0e+00 0.0e+00  0  0  0  0  0   0  0  0  0  0     0       0      3 6.78e-03    0 0.00e+00  0
MatMatMultSym          4 1.0 1.7931e-02 1.0 0.00e+00 0.0 0.0e+00 0.0e+00 0.0e+00  1  0  0  0  0   4  0  0  0  0     0       0      4 4.96e+00    0 0.00e+00  0
MatMatMultNum          4 1.0 4.8000e-06 1.0 0.00e+00 0.0 0.0e+00 0.0e+00 0.0e+00  0  0  0  0  0   0  0  0  0  0     0       0      0 0.00e+00    0 0.00e+00  0
MatPtAPSymbolic        4 1.0 7.7400e-02 1.0 0.00e+00 0.0 0.0e+00 0.0e+00 0.0e+00  6  0  0  0  0  18  0  0  0  0     0       0      0 0.00e+00    0 0.00e+00  0
MatPtAPNumeric         4 1.0 5.7430e-06 1.0 0.00e+00 0.0 0.0e+00 0.0e+00 0.0e+00  0  0  0  0  0   0  0  0  0  0     0       0      0 0.00e+00    0 0.00e+00  0
MatTrnMatMultSym       1 1.0 1.7668e-02 1.0 0.00e+00 0.0 0.0e+00 0.0e+00 0.0e+00  1  0  0  0  0   4  0  0  0  0     0       0      0 0.00e+00    0 0.00e+00  0
MatCreateGraph         4 1.0 1.3877e-01 1.0 1.72e+06 1.0 0.0e+00 0.0e+00 0.0e+00 11  0  0  0  0  33  0  0  0  0    12     603      4 6.88e+00    7 8.84e+00 100
KSPSetUp               1 1.0 1.2249e-02 1.0 0.00e+00 0.0 0.0e+00 0.0e+00 0.0e+00  1  0  0  0  0   3  0  0  0  0     0       0      0 0.00e+00    0 0.00e+00  0
PCSetUp_GAMG+          1 1.0 4.1199e-01 1.0 3.82e+08 1.0 0.0e+00 0.0e+00 0.0e+00 32  5  0  0  0  97 100  0  0  0   927    3514     12 7.17e+01   14 1.57e+01 100
 PCGAMGCreateG         4 1.0 1.3878e-01 1.0 1.72e+06 1.0 0.0e+00 0.0e+00 0.0e+00 11  0  0  0  0  33  0  0  0  0    12     603      4 6.88e+00    7 8.84e+00 100
 GAMG Coarsen          8 1.0 5.9104e-02 1.0 0.00e+00 0.0 0.0e+00 0.0e+00 0.0e+00  5  0  0  0  0  14  0  0  0  0     0       0      3 6.78e-03    7 6.89e+00  0
  GAMG MIS/Agg         4 1.0 2.2343e-02 1.0 0.00e+00 0.0 0.0e+00 0.0e+00 0.0e+00  2  0  0  0  0   5  0  0  0  0     0       0      3 6.78e-03    3 6.78e-03  0
 PCGAMGProl            4 1.0 1.4252e-02 1.0 0.00e+00 0.0 0.0e+00 0.0e+00 0.0e+00  1  0  0  0  0   3  0  0  0  0     0       0      0 0.00e+00    0 0.00e+00  0
  GAMG Prol-col        4 1.0 2.6461e-05 1.0 0.00e+00 0.0 0.0e+00 0.0e+00 0.0e+00  0  0  0  0  0   0  0  0  0  0     0       0      0 0.00e+00    0 0.00e+00  0
  GAMG Prol-lift       4 1.0 1.3838e-02 1.0 0.00e+00 0.0 0.0e+00 0.0e+00 0.0e+00  1  0  0  0  0   3  0  0  0  0     0       0      0 0.00e+00    0 0.00e+00  0
 PCGAMGOptProl         4 1.0 3.5472e-02 1.0 1.89e+08 1.0 0.0e+00 0.0e+00 0.0e+00  3  2  0  0  0   8 50  0  0  0  5330    9409      5 6.48e+01    0 0.00e+00 100
  GAMG smooth          4 1.0 1.9084e-02 1.0 6.25e+06 1.0 0.0e+00 0.0e+00 0.0e+00  1  0  0  0  0   4  2  0  0  0   327     464      4 4.96e+00    0 0.00e+00 100
 PCGAMGCreateL         4 1.0 7.7452e-02 1.0 0.00e+00 0.0 0.0e+00 0.0e+00 0.0e+00  6  0  0  0  0  18  0  0  0  0     0       0      0 0.00e+00    0 0.00e+00  0
  GAMG PtAP            4 1.0 7.7443e-02 1.0 0.00e+00 0.0 0.0e+00 0.0e+00 0.0e+00  6  0  0  0  0  18  0  0  0  0     0       0      0 0.00e+00    0 0.00e+00  0
PCGAMG Squ l00         1 1.0 1.7672e-02 1.0 0.00e+00 0.0 0.0e+00 0.0e+00 0.0e+00  1  0  0  0  0   4  0  0  0  0     0       0      0 0.00e+00    0 0.00e+00  0
PCGAMG Gal l00         1 1.0 5.0754e-02 1.0 0.00e+00 0.0 0.0e+00 0.0e+00 0.0e+00  4  0  0  0  0  12  0  0  0  0     0       0      0 0.00e+00    0 0.00e+00  0
PCGAMG Opt l00         1 1.0 1.0189e-02 1.0 0.00e+00 0.0 0.0e+00 0.0e+00 0.0e+00  1  0  0  0  0   2  0  0  0  0     0       0      1 4.72e+00    0 0.00e+00  0
PCGAMG Gal l01         1 1.0 1.8305e-02 1.0 0.00e+00 0.0 0.0e+00 0.0e+00 0.0e+00  1  0  0  0  0   4  0  0  0  0     0       0      0 0.00e+00    0 0.00e+00  0
PCGAMG Opt l01         1 1.0 3.5578e-03 1.0 0.00e+00 0.0 0.0e+00 0.0e+00 0.0e+00  0  0  0  0  0   1  0  0  0  0     0       0      1 2.24e-01    0 0.00e+00  0
PCGAMG Gal l02         1 1.0 5.1835e-03 1.0 0.00e+00 0.0 0.0e+00 0.0e+00 0.0e+00  0  0  0  0  0   1  0  0  0  0     0       0      0 0.00e+00    0 0.00e+00  0
PCGAMG Opt l02         1 1.0 2.6934e-03 1.0 0.00e+00 0.0 0.0e+00 0.0e+00 0.0e+00  0  0  0  0  0   1  0  0  0  0     0       0      1 1.90e-02    0 0.00e+00  0
PCGAMG Gal l03         1 1.0 3.1992e-03 1.0 0.00e+00 0.0 0.0e+00 0.0e+00 0.0e+00  0  0  0  0  0   1  0  0  0  0     0       0      0 0.00e+00    0 0.00e+00  0
PCGAMG Opt l03         1 1.0 1.5338e-03 1.0 0.00e+00 0.0 0.0e+00 0.0e+00 0.0e+00  0  0  0  0  0   0  0  0  0  0     0       0      1 1.44e-03    0 0.00e+00  0
PCSetUp                1 1.0 4.1199e-01 1.0 3.82e+08 1.0 0.0e+00 0.0e+00 0.0e+00 32  5  0  0  0  97 100  0  0  0   927    3514     12 7.17e+01   14 1.57e+01 100
VecTDot              184 1.0 5.5732e-03 1.0 9.51e+06 1.0 0.0e+00 0.0e+00 0.0e+00  0  0  0  0  0   1  2  0  0  0  1707    2362      0 0.00e+00    0 0.00e+00 100
VecNorm               44 1.0 1.3666e-03 1.0 2.27e+06 1.0 0.0e+00 0.0e+00 0.0e+00  0  0  0  0  0   0  1  0  0  0  1664    2253      0 0.00e+00    0 0.00e+00 100
VecCopy               16 1.0 3.5704e-04 1.0 0.00e+00 0.0 0.0e+00 0.0e+00 0.0e+00  0  0  0  0  0   0  0  0  0  0     0       0      0 0.00e+00    0 0.00e+00  0
VecSet                 8 1.0 1.5461e-04 1.0 0.00e+00 0.0 0.0e+00 0.0e+00 0.0e+00  0  0  0  0  0   0  0  0  0  0     0       0      0 0.00e+00    0 0.00e+00  0
VecAXPY              160 1.0 3.6972e-03 1.0 8.27e+06 1.0 0.0e+00 0.0e+00 0.0e+00  0  0  0  0  0   1  2  0  0  0  2237    3548      0 0.00e+00    0 0.00e+00 100
VecAYPX               72 1.0 1.0839e-03 1.0 3.72e+06 1.0 0.0e+00 0.0e+00 0.0e+00  0  0  0  0  0   0  1  0  0  0  3434    7939      0 0.00e+00    0 0.00e+00 100
VecPointwiseMult      44 1.0 7.0828e-04 1.0 1.14e+06 1.0 0.0e+00 0.0e+00 0.0e+00  0  0  0  0  0   0  0  0  0  0  1606    3573      0 0.00e+00    0 0.00e+00 100
VecReciprocal         12 1.0 2.8428e-03 1.0 0.00e+00 0.0 0.0e+00 0.0e+00 0.0e+00  0  0  0  0  0   1  0  0  0  0     0       0      0 0.00e+00    0 0.00e+00  0

--- Event Stage 2: Solve

MatMult              551 1.0 2.0098e-02 1.0 2.00e+09 1.0 0.0e+00 0.0e+00 0.0e+00  2 26  0  0  0  26 84  0  0  0 99498   129050      0 0.00e+00    0 0.00e+00 100
MatMultAdd            96 1.0 2.7353e-03 1.0 1.20e+08 1.0 0.0e+00 0.0e+00 0.0e+00  0  2  0  0  0   4  5  0  0  0 43914   62647      0 0.00e+00    0 0.00e+00 100
MatMultTranspose      96 1.0 3.3900e-03 1.0 1.20e+08 1.0 0.0e+00 0.0e+00 0.0e+00  0  2  0  0  0   4  5  0  0  0 35433   46577      0 0.00e+00    0 0.00e+00 100
MatResidual           96 1.0 5.1970e-03 1.0 4.15e+08 1.0 0.0e+00 0.0e+00 0.0e+00  0  5  0  0  0   7 17  0  0  0 79889   117084      0 0.00e+00    0 0.00e+00 100
KSPSolve               1 1.0 7.6983e-02 1.0 2.39e+09 1.0 0.0e+00 0.0e+00 0.0e+00  6 31  0  0  0 100 100  0  0  0 30990   52121      0 0.00e+00    0 0.00e+00 100
PCApply               24 1.0 7.0515e-02 1.0 2.00e+09 1.0 0.0e+00 0.0e+00 0.0e+00  6 26  0  0  0  92 84  0  0  0 28337   48917      0 0.00e+00    0 0.00e+00 100
VecTDot              384 1.0 1.0488e-02 1.0 9.83e+06 1.0 0.0e+00 0.0e+00 0.0e+00  1  0  0  0  0  14  0  0  0  0   938    1338      0 0.00e+00    0 0.00e+00 100
VecNorm              192 1.0 5.3218e-03 1.0 4.92e+06 1.0 0.0e+00 0.0e+00 0.0e+00  0  0  0  0  0   7  0  0  0  0   924    1312      0 0.00e+00    0 0.00e+00 100
VecCopy              338 1.0 5.5219e-03 1.0 0.00e+00 0.0 0.0e+00 0.0e+00 0.0e+00  0  0  0  0  0   7  0  0  0  0     0       0      0 0.00e+00    0 0.00e+00  0
VecSet               121 1.0 1.5834e-03 1.0 0.00e+00 0.0 0.0e+00 0.0e+00 0.0e+00  0  0  0  0  0   2  0  0  0  0     0       0      0 0.00e+00    0 0.00e+00  0
VecAXPY              334 1.0 4.6356e-03 1.0 9.44e+06 1.0 0.0e+00 0.0e+00 0.0e+00  0  0  0  0  0   6  0  0  0  0  2037    5098      0 0.00e+00    0 0.00e+00 100
VecAYPX              718 1.0 1.0245e-02 1.0 3.43e+07 1.0 0.0e+00 0.0e+00 0.0e+00  1  0  0  0  0  13  1  0  0  0  3348    8131      0 0.00e+00    0 0.00e+00 100
VecAXPBYCZ           192 1.0 3.0254e-03 1.0 2.48e+07 1.0 0.0e+00 0.0e+00 0.0e+00  0  0  0  0  0   4  1  0  0  0  8202   17694      0 0.00e+00    0 0.00e+00 100
VecPointwiseMult     167 1.0 2.3102e-03 1.0 1.00e+03 1.0 0.0e+00 0.0e+00 0.0e+00  0  0  0  0  0   3  0  0  0  0     0       1      0 0.00e+00    0 0.00e+00 100
VecReciprocal          1 1.0 1.7283e-05 1.0 0.00e+00 0.0 0.0e+00 0.0e+00 0.0e+00  0  0  0  0  0   0  0  0  0  0     0       0      0 0.00e+00    0 0.00e+00  0

--- Event Stage 3: 2nd Setup

MatMult               40 1.0 1.6118e-03 1.0 1.71e+08 1.0 0.0e+00 0.0e+00 0.0e+00  0  2  0  0  0   2 86  0  0  0 106042   134077      0 0.00e+00    0 0.00e+00 100
MatScale               1 1.0 9.0636e-05 1.0 7.48e+06 1.0 0.0e+00 0.0e+00 0.0e+00  0  0  0  0  0   0  4  0  0  0 82476   91969      0 0.00e+00    0 0.00e+00 100
MatPtAPNumeric         4 1.0 6.1306e-02 1.0 0.00e+00 0.0 0.0e+00 0.0e+00 0.0e+00  5  0  0  0  0  86  0  0  0  0     0       0      0 0.00e+00    0 0.00e+00  0
KSPSetUp               1 1.0 1.5000e-07 1.0 0.00e+00 0.0 0.0e+00 0.0e+00 0.0e+00  0  0  0  0  0   0  0  0  0  0     0       0      0 0.00e+00    0 0.00e+00  0
PCSetUp_GAMG+          1 1.0 7.1486e-02 1.0 1.91e+08 1.0 0.0e+00 0.0e+00 0.0e+00  6  2  0  0  0 100 96  0  0  0  2673    2873      4 2.60e+00    1 4.80e-05 100
PCGAMG Gal l00         1 1.0 2.9093e-02 1.0 0.00e+00 0.0 0.0e+00 0.0e+00 0.0e+00  2  0  0  0  0  41  0  0  0  0     0       0      0 0.00e+00    0 0.00e+00  0
PCGAMG Gal l01         1 1.0 2.0779e-02 1.0 0.00e+00 0.0 0.0e+00 0.0e+00 0.0e+00  2  0  0  0  0  29  0  0  0  0     0       0      0 0.00e+00    0 0.00e+00  0
PCGAMG Gal l02         1 1.0 1.0483e-02 1.0 0.00e+00 0.0 0.0e+00 0.0e+00 0.0e+00  1  0  0  0  0  15  0  0  0  0     0       0      0 0.00e+00    0 0.00e+00  0
PCGAMG Gal l03         1 1.0 9.5828e-04 1.0 0.00e+00 0.0 0.0e+00 0.0e+00 0.0e+00  0  0  0  0  0   1  0  0  0  0     0       0      0 0.00e+00    0 0.00e+00  0
PCSetUp                1 1.0 7.1488e-02 1.0 1.91e+08 1.0 0.0e+00 0.0e+00 0.0e+00  6  2  0  0  0 100 96  0  0  0  2673    2873      4 2.60e+00    1 4.80e-05 100
VecTDot               92 1.0 2.6654e-03 1.0 4.76e+06 1.0 0.0e+00 0.0e+00 0.0e+00  0  0  0  0  0   4  2  0  0  0  1784    2488      0 0.00e+00    0 0.00e+00 100
VecNorm               44 1.0 1.2263e-03 1.0 2.27e+06 1.0 0.0e+00 0.0e+00 0.0e+00  0  0  0  0  0   2  1  0  0  0  1855    2650      0 0.00e+00    0 0.00e+00 100
VecCopy                8 1.0 1.6240e-04 1.0 0.00e+00 0.0 0.0e+00 0.0e+00 0.0e+00  0  0  0  0  0   0  0  0  0  0     0       0      0 0.00e+00    0 0.00e+00  0
VecSet                 4 1.0 1.0829e-04 1.0 0.00e+00 0.0 0.0e+00 0.0e+00 0.0e+00  0  0  0  0  0   0  0  0  0  0     0       0      0 0.00e+00    0 0.00e+00  0
VecAXPY               80 1.0 1.1331e-03 1.0 4.14e+06 1.0 0.0e+00 0.0e+00 0.0e+00  0  0  0  0  0   2  2  0  0  0  3650    9021      0 0.00e+00    0 0.00e+00 100
VecAYPX               36 1.0 5.1290e-04 1.0 1.86e+06 1.0 0.0e+00 0.0e+00 0.0e+00  0  0  0  0  0   1  1  0  0  0  3628    8975      0 0.00e+00    0 0.00e+00 100
VecReciprocal          1 1.0 1.5740e-05 1.0 0.00e+00 0.0 0.0e+00 0.0e+00 0.0e+00  0  0  0  0  0   0  0  0  0  0     0       0      0 0.00e+00    0 0.00e+00  0

--- Event Stage 4: 2nd Solve

MatMult              551 1.0 2.0086e-02 1.0 2.00e+09 1.0 0.0e+00 0.0e+00 0.0e+00  2 26  0  0  0  27 84  0  0  0 99555   129265      0 0.00e+00    0 0.00e+00 100
MatMultAdd            96 1.0 2.6707e-03 1.0 1.20e+08 1.0 0.0e+00 0.0e+00 0.0e+00  0  2  0  0  0   4  5  0  0  0 44977   64400      0 0.00e+00    0 0.00e+00 100
MatMultTranspose      96 1.0 3.3865e-03 1.0 1.20e+08 1.0 0.0e+00 0.0e+00 0.0e+00  0  2  0  0  0   4  5  0  0  0 35470   46499      0 0.00e+00    0 0.00e+00 100
MatResidual           96 1.0 5.1587e-03 1.0 4.15e+08 1.0 0.0e+00 0.0e+00 0.0e+00  0  5  0  0  0   7 17  0  0  0 80482   117853      0 0.00e+00    0 0.00e+00 100
KSPSolve               1 1.0 7.5336e-02 1.0 2.39e+09 1.0 0.0e+00 0.0e+00 0.0e+00  6 31  0  0  0 100 100  0  0  0 31668   53443      0 0.00e+00    0 0.00e+00 100
PCApply               24 1.0 6.9577e-02 1.0 2.00e+09 1.0 0.0e+00 0.0e+00 0.0e+00  5 26  0  0  0  92 84  0  0  0 28719   49467      0 0.00e+00    0 0.00e+00 100
VecTDot              384 1.0 1.0366e-02 1.0 9.83e+06 1.0 0.0e+00 0.0e+00 0.0e+00  1  0  0  0  0  14  0  0  0  0   949    1360      0 0.00e+00    0 0.00e+00 100
VecNorm              192 1.0 5.2204e-03 1.0 4.92e+06 1.0 0.0e+00 0.0e+00 0.0e+00  0  0  0  0  0   7  0  0  0  0   942    1350      0 0.00e+00    0 0.00e+00 100
VecCopy              338 1.0 5.0272e-03 1.0 0.00e+00 0.0 0.0e+00 0.0e+00 0.0e+00  0  0  0  0  0   7  0  0  0  0     0       0      0 0.00e+00    0 0.00e+00  0
VecSet               121 1.0 1.5752e-03 1.0 0.00e+00 0.0 0.0e+00 0.0e+00 0.0e+00  0  0  0  0  0   2  0  0  0  0     0       0      0 0.00e+00    0 0.00e+00  0
VecAXPY              334 1.0 4.6038e-03 1.0 9.44e+06 1.0 0.0e+00 0.0e+00 0.0e+00  0  0  0  0  0   6  0  0  0  0  2051    5168      0 0.00e+00    0 0.00e+00 100
VecAYPX              718 1.0 1.0180e-02 1.0 3.43e+07 1.0 0.0e+00 0.0e+00 0.0e+00  1  0  0  0  0  14  1  0  0  0  3369    8236      0 0.00e+00    0 0.00e+00 100
VecAXPBYCZ           192 1.0 2.7894e-03 1.0 2.48e+07 1.0 0.0e+00 0.0e+00 0.0e+00  0  0  0  0  0   4  1  0  0  0  8896   21246      0 0.00e+00    0 0.00e+00 100
VecPointwiseMult     167 1.0 2.3075e-03 1.0 1.00e+03 1.0 0.0e+00 0.0e+00 0.0e+00  0  0  0  0  0   3  0  0  0  0     0       1      0 0.00e+00    0 0.00e+00 100

--- Event Stage 5: 3rd Setup


--- Event Stage 6: 3rd Solve

MatMult              551 1.0 2.0136e-02 1.0 2.00e+09 1.0 0.0e+00 0.0e+00 0.0e+00  2 26  0  0  0  27 84  0  0  0 99307   129077      0 0.00e+00    0 0.00e+00 100
MatMultAdd            96 1.0 2.6778e-03 1.0 1.20e+08 1.0 0.0e+00 0.0e+00 0.0e+00  0  2  0  0  0   4  5  0  0  0 44857   64308      0 0.00e+00    0 0.00e+00 100
MatMultTranspose      96 1.0 3.6965e-03 1.0 1.20e+08 1.0 0.0e+00 0.0e+00 0.0e+00  0  2  0  0  0   5  5  0  0  0 32495   46527      0 0.00e+00    0 0.00e+00 100
MatScale               1 1.0 9.1768e-05 1.0 7.48e+06 1.0 0.0e+00 0.0e+00 0.0e+00  0  0  0  0  0   0  0  0  0  0 81458   92773      0 0.00e+00    0 0.00e+00 100
MatResidual           96 1.0 5.2083e-03 1.0 4.15e+08 1.0 0.0e+00 0.0e+00 0.0e+00  0  5  0  0  0   7 17  0  0  0 79715   117471      0 0.00e+00    0 0.00e+00 100
KSPSolve               1 1.0 7.5772e-02 1.0 2.39e+09 1.0 0.0e+00 0.0e+00 0.0e+00  6 31  0  0  0 100 100  0  0  0 31486   53399      0 0.00e+00    0 0.00e+00 100
PCApply               24 1.0 7.0011e-02 1.0 2.00e+09 1.0 0.0e+00 0.0e+00 0.0e+00  6 26  0  0  0  92 83  0  0  0 28541   49425      0 0.00e+00    0 0.00e+00 100
VecTDot              384 1.0 1.0370e-02 1.0 9.83e+06 1.0 0.0e+00 0.0e+00 0.0e+00  1  0  0  0  0  14  0  0  0  0   948    1360      0 0.00e+00    0 0.00e+00 100
VecNorm              192 1.0 5.2163e-03 1.0 4.92e+06 1.0 0.0e+00 0.0e+00 0.0e+00  0  0  0  0  0   7  0  0  0  0   943    1352      0 0.00e+00    0 0.00e+00 100
VecCopy              338 1.0 5.0636e-03 1.0 0.00e+00 0.0 0.0e+00 0.0e+00 0.0e+00  0  0  0  0  0   7  0  0  0  0     0       0      0 0.00e+00    0 0.00e+00  0
VecSet               121 1.0 1.5709e-03 1.0 0.00e+00 0.0 0.0e+00 0.0e+00 0.0e+00  0  0  0  0  0   2  0  0  0  0     0       0      0 0.00e+00    0 0.00e+00  0
VecAXPY              334 1.0 4.6167e-03 1.0 9.44e+06 1.0 0.0e+00 0.0e+00 0.0e+00  0  0  0  0  0   6  0  0  0  0  2045    5158      0 0.00e+00    0 0.00e+00 100
VecAYPX              718 1.0 1.0213e-02 1.0 3.43e+07 1.0 0.0e+00 0.0e+00 0.0e+00  1  0  0  0  0  13  1  0  0  0  3358    8235      0 0.00e+00    0 0.00e+00 100
VecAXPBYCZ           192 1.0 2.7737e-03 1.0 2.48e+07 1.0 0.0e+00 0.0e+00 0.0e+00  0  0  0  0  0   4  1  0  0  0  8946   21427      0 0.00e+00    0 0.00e+00 100
VecPointwiseMult     167 1.0 2.3133e-03 1.0 1.00e+03 1.0 0.0e+00 0.0e+00 0.0e+00  0  0  0  0  0   3  0  0  0  0     0       1      0 0.00e+00    0 0.00e+00 100
---------------------------------------------------------------------------------------------------------------------------------------------------------------

Object Type          Creations   Destructions. Reports information only for process 0.

--- Event Stage 0: Main Stage

           Container     4              4
       Krylov Solver     1             10
              Matrix     1             17
      Matrix Coarsen     0              1
   Matrix Null Space     1              1
      Preconditioner     1              6
              Viewer     1              1
  PetscDeviceContext     1              0
              Vector    10             53
    Distributed Mesh     0              4
   Star Forest Graph     0              8
     Discrete System     0              4
           Weak Form     0              4

--- Event Stage 1: Setup

       Krylov Solver    13              4
              Matrix    34             18
      Matrix Coarsen     4              3
      Preconditioner    13              8
              Vector    85             43
         PetscRandom     4              4
           Index Set     5              5

--- Event Stage 2: Solve

              Vector     1              0
    Distributed Mesh     4              0
   Star Forest Graph     8              0
     Discrete System     4              0
           Weak Form     4              0

--- Event Stage 3: 2nd Setup

              Vector    12             12

--- Event Stage 4: 2nd Solve


--- Event Stage 5: 3rd Setup


--- Event Stage 6: 3rd Solve

========================================================================================================================
Average time to get PetscTime(): 3.11e-08
#PETSc Option Table entries:
-alpha 1.e-3 # (source: command line)
-ksp_converged_reason # (source: command line)
-ksp_norm_type unpreconditioned # (source: command line)
-ksp_rtol 1e-6 # (source: command line)
-ksp_type cg # (source: command line)
-log_view # (source: command line)
-log_view_gpu_time # (source: command line)
-mat_type aijkokkos # (source: command line)
-mg_coarse_ksp_type cg # (source: command line)
-mg_coarse_pc_type jacobi # (source: command line)
-mg_levels_ksp_type chebyshev # (source: command line)
-mg_levels_pc_type pbjacobi # (source: command line)
-ne 31 # (source: command line)
-pc_gamg_agg_nsmooths 1 # (source: command line)
-pc_gamg_coarse_eq_limit 20 # (source: command line)
-pc_gamg_parallel_coarse_grid_solver # (source: command line)
-pc_gamg_reuse_interpolation true # (source: command line)
-pc_gamg_type agg # (source: command line)
-pc_type gamg # (source: command line)
-two_solves # (source: command line)
-use_mat_nearnullspace # (source: command line)
#End of PETSc Option Table entries
Compiled without FORTRAN kernels
Compiled with full precision matrices (default)
sizeof(short) 2 sizeof(int) 4 sizeof(long) 8 sizeof(void*) 8 sizeof(PetscScalar) 8 sizeof(PetscInt) 4
Configure options: --with-kokkos-dir=/global/homes/m/madams/petsc/arch-perlmutter-opt-gcc-kokkos-cuda-notpl --with-kokkos-kernels-dir=/global/homes/m/madams/petsc/arch-perlmutter-opt-gcc-kokkos-cuda-notpl --with-triangle-dir=/global/homes/m/madams/petsc/arch-perlmutter-opt-gcc-kokkos-cuda-notpl --with-batch=0 --with-cc=cc --with-cxx=CC --with-fc=0 --with-debugging=0 --with-cuda=1 --with-cuda-arch=80 --with-kokkos-kernels-tpl=0 --with-make-np=8 --with-mpiexec=srun -G4 --gpu-bind=none PETSC_ARCH=arch-perlmutter-opt-gcc-kokkos-cuda-notpl
-----------------------------------------
Libraries compiled on 2026-06-22 14:37:25 on login21
Machine characteristics: Linux-6.4.0-150600.23.103_15.0.24-cray_shasta_c-x86_64-with-glibc2.3.4
Using PETSc directory: /global/u2/m/madams/petsc
Using PETSc arch: arch-perlmutter-opt-gcc-kokkos-cuda-notpl
-----------------------------------------

Using C compiler: cc  -fPIC -Wall -Wwrite-strings -Wno-unknown-pragmas -Wno-lto-type-mismatch -Wno-stringop-overflow -fstack-protector -fvisibility=hidden -g -O 
-----------------------------------------

Using include paths: -I/global/u2/m/madams/petsc/include -I/global/u2/m/madams/petsc/arch-perlmutter-opt-gcc-kokkos-cuda-notpl/include -I/global/homes/m/madams/petsc/arch-perlmutter-opt-gcc-kokkos-cuda-notpl/include -I/opt/nvidia/hpc_sdk/Linux_x86_64/25.5/cuda/12.9/include -I/opt/nvidia/hpc_sdk/Linux_x86_64/25.5/math_libs/12.9/include
-----------------------------------------

Using C linker: cc
Using libraries: -Wl,-rpath,/global/u2/m/madams/petsc/arch-perlmutter-opt-gcc-kokkos-cuda-notpl/lib -L/global/u2/m/madams/petsc/arch-perlmutter-opt-gcc-kokkos-cuda-notpl/lib -lpetsc -Wl,-rpath,/global/homes/m/madams/petsc/arch-perlmutter-opt-gcc-kokkos-cuda-notpl/lib -L/global/homes/m/madams/petsc/arch-perlmutter-opt-gcc-kokkos-cuda-notpl/lib -Wl,-rpath,/opt/nvidia/hpc_sdk/Linux_x86_64/25.5/cuda/12.9/lib64 -L/opt/nvidia/hpc_sdk/Linux_x86_64/25.5/cuda/12.9/lib64 -Wl,-rpath,/opt/nvidia/hpc_sdk/Linux_x86_64/25.5/math_libs/12.9/lib64 -L/opt/nvidia/hpc_sdk/Linux_x86_64/25.5/math_libs/12.9/lib64 -L/opt/nvidia/hpc_sdk/Linux_x86_64/25.5/cuda/12.9/lib64/stubs -lkokkoskernels -lkokkoscontainers -lkokkoscore -lkokkossimd -ltriangle -lcudart -lnvtx3interop -lcufft -lcublas -lcusparse -lcusolver -lcurand -lcuda -lnvidia-ml -lX11 -lstdc++ -lquadmath
-----------------------------------------

    Linear solve converged due to CONVERGED_RTOL iterations 12
    Linear solve converged due to CONVERGED_RTOL iterations 12
[0] 0) N=       10125, max displ=5.9006648e+01, error=7.471e-01
****************************************************************************************************************************************************************
***                                WIDEN YOUR WINDOW TO 160 CHARACTERS.  Use 'enscript -r -fCourier9' to print this document                                 ***
****************************************************************************************************************************************************************

------------------------------------------------------------------ PETSc Performance Summary: ------------------------------------------------------------------

/global/homes/m/madams/petsc/arch-perlmutter-opt-gcc-kokkos-cuda-notpl/tests/snes/tutorials/ex56 on a arch-perlmutter-opt-gcc-kokkos-cuda-notpl named nid001161 with 8 processes and CUDA architecture 80, by madams on Mon Jun 22 07:47:17 2026
Using PETSc Development Git Revision: v3.25.2-340-g83d2bd4a8b4 Git Date: 2026-06-21 14:23:19 -0400

                         Max       Max/Min     Avg       Total
Time (sec):           1.691e+00     1.017   1.677e+00
Objects:              0.000e+00     0.000   0.000e+00
Flops:                1.008e+08     1.407   8.449e+07  6.760e+08
Flops/sec:            5.963e+07     1.385   5.037e+07  4.029e+08
MPI Msg Count:        3.058e+03     1.575   2.408e+03  1.926e+04
MPI Msg Len (bytes):  5.968e+06     1.225   2.217e+03  4.271e+07
MPI Reductions:       1.910e+02     1.000

Flop counting convention: 1 flop = 1 real number operation of type (multiply/divide/add/subtract)
                            e.g., VecAXPY() for real vectors of length N --> 2N flops
                            and VecAXPY() for complex vectors of length N --> 8N flops

Summary of Stages:   ----- Time ------  ----- Flop ------  --- Messages ---  -- Message Lengths --  -- Reductions --
                        Avg     %Total     Avg     %Total    Count   %Total     Avg         %Total    Count   %Total
 0:      Main Stage: 6.8331e-01  40.8%  5.5911e+07   8.3%  2.070e+02   1.1%  2.097e+04       10.2%  6.000e+00   3.1%
 1:      Mesh Setup: 7.4271e-01  44.3%  9.7008e+06   1.4%  1.682e+03   8.7%  6.449e+03       25.4%  5.400e+01  28.3%
 2:         Solve 0: 2.1757e-01  13.0%  3.2163e+08  47.6%  1.194e+04  62.0%  1.820e+03       50.9%  1.140e+02  59.7%
 3:       Hot Solve: 3.3198e-02   2.0%  2.8871e+08  42.7%  5.429e+03  28.2%  1.066e+03       13.5%  0.000e+00   0.0%

------------------------------------------------------------------------------------------------------------------------
See the 'Profiling' chapter of the users' manual for details on interpreting output.
Phase summary info:
   Count: number of times phase was executed
   Time and Flop: Max - maximum over all processes
                  Ratio - ratio of maximum to minimum over all processes
   Mess: number of messages sent
   AvgLen: average message length (bytes)
   Reduct: number of global reductions
   Global: entire computation
   Stage: stages of a computation. Set stages with PetscLogStagePush() and PetscLogStagePop().
      %T - percent time in this phase         %F - percent flop in this phase
      %M - percent messages in this phase     %L - percent message lengths in this phase
      %R - percent reductions in this phase
   Total Mflop/s: 1e-6 * (sum of flop over all processes)/(max time over all processes)
   GPU Mflop/s: 1e-6 * (sum of flop on GPU over all processes)/(max GPU time over all processes)
   CpuToGpu Count: total number of CPU to GPU copies per processor
   CpuToGpu Size (Mbytes): 1e-6 * (total size of CPU to GPU copies per processor)
   GpuToCpu Count: total number of GPU to CPU copies per processor
   GpuToCpu Size (Mbytes): 1e-6 * (total size of GPU to CPU copies per processor)
   GPU %F: percent flops on GPU in this event
------------------------------------------------------------------------------------------------------------------------
Event                Count      Time (sec)     Flop                              --- Global ---  --- Stage ----  Total   GPU    - CpuToGpu -   - GpuToCpu - GPU
                   Max Ratio  Max     Ratio   Max  Ratio  Mess   AvgLen  Reduct  %T %F %M %L %R  %T %F %M %L %R Mflop/s Mflop/s Count   Size   Count   Size  %F
---------------------------------------------------------------------------------------------------------------------------------------------------------------

--- Event Stage 0: Main Stage

BuildTwoSided          3 1.0 4.2051e-03 15.0 0.00e+00 0.0 9.4e+01 4.0e+00 0.0e+00  0  0  0  0  0   0  0 45  0  0     0       0      0 0.00e+00    0 0.00e+00  0
BuildTwoSidedF         1 1.0 4.2102e-03 23.7 0.00e+00 0.0 3.8e+01 1.1e+05 0.0e+00  0  0  0 10  0   0  0 18 99  0     0       0      0 0.00e+00    0 0.00e+00  0
DMPlexJacobianFE       1 1.0 5.9859e-01 1.0 6.81e+06 1.0 3.8e+01 1.1e+05 0.0e+00 36  8  0 10  0  87 96 18 99  0    90       0      0 0.00e+00    1 1.75e-02  0
SFSetGraph             2 1.0 2.0169e-05 1.3 0.00e+00 0.0 0.0e+00 0.0e+00 0.0e+00  0  0  0  0  0   0  0  0  0  0     0       0      0 0.00e+00    0 0.00e+00  0
SFSetUp                2 1.0 5.1629e-04 1.2 0.00e+00 0.0 1.5e+02 2.6e+02 0.0e+00  0  0  1  0  0   0  0 72  1  0     0       0      0 0.00e+00    0 0.00e+00  0
SFBcastBegin           1 1.0 7.3015e-03 1.2 0.00e+00 0.0 1.9e+01 9.1e+02 0.0e+00  0  0  0  0  0   1  0  9  0  0     0       0      2 6.14e-03    0 0.00e+00  0
SFBcastEnd             1 1.0 3.5292e-03 2.5 0.00e+00 0.0 0.0e+00 0.0e+00 0.0e+00  0  0  0  0  0   0  0  0  0  0     0       0      1 1.08e-03    0 0.00e+00  0
SFPack                 1 1.0 6.2435e-03 48026.8 0.00e+00 0.0 0.0e+00 0.0e+00 0.0e+00  0  0  0  0  0   1  0  0  0  0     0       0      1 1.08e-03    0 0.00e+00  0
SFUnpack               1 1.0 7.3723e-05 433.7 0.00e+00 0.0 0.0e+00 0.0e+00 0.0e+00  0  0  0  0  0   0  0  0  0  0     0       0      1 1.08e-03    0 0.00e+00  0
VecNorm                1 1.0 2.3991e-04 1.1 0.00e+00 0.0 0.0e+00 0.0e+00 0.0e+00  0  0  0  0  0   0  0  0  0  0     0       0      0 0.00e+00    0 0.00e+00  0
VecSet                 2 1.0 9.9590e-06 1.3 0.00e+00 0.0 0.0e+00 0.0e+00 0.0e+00  0  0  0  0  0   0  0  0  0  0     0       0      0 0.00e+00    0 0.00e+00  0
DCtxDestroy            1 1.0 2.2694e-05 1.4 0.00e+00 0.0 0.0e+00 0.0e+00 0.0e+00  0  0  0  0  0   0  0  0  0  0     0       0      0 0.00e+00    0 0.00e+00  0
MatMult               37 1.0 1.0283e-05 1.1 3.00e+03 1.0 0.0e+00 0.0e+00 0.0e+00  0  0  0  0  0   0  0  0  0  0  2332       0      0 0.00e+00    0 0.00e+00  0
MatConvert             1 1.0 2.4974e-02 1.2 0.00e+00 0.0 1.1e+02 2.7e+02 3.0e+00  1  0  1  0  2   3  0 54  1 50     0       0      0 0.00e+00    1 3.04e-01  0
MatScale               1 1.0 1.9418e-05 1.3 2.43e+05 1.7 0.0e+00 0.0e+00 0.0e+00  0  0  0  0  0   0  3  0  0  0 77113       0      0 0.00e+00    0 0.00e+00 100
MatAssemblyBegin       2 1.0 4.2222e-03 1.1 0.00e+00 0.0 3.8e+01 1.1e+05 0.0e+00  0  0  0 10  0   1  0 18 99  0     0       0      0 0.00e+00    0 0.00e+00  0
MatAssemblyEnd         2 1.0 9.4449e-03 1.4 7.06e+04 0.0 1.1e+02 2.7e+02 1.0e+00  1  0  1  0  1   1  0 54  1 17    25       0      0 0.00e+00    1 3.04e-01  0
MatSetValues       27064 1.7 1.1621e-02 1.5 2.68e+05 1.4 0.0e+00 0.0e+00 0.0e+00  1  0  0  0  0   1  3  0  0  0   159       0      0 0.00e+00    0 0.00e+00  0
MatGetRow           3072 1.5 7.0530e-04 1.6 0.00e+00 0.0 0.0e+00 0.0e+00 0.0e+00  0  0  0  0  0   0  0  0  0  0     0       0      0 0.00e+00    0 0.00e+00  0
MatZeroEntries         1 1.0 6.0627e-05 1.5 0.00e+00 0.0 0.0e+00 0.0e+00 0.0e+00  0  0  0  0  0   0  0  0  0  0     0       0      0 0.00e+00    0 0.00e+00  0
SNESJacobianEval       1 1.0 6.1016e-01 1.0 6.88e+06 1.0 9.5e+01 4.5e+04 1.0e+00 36  8  0 10  1  89 97 46 99 17    89       0      4 2.47e-02    2 3.50e-02  0

--- Event Stage 1: Mesh Setup

BuildTwoSided         23 1.0 3.8060e-01 75.7 0.00e+00 0.0 3.7e+02 4.0e+00 0.0e+00  7  0  2  0  0  15  0 22  0  0     0       0      0 0.00e+00    0 0.00e+00  0
BuildTwoSidedF         1 1.0 1.5014e-03 30.8 0.00e+00 0.0 0.0e+00 0.0e+00 0.0e+00  0  0  0  0  0   0  0  0  0  0     0       0      0 0.00e+00    0 0.00e+00  0
DMCreateMat            1 1.0 2.7653e-02 1.0 0.00e+00 0.0 4.7e+02 2.1e+04 4.0e+00  2  0  2 24  2   4  0 28 93  7     0       0      0 0.00e+00    0 0.00e+00  0
DMProjectFunc          6 1.0 6.9553e-03 1.0 6.22e+05 1.0 0.0e+00 0.0e+00 1.0e+00  0  1  0  0  1   1 51  0  0  2   716       0      0 0.00e+00    6 1.05e-01  0
DMPlexCrFromOpts       1 1.0 6.5570e-03 1.0 0.00e+00 0.0 0.0e+00 0.0e+00 0.0e+00  0  0  0  0  0   1  0  0  0  0     0       0      0 0.00e+00    0 0.00e+00  0
Mesh Partition         1 1.0 3.3408e-03 1.0 0.00e+00 0.0 3.5e+01 3.0e+03 3.0e+00  0  0  0  0  2   0  0  2  1  6     0       0      0 0.00e+00    0 0.00e+00  0
Mesh Migration         1 1.0 4.9759e-01 1.0 0.00e+00 0.0 2.0e+02 2.2e+03 1.6e+01 30  0  1  1  8  67  0 12  4 30     0       0      0 0.00e+00    0 0.00e+00  0
DMPlexPartSelf         1 1.0 8.0533e-04 100.3 0.00e+00 0.0 0.0e+00 0.0e+00 0.0e+00  0  0  0  0  0   0  0  0  0  0     0       0      0 0.00e+00    0 0.00e+00  0
DMPlexPartLblInv       1 1.0 1.4536e-03 2.2 0.00e+00 0.0 0.0e+00 0.0e+00 2.0e+00  0  0  0  0  1   0  0  0  0  4     0       0      0 0.00e+00    0 0.00e+00  0
DMPlexPartLblSF        1 1.0 3.2482e-04 1.2 0.00e+00 0.0 1.4e+01 1.5e+03 0.0e+00  0  0  0  0  0   0  0  1  0  0     0       0      0 0.00e+00    0 0.00e+00  0
DMPlexPartStrtSF       1 1.0 9.2013e-04 1.1 0.00e+00 0.0 7.0e+00 5.8e+03 0.0e+00  0  0  0  0  0   0  0  0  0  0     0       0      0 0.00e+00    0 0.00e+00  0
DMPlexPointSF          1 1.0 1.7037e-02 1.0 0.00e+00 0.0 1.4e+01 7.3e+03 0.0e+00  1  0  0  0  0   2  0  1  1  0     0       0      0 0.00e+00    0 0.00e+00  0
DMPlexInterp          36 1.0 3.7762e-03 1.3 0.00e+00 0.0 0.0e+00 0.0e+00 0.0e+00  0  0  0  0  0   0  0  0  0  0     0       0      0 0.00e+00    0 0.00e+00  0
DMPlexDistribute       1 1.0 5.1814e-01 1.0 0.00e+00 0.0 2.5e+02 2.6e+03 2.1e+01 31  0  1  2 11  70  0 15  6 39     0       0      0 0.00e+00    0 0.00e+00  0
DMPlexDistCones        1 1.0 6.7984e-04 1.1 0.00e+00 0.0 4.2e+01 4.9e+03 0.0e+00  0  0  0  0  0   0  0  2  2  0     0       0      0 0.00e+00    0 0.00e+00  0
DMPlexDistLabels       1 1.0 1.5957e-03 1.0 0.00e+00 0.0 1.0e+02 1.7e+03 1.4e+01  0  0  1  0  7   0  0  6  2 26     0       0      0 0.00e+00    0 0.00e+00  0
DMPlexDistField        1 1.0 4.9461e-01 1.0 0.00e+00 0.0 4.9e+01 9.6e+02 0.0e+00 29  0  0  0  0  67  0  3  0  0     0       0      0 0.00e+00    0 0.00e+00  0
DMPlexStratify        53 1.0 9.1581e-03 1.1 0.00e+00 0.0 0.0e+00 0.0e+00 0.0e+00  1  0  0  0  0   1  0  0  0  0     0       0      0 0.00e+00    0 0.00e+00  0
DMPlexSymmetrize      53 1.0 2.6635e-04 5.0 0.00e+00 0.0 0.0e+00 0.0e+00 0.0e+00  0  0  0  0  0   0  0  0  0  0     0       0      0 0.00e+00    0 0.00e+00  0
DMPlexPrealloc         1 1.0 2.7373e-02 1.0 0.00e+00 0.0 4.7e+02 2.1e+04 4.0e+00  2  0  2 24  2   4  0 28 93  7     0       0      0 0.00e+00    0 0.00e+00  0
DMPlexGenerate         1 1.0 6.5230e-03 1.0 0.00e+00 0.0 0.0e+00 0.0e+00 0.0e+00  0  0  0  0  0   1  0  0  0  0     0       0      0 0.00e+00    0 0.00e+00  0
SFSetGraph            27 1.0 6.2414e-04 9.6 0.00e+00 0.0 0.0e+00 0.0e+00 0.0e+00  0  0  0  0  0   0  0  0  0  0     0       0      0 0.00e+00    0 0.00e+00  0
SFSetUp               22 1.0 3.8445e-01 47.5 0.00e+00 0.0 7.3e+02 4.8e+03 0.0e+00  7  0  4  8  0  15  0 44 33  0     0       0      0 0.00e+00    0 0.00e+00  0
SFBcastBegin          49 1.0 1.5078e-03 2.8 0.00e+00 0.0 6.8e+02 2.4e+03 0.0e+00  0  0  4  4  0   0  0 40 15  0     0       0      0 0.00e+00    0 0.00e+00  0
SFBcastEnd            49 1.0 2.1367e-02 6.3 0.00e+00 0.0 0.0e+00 0.0e+00 0.0e+00  1  0  0  0  0   2  0  0  0  0     0       0      0 0.00e+00    0 0.00e+00  0
SFReduceBegin         11 1.0 2.9492e-03 9.8 0.00e+00 0.0 2.0e+02 1.7e+04 0.0e+00  0  0  1  8  0   0  0 12 32  0     0       0      0 0.00e+00    0 0.00e+00  0
SFReduceEnd           11 1.0 1.4776e-02 16.2 0.00e+00 0.0 0.0e+00 0.0e+00 0.0e+00  0  0  0  0  0   1  0  0  0  0     0       0      0 0.00e+00    0 0.00e+00  0
SFFetchOpBegin         2 1.0 9.2759e-05 6.5 0.00e+00 0.0 3.8e+01 2.9e+04 0.0e+00  0  0  0  3  0   0  0  2 10  0     0       0      0 0.00e+00    0 0.00e+00  0
SFFetchOpEnd           2 1.0 8.6297e-04 3.8 0.00e+00 0.0 3.8e+01 2.9e+04 0.0e+00  0  0  0  3  0   0  0  2 10  0     0       0      0 0.00e+00    0 0.00e+00  0
SFCreateEmbed          3 1.0 1.1146e-03 8.0 0.00e+00 0.0 4.5e+01 2.0e+02 0.0e+00  0  0  0  0  0   0  0  3  0  0     0       0      0 0.00e+00    0 0.00e+00  0
SFDistSection          9 1.0 1.4964e-03 1.2 0.00e+00 0.0 3.1e+02 6.9e+02 0.0e+00  0  0  2  1  0   0  0 19  2  0     0       0      0 0.00e+00    0 0.00e+00  0
SFSectionSF           11 1.0 3.8099e-01 101.9 0.00e+00 0.0 2.9e+02 4.2e+03 0.0e+00  6  0  2  3  0  15  0 17 11  0     0       0      0 0.00e+00    0 0.00e+00  0
SFRemoteOff            2 1.0 1.1786e-03 6.3 0.00e+00 0.0 7.6e+01 2.4e+02 0.0e+00  0  0  0  0  0   0  0  5  0  0     0       0      0 0.00e+00    0 0.00e+00  0
SFPack                62 1.0 3.7337e-04 9.2 0.00e+00 0.0 0.0e+00 0.0e+00 0.0e+00  0  0  0  0  0   0  0  0  0  0     0       0      0 0.00e+00    0 0.00e+00  0
SFUnpack              64 1.0 1.4796e-02 57.3 0.00e+00 0.0 0.0e+00 0.0e+00 0.0e+00  0  0  0  0  0   0  0  0  0  0     0       0      0 0.00e+00    0 0.00e+00  0
VecMDot                5 1.0 1.5913e-03 1.0 4.61e+04 1.5 0.0e+00 0.0e+00 0.0e+00  0  0  0  0  0   0  3  0  0  0   191       0      0 0.00e+00    4 1.12e-04 100
VecNorm                6 1.0 1.1347e-03 1.6 1.84e+04 1.5 0.0e+00 0.0e+00 0.0e+00  0  0  0  0  0   0  1  0  0  0   107       0      0 0.00e+00    0 0.00e+00 100
VecScale               6 1.0 2.0435e-04 1.2 9.22e+03 1.5 0.0e+00 0.0e+00 0.0e+00  0  0  0  0  0   0  1  0  0  0   297       0      0 0.00e+00    0 0.00e+00 100
VecCopy                1 1.0 3.6270e-06 1.2 0.00e+00 0.0 0.0e+00 0.0e+00 0.0e+00  0  0  0  0  0   0  0  0  0  0     0       0      0 0.00e+00    0 0.00e+00  0
VecSet                 8 1.0 6.3163e-05 1.1 0.00e+00 0.0 0.0e+00 0.0e+00 0.0e+00  0  0  0  0  0   0  0  0  0  0     0       0      0 0.00e+00    0 0.00e+00  0
VecAXPY                8 1.0 1.3246e-03 1.6 2.46e+04 1.5 0.0e+00 0.0e+00 0.0e+00  0  0  0  0  0   0  2  0  0  0   122       0      0 0.00e+00    0 0.00e+00 100
VecNormalize           6 1.0 1.3444e-03 1.5 2.76e+04 1.5 0.0e+00 0.0e+00 0.0e+00  0  0  0  0  0   0  2  0  0  0   136       0      0 0.00e+00    0 0.00e+00 100
DCtxCreate             1 1.0 1.5871e-05 1.6 0.00e+00 0.0 0.0e+00 0.0e+00 0.0e+00  0  0  0  0  0   0  0  0  0  0     0       0      0 0.00e+00    0 0.00e+00  0
DCtxSetUp              1 1.0 8.7460e-06 1.1 0.00e+00 0.0 0.0e+00 0.0e+00 0.0e+00  0  0  0  0  0   0  0  0  0  0     0       0      0 0.00e+00    0 0.00e+00  0
DCtxSetDevice          1 1.0 1.5790e-05 1.2 0.00e+00 0.0 0.0e+00 0.0e+00 0.0e+00  0  0  0  0  0   0  0  0  0  0     0       0      0 0.00e+00    0 0.00e+00  0
DualSpaceSetUp         6 1.0 1.6188e-02 1.1 3.61e+03 1.0 0.0e+00 0.0e+00 0.0e+00  1  0  0  0  0   2  0  0  0  0     2       0      0 0.00e+00    0 0.00e+00  0
FESetUp                6 1.0 1.5203e-01 1.1 0.00e+00 0.0 0.0e+00 0.0e+00 0.0e+00  9  0  0  0  0  19  0  0  0  0     0       0      0 0.00e+00    0 0.00e+00  0
MatMult              384 1.0 9.6619e-05 1.0 3.11e+04 1.0 0.0e+00 0.0e+00 0.0e+00  0  0  0  0  0   0  3  0  0  0  2575       0      0 0.00e+00    0 0.00e+00  0
MatAssemblyBegin      68 1.0 1.5258e-03 20.9 0.00e+00 0.0 0.0e+00 0.0e+00 0.0e+00  0  0  0  0  0   0  0  0  0  0     0       0      0 0.00e+00    0 0.00e+00  0
MatAssemblyEnd        68 1.0 1.3700e-03 1.0 0.00e+00 0.0 1.1e+02 2.7e+02 1.0e+00  0  0  1  0  1   0  0  7  0  2     0       0      0 0.00e+00    0 0.00e+00  0
MatSetPreallCOO       36 1.0 9.9923e-05 1.4 0.00e+00 0.0 0.0e+00 0.0e+00 0.0e+00  0  0  0  0  0   0  0  0  0  0     0       0      0 0.00e+00    0 0.00e+00  0
MatSetValuesCOO       36 1.0 4.9837e-05 1.1 0.00e+00 0.0 0.0e+00 0.0e+00 0.0e+00  0  0  0  0  0   0  0  0  0  0     0       0      0 0.00e+00    0 0.00e+00  0

--- Event Stage 2: Solve 0

BuildTwoSided        129 1.0 1.2846e-02 1.8 0.00e+00 0.0 1.4e+03 4.0e+00 0.0e+00  1  0  7  0  0   5  0 11  0  0     0       0      0 0.00e+00    0 0.00e+00  0
BuildTwoSidedF        74 1.0 9.2915e-03 2.8 0.00e+00 0.0 3.3e+02 2.7e+04 0.0e+00  0  0  2 20  0   3  0  3 40  0     0       0      0 0.00e+00    0 0.00e+00  0
DMPlexResidualFE       1 1.0 6.7633e-03 1.0 6.38e+06 1.0 0.0e+00 0.0e+00 0.0e+00  0  8  0  0  0   3 16  0  0  0  7542       0      0 0.00e+00    2 3.50e-02  0
SFSetGraph            59 1.0 6.6623e-05 1.4 0.00e+00 0.0 0.0e+00 0.0e+00 0.0e+00  0  0  0  0  0   0  0  0  0  0     0       0      0 0.00e+00    0 0.00e+00  0
SFSetUp               55 1.0 7.0085e-03 1.3 0.00e+00 0.0 2.4e+03 1.0e+02 0.0e+00  0  0 13  1  0   3  0 20  1  0     0       0      0 0.00e+00    0 0.00e+00  0
SFBcastBegin          33 1.0 1.7224e-03 1.5 0.00e+00 0.0 1.1e+03 2.7e+03 0.0e+00  0  0  6  7  0   1  0  9 14  0     0       0      0 0.00e+00    0 0.00e+00  0
SFBcastEnd            33 1.0 9.7553e-04 2.5 0.00e+00 0.0 0.0e+00 0.0e+00 0.0e+00  0  0  0  0  0   0  0  0  0  0     0       0      0 0.00e+00    0 0.00e+00  0
SFReduceBegin         16 1.0 2.8785e-03 5.0 0.00e+00 0.0 1.8e+02 6.4e+03 0.0e+00  0  0  1  3  0   1  0  2  5  0     0       0      0 0.00e+00    0 0.00e+00  0
SFReduceEnd           16 1.0 5.3074e-03 2.9 6.51e+02 0.0 0.0e+00 0.0e+00 0.0e+00  0  0  0  0  0   2  0  0  0  0     0       0      0 0.00e+00    0 0.00e+00 100
SFFetchOpBegin         4 1.0 5.0777e-05 3.1 0.00e+00 0.0 3.1e+01 4.0e+00 0.0e+00  0  0  0  0  0   0  0  0  0  0     0       0      0 0.00e+00    0 0.00e+00  0
SFFetchOpEnd           4 1.0 1.5642e-04 2.7 0.00e+00 0.0 3.1e+01 4.0e+00 0.0e+00  0  0  0  0  0   0  0  0  0  0     0       0      0 0.00e+00    0 0.00e+00  0
SFCreateEmbed          4 1.0 2.9540e-04 1.6 0.00e+00 0.0 1.4e+02 3.8e+01 0.0e+00  0  0  1  0  0   0  0  1  0  0     0       0      0 0.00e+00    0 0.00e+00  0
SFSectionSF            4 1.0 9.8398e-04 1.5 0.00e+00 0.0 2.7e+02 2.7e+02 0.0e+00  0  0  1  0  0   0  0  2  0  0     0       0      0 0.00e+00    0 0.00e+00  0
SFRemoteOff            4 1.0 5.7474e-04 1.5 0.00e+00 0.0 2.7e+02 9.5e+01 0.0e+00  0  0  1  0  0   0  0  2  0  0     0       0      0 0.00e+00    0 0.00e+00  0
SFPack               314 1.0 7.7186e-04 2.0 0.00e+00 0.0 0.0e+00 0.0e+00 0.0e+00  0  0  0  0  0   0  0  0  0  0     0       0      2 3.80e-03    0 0.00e+00  0
SFUnpack             318 1.0 2.2113e-04 3.5 3.74e+03 25.5 0.0e+00 0.0e+00 0.0e+00  0  0  0  0  0   0  0  0  0  0    58       0      1 4.23e-04    0 0.00e+00 100
VecTDot              118 1.0 1.5094e-02 1.4 2.21e+05 1.4 0.0e+00 0.0e+00 0.0e+00  1  0  0  0  0   6  0  0  0  0    98       0      0 0.00e+00    0 0.00e+00 100
VecNorm               35 1.0 1.9023e-03 1.1 7.37e+04 1.4 0.0e+00 0.0e+00 0.0e+00  0  0  0  0  0   1  0  0  0  0   258       0      0 0.00e+00    0 0.00e+00 100
VecCopy               82 1.0 4.6636e-04 2.0 0.00e+00 0.0 0.0e+00 0.0e+00 0.0e+00  0  0  0  0  0   0  0  0  0  0     0       0      0 0.00e+00    0 0.00e+00  0
VecSet                44 1.0 1.7450e-04 1.7 0.00e+00 0.0 0.0e+00 0.0e+00 0.0e+00  0  0  0  0  0   0  0  0  0  0     0       0      0 0.00e+00    0 0.00e+00  0
VecAXPY              106 1.0 5.2448e-04 1.6 2.03e+05 1.4 0.0e+00 0.0e+00 0.0e+00  0  0  0  0  0   0  0  0  0  0  2586       0      0 0.00e+00    0 0.00e+00 100
VecAYPX              191 1.0 9.3188e-04 1.6 3.10e+05 1.4 0.0e+00 0.0e+00 0.0e+00  0  0  0  0  0   0  1  0  0  0  2242       0      0 0.00e+00    0 0.00e+00 100
VecAXPBYCZ            48 1.0 4.3438e-04 1.3 1.84e+05 1.4 0.0e+00 0.0e+00 0.0e+00  0  0  0  0  0   0  0  0  0  0  2865       0      0 0.00e+00    0 0.00e+00 100
VecAssemblyBegin      62 1.0 2.5739e-03 1.4 0.00e+00 0.0 0.0e+00 0.0e+00 0.0e+00  0  0  0  0  0   1  0  0  0  0     0       0      0 0.00e+00    0 0.00e+00  0
VecAssemblyEnd        62 1.0 2.7871e-05 1.3 0.00e+00 0.0 0.0e+00 0.0e+00 0.0e+00  0  0  0  0  0   0  0  0  0  0     0       0      0 0.00e+00    0 0.00e+00  0
VecPointwiseMult      34 1.0 1.7013e-04 1.8 1.69e+04 1.4 0.0e+00 0.0e+00 0.0e+00  0  0  0  0  0   0  0  0  0  0   672       0      0 0.00e+00    0 0.00e+00 100
VecReciprocal          7 1.0 5.1509e-05 1.3 0.00e+00 0.0 0.0e+00 0.0e+00 0.0e+00  0  0  0  0  0   0  0  0  0  0     0       0      0 0.00e+00    0 0.00e+00  0
VecSetValues       12028 1.4 7.2548e-04 1.4 0.00e+00 0.0 0.0e+00 0.0e+00 0.0e+00  0  0  0  0  0   0  0  0  0  0     0       0      0 0.00e+00    0 0.00e+00  0
VecScatterBegin      261 1.0 2.4571e-02 3.1 0.00e+00 0.0 7.6e+03 8.7e+02 0.0e+00  1  0 40 16  0   6  0 64 31  0     0       0      4 1.19e-02    0 0.00e+00  0
VecScatterEnd        261 1.0 1.8853e-02 3.7 3.74e+03 0.0 0.0e+00 0.0e+00 0.0e+00  1  0  0  0  0   5  0  0  0  0     1       0      1 4.23e-04    0 0.00e+00 100
MatMult              185 1.0 2.3484e-02 2.4 3.89e+07 1.6 5.3e+03 9.6e+02 0.0e+00  1 36 27 12  0   7 77 44 24  0 10481       0      4 1.19e-02    0 0.00e+00 100
MatMultAdd            24 1.0 3.4687e-03 2.1 9.75e+05 1.5 3.7e+02 2.3e+02 0.0e+00  0  1  2  0  0   1  2  3  0  0  1818       0      0 0.00e+00    0 0.00e+00 100
MatMultTranspose      24 1.0 1.3956e-02 12.4 9.75e+05 1.5 3.7e+02 2.3e+02 0.0e+00  0  1  2  0  0   3  2  3  0  0   453       0      1 4.23e-04    0 0.00e+00 100
MatConvert            12 1.0 2.7505e-02 1.0 0.00e+00 0.0 4.9e+02 3.1e+01 3.0e+01  2  0  3  0 16  13  0  4  0 26     0       0      0 0.00e+00    7 5.68e-01  0
MatScale               6 1.0 2.9710e-04 1.4 9.16e+04 1.5 6.8e+01 3.0e+02 0.0e+00  0  0  0  0  0   0  0  1  0  0  2014       0      0 0.00e+00    0 0.00e+00 44
MatResidual           24 1.0 2.1852e-03 1.7 5.87e+06 1.6 8.2e+02 9.5e+02 0.0e+00  0  6  4  2  0   1 12  7  4  0 17086       0      0 0.00e+00    0 0.00e+00 100
MatAssemblyBegin      43 1.0 8.5602e-03 1.3 0.00e+00 0.0 3.3e+02 2.7e+04 0.0e+00  0  0  2 20  0   4  0  3 40  0     0       0      0 0.00e+00    0 0.00e+00  0
MatAssemblyEnd        43 1.0 2.5577e-02 1.3 0.00e+00 0.0 1.2e+03 7.0e+01 2.4e+01  1  0  6  0 13  11  0 10  0 21     0       0      0 0.00e+00    6 3.19e-01  0
MatSetValues       99065 1.4 1.2658e-02 1.5 3.62e+04 1.6 0.0e+00 0.0e+00 0.0e+00  1  0  0  0  0   5  0  0  0  0    18       0      0 0.00e+00    0 0.00e+00  0
MatGetRow           9216 1.4 9.5926e-04 1.3 0.00e+00 0.0 0.0e+00 0.0e+00 0.0e+00  0  0  0  0  0   0  0  0  0  0     0       0      0 0.00e+00    0 0.00e+00  0
MatCreateSubMat        2 1.0 1.5421e-02 1.0 0.00e+00 0.0 2.5e+02 4.4e+01 2.2e+01  1  0  1  0 12   7  0  2  0 19     0       0      0 0.00e+00    2 1.91e-01  0
MatCoarsen             2 1.0 3.0165e-03 1.0 0.00e+00 0.0 6.1e+02 3.4e+02 9.0e+00  0  0  3  0  5   1  0  5  1  8     0       0      0 0.00e+00    0 0.00e+00  0
MatAXPY                4 1.0 1.8320e-02 1.0 3.62e+04 1.6 4.4e+02 4.3e+01 2.0e+01  1  0  2  0 10   8  0  4  0 18    13       0      0 0.00e+00    5 3.77e-01  0
MatTranspose           5 1.0 3.8216e-03 1.0 0.00e+00 0.0 5.1e+02 1.1e+03 9.0e+00  0  0  3  1  5   2  0  4  3  8     0       0      0 0.00e+00    0 0.00e+00  0
MatMatMultSym          2 1.0 2.4475e-02 1.0 0.00e+00 0.0 8.6e+02 5.2e+02 1.4e+01  1  0  4  1  7  11  0  7  2 12     0       0      0 0.00e+00   16 2.41e+00  0
MatMatMultNum          2 1.0 3.6100e-07 1.4 0.00e+00 0.0 0.0e+00 0.0e+00 0.0e+00  0  0  0  0  0   0  0  0  0  0     0       0      0 0.00e+00    0 0.00e+00  0
MatPtAPSymbolic        2 1.0 4.9513e-02 1.0 0.00e+00 0.0 9.4e+02 3.8e+03 1.4e+01  3  0  5  8  7  22  0  8 17 12     0       0      0 0.00e+00   16 2.89e+00  0
MatPtAPNumeric         2 1.0 3.2100e-07 1.2 0.00e+00 0.0 0.0e+00 0.0e+00 0.0e+00  0  0  0  0  0   0  0  0  0  0     0       0      0 0.00e+00    0 0.00e+00  0
MatTrnMatMultSym       1 1.0 2.5265e-02 1.0 0.00e+00 0.0 3.9e+02 2.5e+04 4.0e+00  2  0  2 23  2  12  0  3 46  4     0       0      0 0.00e+00    0 0.00e+00  0
MatGetLocalMat         1 1.0 4.7532e-05 1.3 0.00e+00 0.0 0.0e+00 0.0e+00 0.0e+00  0  0  0  0  0   0  0  0  0  0     0       0      0 0.00e+00    0 0.00e+00  0
MatCreateGraph         2 1.0 7.4138e-03 1.0 8.10e+04 1.7 8.2e+02 7.7e+02 1.4e+01  0  0  4  1  7   3  0  7  3 12    68       0      0 0.00e+00    2 4.80e-02  0
MatSetPreallCOO        4 1.0 9.7617e-03 1.1 0.00e+00 0.0 5.4e+02 1.0e+02 1.6e+01  1  0  3  0  8   4  0  5  0 14     0       0      0 0.00e+00   12 4.59e-01  0
MatSetValuesCOO        4 1.0 5.2186e-03 1.9 0.00e+00 0.0 3.1e+01 3.6e+04 0.0e+00  0  0  0  3  0   2  0  0  5  0     0       0      0 0.00e+00    0 0.00e+00  0
KSPSetUp               1 1.0 5.2572e-05 1.0 0.00e+00 0.0 0.0e+00 0.0e+00 0.0e+00  0  0  0  0  0   0  0  0  0  0     0       0      0 0.00e+00    0 0.00e+00  0
KSPSolve               1 1.0 3.1375e-02 1.0 3.20e+07 1.6 4.7e+03 8.5e+02 0.0e+00  2 30 24  9  0  14 63 39 18  0  6509       0      1 4.23e-04    0 0.00e+00 100
SNESSolve              1 1.0 2.1753e-01 1.0 4.88e+07 1.5 1.2e+04 1.8e+03 1.1e+02 13 48 62 51 60 100 100 100 100 100  1479       0      6 4.73e-02   53 6.04e+00 84
SNESSetUp              1 1.0 4.4727e-05 1.1 0.00e+00 0.0 0.0e+00 0.0e+00 0.0e+00  0  0  0  0  0   0  0  0  0  0     0       0      0 0.00e+00    0 0.00e+00  0
SNESFunctionEval       1 1.0 9.6874e-03 1.0 6.44e+06 1.0 3.8e+01 9.1e+02 0.0e+00  1  8  0  0  0   4 16  0  0  0  5320       0      2 3.50e-02    3 5.25e-02  0
PCSetUp_GAMG+          1 1.0 1.7671e-01 1.0 1.03e+07 1.6 7.2e+03 2.5e+03 1.1e+02 11 10 38 41 60  81 20 60 82 100   373       0      4 1.19e-02   50 5.98e+00 99
 PCGAMGCreateG         2 1.0 7.4179e-03 1.0 8.10e+04 1.7 8.2e+02 7.7e+02 1.4e+01  0  0  4  1  7   3  0  7  3 12    68       0      0 0.00e+00    2 4.80e-02  0
 GAMG Coarsen          4 1.0 2.9436e-02 1.0 0.00e+00 0.0 1.3e+03 8.1e+03 1.3e+01  2  0  7 24  7  14  0 11 48 11     0       0      0 0.00e+00    0 0.00e+00  0
  GAMG MIS/Agg         2 1.0 2.8294e-02 1.0 0.00e+00 0.0 1.0e+03 1.0e+04 1.3e+01  2  0  5 24  7  13  0  8 46 11     0       0      0 0.00e+00    0 0.00e+00  0
 PCGAMGProl            2 1.0 8.9535e-03 1.0 0.00e+00 0.0 1.4e+03 9.8e+02 6.0e+00  1  0  7  3  3   4  0 11  6  5     0       0      0 0.00e+00    2 1.42e-02  0
  GAMG Prol-col        2 1.0 4.3131e-03 1.0 0.00e+00 0.0 1.2e+03 8.9e+02 0.0e+00  0  0  6  3  0   2  0 10  5  0     0       0      0 0.00e+00    0 0.00e+00  0
  GAMG Prol-lift       2 1.0 3.7377e-03 1.0 0.00e+00 0.0 1.2e+02 2.0e+03 2.0e+00  0  0  1  1  1   2  0  1  1  2     0       0      0 0.00e+00    2 1.42e-02  0
 PCGAMGOptProl         2 1.0 5.6352e-02 1.0 5.08e+06 1.6 1.8e+03 6.0e+02 3.2e+01  3  5 10  3 17  26 10 15  5 28   575       0      4 1.19e-02   21 2.78e+00 100
  GAMG smooth          2 1.0 4.1280e-02 1.0 4.87e+04 1.4 1.2e+03 3.9e+02 3.2e+01  2  0  6  1 17  19  0 10  2 28     8       0      0 0.00e+00   21 2.78e+00 81
 PCGAMGCreateL         2 1.0 6.7319e-02 1.0 0.00e+00 0.0 1.2e+03 2.9e+03 4.8e+01  4  0  6  9 25  30  0 10 17 42     0       0      0 0.00e+00   18 3.08e+00  0
  GAMG PtAP            2 1.0 4.9529e-02 1.0 0.00e+00 0.0 9.4e+02 3.8e+03 1.4e+01  3  0  5  8  7  22  0  8 17 12     0       0      0 0.00e+00   16 2.89e+00  0
  GAMG Reduce          2 1.0 6.7314e-02 1.0 0.00e+00 0.0 1.2e+03 2.9e+03 4.8e+01  4  0  6  9 25  30  0 10 17 42     0       0      0 0.00e+00   18 3.08e+00  0
PCGAMG Squ l00         1 1.0 2.5268e-02 1.0 0.00e+00 0.0 3.9e+02 2.5e+04 4.0e+00  2  0  2 23  2  12  0  3 46  4     0       0      0 0.00e+00    0 0.00e+00  0
PCGAMG Gal l00         1 1.0 1.8945e-02 1.0 0.00e+00 0.0 8.0e+02 4.3e+03 7.0e+00  1  0  4  8  4   9  0  7 16  6     0       0      0 0.00e+00    8 2.80e+00  0
PCGAMG Opt l00         1 1.0 1.9036e-02 1.0 0.00e+00 0.0 7.2e+02 5.7e+02 7.0e+00  1  0  4  1  4   9  0  6  2  6     0       0      0 0.00e+00    8 2.33e+00  0
PCGAMG Gal l01         1 1.0 3.0666e-02 1.1 0.00e+00 0.0 1.4e+02 9.9e+02 7.0e+00  2  0  1  0  4  13  0  1  1  6     0       0      0 0.00e+00    8 8.92e-02  0
PCGAMG Opt l01         1 1.0 5.4584e-03 1.0 0.00e+00 0.0 1.4e+02 2.6e+02 7.0e+00  0  0  1  0  4   2  0  1  0  6     0       0      0 0.00e+00    8 7.29e-02  0
PCSetUp                1 1.0 1.7671e-01 1.0 1.03e+07 1.6 7.2e+03 2.5e+03 1.1e+02 11 10 38 41 60  81 20 60 82 100   373       0      4 1.19e-02   50 5.98e+00 99
PCApply               12 1.0 2.7938e-02 1.0 2.60e+07 1.5 4.0e+03 8.2e+02 0.0e+00  2 25 21  8  0  13 52 34 15  0  5970       0      1 4.23e-04    0 0.00e+00 100

--- Event Stage 3: Hot Solve

DMPlexResidualFE       1 1.0 6.5955e-03 1.0 6.38e+06 1.0 0.0e+00 0.0e+00 0.0e+00  0  8  0  0  0  20 18  0  0  0  7734       0      0 0.00e+00    2 3.50e-02  0
SFBcastBegin           1 1.0 5.6439e-05 2.8 0.00e+00 0.0 1.9e+01 9.1e+02 0.0e+00  0  0  0  0  0   0  0  0  0  0     0       0      0 0.00e+00    0 0.00e+00  0
SFBcastEnd             1 1.0 2.3846e-04 36.3 0.00e+00 0.0 0.0e+00 0.0e+00 0.0e+00  0  0  0  0  0   0  0  0  0  0     0       0      0 0.00e+00    0 0.00e+00  0
SFReduceBegin          3 1.0 1.4093e-03 1.4 0.00e+00 0.0 5.0e+01 2.3e+04 0.0e+00  0  0  0  3  0   4  0  1 20  0     0       0      0 0.00e+00    0 0.00e+00  0
SFReduceEnd            3 1.0 6.2560e-04 16.1 6.51e+02 0.0 0.0e+00 0.0e+00 0.0e+00  0  0  0  0  0   1  0  0  0  0     3       0      0 0.00e+00    0 0.00e+00 100
SFPack               180 1.0 5.1391e-04 2.0 0.00e+00 0.0 0.0e+00 0.0e+00 0.0e+00  0  0  0  0  0   1  0  0  0  0     0       0      0 0.00e+00    0 0.00e+00  0
SFUnpack             180 1.0 1.3898e-04 6.0 3.74e+03 25.5 0.0e+00 0.0e+00 0.0e+00  0  0  0  0  0   0  0  0  0  0    93       0      0 0.00e+00    0 0.00e+00 100
VecTDot               72 1.0 4.8871e-03 1.4 1.51e+05 1.4 0.0e+00 0.0e+00 0.0e+00  0  0  0  0  0  13  0  0  0  0   205       0      0 0.00e+00    0 0.00e+00 100
VecNorm               35 1.0 2.1069e-03 1.3 7.37e+04 1.4 0.0e+00 0.0e+00 0.0e+00  0  0  0  0  0   5  0  0  0  0   233       0      0 0.00e+00    0 0.00e+00 100
VecCopy               78 1.0 4.0169e-04 1.9 0.00e+00 0.0 0.0e+00 0.0e+00 0.0e+00  0  0  0  0  0   1  0  0  0  0     0       0      0 0.00e+00    0 0.00e+00  0
VecSet                42 1.0 1.5895e-04 1.7 0.00e+00 0.0 0.0e+00 0.0e+00 0.0e+00  0  0  0  0  0   0  0  0  0  0     0       0      0 0.00e+00    0 0.00e+00  0
VecAXPY               66 1.0 2.8750e-04 1.5 1.41e+05 1.4 0.0e+00 0.0e+00 0.0e+00  0  0  0  0  0   1  0  0  0  0  3274       0      0 0.00e+00    0 0.00e+00 100
VecAYPX              173 1.0 7.7995e-04 1.7 2.83e+05 1.4 0.0e+00 0.0e+00 0.0e+00  0  0  0  0  0   2  1  0  0  0  2440       0      0 0.00e+00    0 0.00e+00 100
VecAXPBYCZ            48 1.0 2.0416e-04 1.7 1.84e+05 1.4 0.0e+00 0.0e+00 0.0e+00  0  0  0  0  0   0  0  0  0  0  6096       0      0 0.00e+00    0 0.00e+00 100
VecPointwiseMult      12 1.0 5.5326e-05 3.2 2.88e+02 0.0 0.0e+00 0.0e+00 0.0e+00  0  0  0  0  0   0  0  0  0  0     5       0      0 0.00e+00    0 0.00e+00 100
VecReciprocal          1 1.0 4.1880e-06 3.1 0.00e+00 0.0 0.0e+00 0.0e+00 0.0e+00  0  0  0  0  0   0  0  0  0  0     0       0      0 0.00e+00    0 0.00e+00  0
VecScatterBegin      176 1.0 8.3568e-03 1.8 0.00e+00 0.0 5.4e+03 8.6e+02 0.0e+00  0  0 28 11  0  20  0 99 80  0     0       0      0 0.00e+00    0 0.00e+00  0
VecScatterEnd        176 1.0 5.2878e-03 1.9 3.74e+03 0.0 0.0e+00 0.0e+00 0.0e+00  0  0  0  0  0  13  0  0  0  0     2       0      0 0.00e+00    0 0.00e+00 100
MatMult              165 1.0 1.1297e-02 1.6 3.40e+07 1.6 4.6e+03 9.7e+02 0.0e+00  1 32 24 10  0  28 75 85 77  0 19051       0      0 0.00e+00    0 0.00e+00 100
MatMultAdd            24 1.0 3.5641e-03 2.2 9.75e+05 1.5 3.7e+02 2.3e+02 0.0e+00  0  1  2  0  0   8  2  7  1  0  1770       0      0 0.00e+00    0 0.00e+00 100
MatMultTranspose      24 1.0 1.8858e-03 2.6 9.75e+05 1.5 3.7e+02 2.3e+02 0.0e+00  0  1  2  0  0   4  2  7  1  0  3351       0      0 0.00e+00    0 0.00e+00 100
MatResidual           24 1.0 2.1891e-03 1.7 5.87e+06 1.6 8.2e+02 9.5e+02 0.0e+00  0  6  4  2  0   5 13 15 13  0 17056       0      0 0.00e+00    0 0.00e+00 100
MatAssemblyBegin       2 1.0 3.7000e-07 1.2 0.00e+00 0.0 0.0e+00 0.0e+00 0.0e+00  0  0  0  0  0   0  0  0  0  0     0       0      0 0.00e+00    0 0.00e+00  0
MatAssemblyEnd         2 1.0 1.2720e-06 1.1 0.00e+00 0.0 0.0e+00 0.0e+00 0.0e+00  0  0  0  0  0   0  0  0  0  0     0       0      0 0.00e+00    0 0.00e+00  0
MatPtAPNumeric         2 1.0 1.8191e-03 1.2 0.00e+00 0.0 3.1e+01 3.6e+04 0.0e+00  0  0  0  3  0   5  0  1 19  0     0       0      0 0.00e+00    0 0.00e+00  0
MatSetValuesCOO        2 1.0 1.4529e-03 1.2 0.00e+00 0.0 3.1e+01 3.6e+04 0.0e+00  0  0  0  3  0   4  0  1 19  0     0       0      0 0.00e+00    0 0.00e+00  0
KSPSetUp               1 1.0 2.1100e-07 1.3 0.00e+00 0.0 0.0e+00 0.0e+00 0.0e+00  0  0  0  0  0   0  0  0  0  0     0       0      0 0.00e+00    0 0.00e+00  0
KSPSolve               1 1.0 1.7596e-02 1.0 3.20e+07 1.6 4.7e+03 8.5e+02 0.0e+00  1 30 24  9  0  53 71 86 69  0 11605       0      0 0.00e+00    0 0.00e+00 100
SNESSolve              1 1.0 3.3196e-02 1.0 4.36e+07 1.4 5.4e+03 1.1e+03 0.0e+00  2 43 28 14  0 100 100 100 100  0  8697       0      4 6.68e-02    5 1.26e+00 82
SNESFunctionEval       1 1.0 8.0683e-03 1.0 6.44e+06 1.0 3.8e+01 9.1e+02 0.0e+00  0  8  0  0  0  24 18  1  1  0  6388       0      2 3.50e-02    3 5.25e-02  0
PCSetUp_GAMG+          1 1.0 7.5316e-03 1.0 5.15e+06 1.6 7.1e+02 2.5e+03 0.0e+00  0  5  4  4  0  23 11 13 30  0  4370       0      2 3.19e-02    2 1.21e+00 100
PCGAMG Gal l00         1 1.0 1.6842e-03 1.2 0.00e+00 0.0 2.8e+01 3.9e+04 0.0e+00  0  0  0  3  0   5  0  1 19  0     0       0      0 0.00e+00    0 0.00e+00  0
PCGAMG Gal l01         1 1.0 1.5858e-04 2.4 0.00e+00 0.0 3.0e+00 4.6e+03 0.0e+00  0  0  0  0  0   0  0  0  0  0     0       0      0 0.00e+00    0 0.00e+00  0
PCSetUp                1 1.0 7.5336e-03 1.0 5.15e+06 1.6 7.1e+02 2.5e+03 0.0e+00  0  5  4  4  0  23 11 13 30  0  4369       0      2 3.19e-02    2 1.21e+00 100
PCApply               12 1.0 1.4192e-02 1.0 2.60e+07 1.5 4.0e+03 8.2e+02 0.0e+00  1 25 21  8  0  42 58 74 57  0 11751       0      0 0.00e+00    0 0.00e+00 100
---------------------------------------------------------------------------------------------------------------------------------------------------------------

Object Type          Creations   Destructions. Reports information only for process 0.

--- Event Stage 0: Main Stage

           Container     2             38
    Distributed Mesh     0             37
            DM Label     0             57
          Quadrature     1            236
           Index Set    27            124
   IS L to G Mapping     0             97
             Section     0            114
   Star Forest Graph     1             70
     Discrete System     0             37
           Weak Form     0             38
    GraphPartitioner     0             15
              Vector     3             60
        Linear Space     0              6
          Dual Space     0             16
            FE Space     0              4
              Matrix     7             60
      Matrix Coarsen     0              1
   Matrix Null Space     0              1
                SNES     0              1
              DMSNES     0              1
       Krylov Solver     0              6
     DMKSP interface     0              1
       Field over DM     1              1
      Preconditioner     0              4
              Viewer     0              1

--- Event Stage 1: Mesh Setup

           Container    93             61
    Distributed Mesh   118             82
            DM Label   296            239
          Quadrature   533            298
           Index Set  1338           1241
   IS L to G Mapping   290            193
             Section   390            276
   Star Forest Graph   313            254
     Discrete System   175            139
           Weak Form   177            140
    GraphPartitioner    53             38
              Vector    78             51
  PetscDeviceContext     1              0
        Linear Space    12              6
          Dual Space    63             47
            FE Space     6              2
              Matrix   178            151
   Matrix Null Space     1              0
                SNES     1              0
              DMSNES     1              0
       Krylov Solver     1              0
       Field over DM     1              1
      Preconditioner     1              0
              Viewer     1              0

--- Event Stage 2: Solve 0

           Container    19             15
    Distributed Mesh     1              0
          Quadrature     1              1
           Index Set   120            120
             Section     8              8
   Star Forest Graph    61             51
     Discrete System     1              0
           Weak Form     1              0
              Vector   184            154
              Matrix   175            149
      Matrix Coarsen     2              1
       Krylov Solver     8              3
     DMKSP interface     1              0
      Preconditioner     8              5
         PetscRandom     2              2

--- Event Stage 3: Hot Solve

          Quadrature     1              1
           Index Set    33             33
              Vector     6              6
========================================================================================================================
Average time to get PetscTime(): 3.21e-08
Average time for MPI_Barrier(): 1.5011e-05
Average time for zero size MPI_Send(): 1.4131e-05
#PETSc Option Table entries:
-block_mat_type mpibaijkokkos # (source: command line)
-dm_mat_type mpiaij # (source: command line)
-dm_plex_box_faces 8,8,8 # (source: command line)
-dm_plex_dim 3 # (source: command line)
-dm_plex_simplex 0 # (source: command line)
-dm_vec_type kokkos # (source: command line)
-ksp_converged_reason # (source: command line)
-ksp_norm_type unpreconditioned # (source: command line)
-ksp_rtol 1e-6 # (source: command line)
-ksp_type cg # (source: command line)
-log_view # (source: command line)
-max_conv_its 1 # (source: command line)
-mg_coarse_pc_type jacobi # (source: command line)
-mg_levels_ksp_type chebyshev # (source: command line)
-mg_levels_pc_type pbjacobi # (source: command line)
-n_solves 2 # (source: command line)
-pc_gamg_agg_nsmooths 1 # (source: command line)
-pc_gamg_reuse_interpolation true # (source: command line)
-pc_gamg_type agg # (source: command line)
-pc_type gamg # (source: command line)
-petscpartitioner_simple_process_grid 2,2,2 # (source: command line)
-petscspace_degree 2 # (source: command line)
-run_type 1 # (source: command line)
-snes_lag_jacobian -2 # (source: command line)
-snes_type ksponly # (source: command line)
-use_mat_nearnullspace true # (source: command line)
#End of PETSc Option Table entries
Compiled without FORTRAN kernels
Compiled with full precision matrices (default)
sizeof(short) 2 sizeof(int) 4 sizeof(long) 8 sizeof(void*) 8 sizeof(PetscScalar) 8 sizeof(PetscInt) 4
Configure options: --with-kokkos-dir=/global/homes/m/madams/petsc/arch-perlmutter-opt-gcc-kokkos-cuda-notpl --with-kokkos-kernels-dir=/global/homes/m/madams/petsc/arch-perlmutter-opt-gcc-kokkos-cuda-notpl --with-triangle-dir=/global/homes/m/madams/petsc/arch-perlmutter-opt-gcc-kokkos-cuda-notpl --with-batch=0 --with-cc=cc --with-cxx=CC --with-fc=0 --with-debugging=0 --with-cuda=1 --with-cuda-arch=80 --with-kokkos-kernels-tpl=0 --with-make-np=8 --with-mpiexec=srun -G4 --gpu-bind=none PETSC_ARCH=arch-perlmutter-opt-gcc-kokkos-cuda-notpl
-----------------------------------------
Libraries compiled on 2026-06-22 14:37:25 on login21
Machine characteristics: Linux-6.4.0-150600.23.103_15.0.24-cray_shasta_c-x86_64-with-glibc2.3.4
Using PETSc directory: /global/u2/m/madams/petsc
Using PETSc arch: arch-perlmutter-opt-gcc-kokkos-cuda-notpl
-----------------------------------------

Using C compiler: cc  -fPIC -Wall -Wwrite-strings -Wno-unknown-pragmas -Wno-lto-type-mismatch -Wno-stringop-overflow -fstack-protector -fvisibility=hidden -g -O 
-----------------------------------------

Using include paths: -I/global/u2/m/madams/petsc/include -I/global/u2/m/madams/petsc/arch-perlmutter-opt-gcc-kokkos-cuda-notpl/include -I/global/homes/m/madams/petsc/arch-perlmutter-opt-gcc-kokkos-cuda-notpl/include -I/opt/nvidia/hpc_sdk/Linux_x86_64/25.5/cuda/12.9/include -I/opt/nvidia/hpc_sdk/Linux_x86_64/25.5/math_libs/12.9/include
-----------------------------------------

Using C linker: cc
Using libraries: -Wl,-rpath,/global/u2/m/madams/petsc/arch-perlmutter-opt-gcc-kokkos-cuda-notpl/lib -L/global/u2/m/madams/petsc/arch-perlmutter-opt-gcc-kokkos-cuda-notpl/lib -lpetsc -Wl,-rpath,/global/homes/m/madams/petsc/arch-perlmutter-opt-gcc-kokkos-cuda-notpl/lib -L/global/homes/m/madams/petsc/arch-perlmutter-opt-gcc-kokkos-cuda-notpl/lib -Wl,-rpath,/opt/nvidia/hpc_sdk/Linux_x86_64/25.5/cuda/12.9/lib64 -L/opt/nvidia/hpc_sdk/Linux_x86_64/25.5/cuda/12.9/lib64 -Wl,-rpath,/opt/nvidia/hpc_sdk/Linux_x86_64/25.5/math_libs/12.9/lib64 -L/opt/nvidia/hpc_sdk/Linux_x86_64/25.5/math_libs/12.9/lib64 -L/opt/nvidia/hpc_sdk/Linux_x86_64/25.5/cuda/12.9/lib64/stubs -lkokkoskernels -lkokkoscontainers -lkokkoscore -lkokkossimd -ltriangle -lcudart -lnvtx3interop -lcufft -lcublas -lcusparse -lcusolver -lcurand -lcuda -lnvidia-ml -lX11 -lstdc++ -lquadmath
-----------------------------------------

    Linear solve converged due to CONVERGED_RTOL iterations 12
    Linear solve converged due to CONVERGED_RTOL iterations 12
[0] 0) N=       10125, max displ=5.9006648e+01, error=7.471e-01
****************************************************************************************************************************************************************
***                                WIDEN YOUR WINDOW TO 160 CHARACTERS.  Use 'enscript -r -fCourier9' to print this document                                 ***
****************************************************************************************************************************************************************

------------------------------------------------------------------ PETSc Performance Summary: ------------------------------------------------------------------



      ##########################################################
      #                                                        #
      #                       WARNING!!!                       #
      #                                                        #
      #   This code was run with -log_view_gpu_time            #
      #   This provides accurate timing within the GPU kernels #
      #   but can slow down the entire computation by a        #
      #   measurable amount. For fastest runs we recommend     #
      #   not using this option.                               #
      #                                                        #
      ##########################################################


/global/homes/m/madams/petsc/arch-perlmutter-opt-gcc-kokkos-cuda-notpl/tests/snes/tutorials/ex56 on a arch-perlmutter-opt-gcc-kokkos-cuda-notpl named nid001161 with 8 processes and CUDA architecture 80, by madams on Mon Jun 22 07:47:27 2026
Using PETSc Development Git Revision: v3.25.2-340-g83d2bd4a8b4 Git Date: 2026-06-21 14:23:19 -0400

                         Max       Max/Min     Avg       Total
Time (sec):           1.531e+00     1.015   1.520e+00
Objects:              0.000e+00     0.000   0.000e+00
Flops:                1.008e+08     1.407   8.449e+07  6.760e+08
Flops/sec:            6.584e+07     1.388   5.555e+07  4.444e+08
MPI Msg Count:        3.058e+03     1.575   2.408e+03  1.926e+04
MPI Msg Len (bytes):  5.968e+06     1.225   2.217e+03  4.271e+07
MPI Reductions:       1.910e+02     1.000

Flop counting convention: 1 flop = 1 real number operation of type (multiply/divide/add/subtract)
                            e.g., VecAXPY() for real vectors of length N --> 2N flops
                            and VecAXPY() for complex vectors of length N --> 8N flops

Summary of Stages:   ----- Time ------  ----- Flop ------  --- Messages ---  -- Message Lengths --  -- Reductions --
                        Avg     %Total     Avg     %Total    Count   %Total     Avg         %Total    Count   %Total
 0:      Main Stage: 6.7441e-01  44.4%  5.5911e+07   8.3%  2.070e+02   1.1%  2.097e+04       10.2%  6.000e+00   3.1%
 1:      Mesh Setup: 5.9020e-01  38.8%  9.7008e+06   1.4%  1.682e+03   8.7%  6.449e+03       25.4%  5.400e+01  28.3%
 2:         Solve 0: 2.0870e-01  13.7%  3.2163e+08  47.6%  1.194e+04  62.0%  1.820e+03       50.9%  1.140e+02  59.7%
 3:       Hot Solve: 4.7110e-02   3.1%  2.8871e+08  42.7%  5.429e+03  28.2%  1.066e+03       13.5%  0.000e+00   0.0%

------------------------------------------------------------------------------------------------------------------------
See the 'Profiling' chapter of the users' manual for details on interpreting output.
Phase summary info:
   Count: number of times phase was executed
   Time and Flop: Max - maximum over all processes
                  Ratio - ratio of maximum to minimum over all processes
   Mess: number of messages sent
   AvgLen: average message length (bytes)
   Reduct: number of global reductions
   Global: entire computation
   Stage: stages of a computation. Set stages with PetscLogStagePush() and PetscLogStagePop().
      %T - percent time in this phase         %F - percent flop in this phase
      %M - percent messages in this phase     %L - percent message lengths in this phase
      %R - percent reductions in this phase
   Total Mflop/s: 1e-6 * (sum of flop over all processes)/(max time over all processes)
   GPU Mflop/s: 1e-6 * (sum of flop on GPU over all processes)/(max GPU time over all processes)
   CpuToGpu Count: total number of CPU to GPU copies per processor
   CpuToGpu Size (Mbytes): 1e-6 * (total size of CPU to GPU copies per processor)
   GpuToCpu Count: total number of GPU to CPU copies per processor
   GpuToCpu Size (Mbytes): 1e-6 * (total size of GPU to CPU copies per processor)
   GPU %F: percent flops on GPU in this event
------------------------------------------------------------------------------------------------------------------------
Event                Count      Time (sec)     Flop                              --- Global ---  --- Stage ----  Total   GPU    - CpuToGpu -   - GpuToCpu - GPU
                   Max Ratio  Max     Ratio   Max  Ratio  Mess   AvgLen  Reduct  %T %F %M %L %R  %T %F %M %L %R Mflop/s Mflop/s Count   Size   Count   Size  %F
---------------------------------------------------------------------------------------------------------------------------------------------------------------

--- Event Stage 0: Main Stage

BuildTwoSided          3 1.0 4.5537e-03 16.1 0.00e+00 0.0 9.4e+01 4.0e+00 0.0e+00  0  0  0  0  0   0  0 45  0  0     0       0      0 0.00e+00    0 0.00e+00  0
BuildTwoSidedF         1 1.0 4.4959e-03 24.0 0.00e+00 0.0 3.8e+01 1.1e+05 0.0e+00  0  0  0 10  0   0  0 18 99  0     0       0      0 0.00e+00    0 0.00e+00  0
DMPlexJacobianFE       1 1.0 5.9331e-01 1.0 6.81e+06 1.0 3.8e+01 1.1e+05 0.0e+00 39  8  0 10  0  88 96 18 99  0    91       0      0 0.00e+00    1 1.75e-02  0
SFSetGraph             2 1.0 2.0149e-05 1.4 0.00e+00 0.0 0.0e+00 0.0e+00 0.0e+00  0  0  0  0  0   0  0  0  0  0     0       0      0 0.00e+00    0 0.00e+00  0
SFSetUp                2 1.0 5.1523e-04 1.3 0.00e+00 0.0 1.5e+02 2.6e+02 0.0e+00  0  0  1  0  0   0  0 72  1  0     0       0      0 0.00e+00    0 0.00e+00  0
SFBcastBegin           1 1.0 7.2400e-03 1.2 0.00e+00 0.0 1.9e+01 9.1e+02 0.0e+00  0  0  0  0  0   1  0  9  0  0     0       0      2 6.14e-03    0 0.00e+00  0
SFBcastEnd             1 1.0 2.9125e-03 2.0 0.00e+00 0.0 0.0e+00 0.0e+00 0.0e+00  0  0  0  0  0   0  0  0  0  0     0       0      1 1.08e-03    0 0.00e+00  0
SFPack                 1 1.0 6.0529e-03 40352.8 0.00e+00 0.0 0.0e+00 0.0e+00 0.0e+00  0  0  0  0  0   1  0  0  0  0     0       0      1 1.08e-03    0 0.00e+00  0
SFUnpack               1 1.0 6.5507e-05 409.4 0.00e+00 0.0 0.0e+00 0.0e+00 0.0e+00  0  0  0  0  0   0  0  0  0  0     0       0      1 1.08e-03    0 0.00e+00  0
VecNorm                1 1.0 2.4280e-04 1.1 0.00e+00 0.0 0.0e+00 0.0e+00 0.0e+00  0  0  0  0  0   0  0  0  0  0     0       0      0 0.00e+00    0 0.00e+00  0
VecSet                 2 1.0 3.4266e-05 1.1 0.00e+00 0.0 0.0e+00 0.0e+00 0.0e+00  0  0  0  0  0   0  0  0  0  0     0       0      0 0.00e+00    0 0.00e+00  0
DCtxDestroy            1 1.0 2.1281e-05 1.4 0.00e+00 0.0 0.0e+00 0.0e+00 0.0e+00  0  0  0  0  0   0  0  0  0  0     0       0      0 0.00e+00    0 0.00e+00  0
MatMult               37 1.0 9.4030e-06 1.0 3.00e+03 1.0 0.0e+00 0.0e+00 0.0e+00  0  0  0  0  0   0  0  0  0  0  2550       0      0 0.00e+00    0 0.00e+00  0
MatConvert             1 1.0 2.3320e-02 1.2 0.00e+00 0.0 1.1e+02 2.7e+02 3.0e+00  1  0  1  0  2   3  0 54  1 50     0       0      0 0.00e+00    1 3.04e-01  0
MatScale               1 1.0 4.7202e-05 1.2 2.43e+05 1.7 0.0e+00 0.0e+00 0.0e+00  0  0  0  0  0   0  3  0  0  0 31723   101945      0 0.00e+00    0 0.00e+00 100
MatAssemblyBegin       2 1.0 4.5086e-03 1.0 0.00e+00 0.0 3.8e+01 1.1e+05 0.0e+00  0  0  0 10  0   1  0 18 99  0     0       0      0 0.00e+00    0 0.00e+00  0
MatAssemblyEnd         2 1.0 7.6760e-03 1.3 7.06e+04 0.0 1.1e+02 2.7e+02 1.0e+00  0  0  1  0  1   1  0 54  1 17    31       0      0 0.00e+00    1 3.04e-01  0
MatSetValues       27064 1.7 1.0362e-02 1.3 2.68e+05 1.4 0.0e+00 0.0e+00 0.0e+00  1  0  0  0  0   1  3  0  0  0   178       0      0 0.00e+00    0 0.00e+00  0
MatGetRow           3072 1.5 6.9330e-04 1.5 0.00e+00 0.0 0.0e+00 0.0e+00 0.0e+00  0  0  0  0  0   0  0  0  0  0     0       0      0 0.00e+00    0 0.00e+00  0
MatZeroEntries         1 1.0 6.2881e-05 1.8 0.00e+00 0.0 0.0e+00 0.0e+00 0.0e+00  0  0  0  0  0   0  0  0  0  0     0       0      0 0.00e+00    0 0.00e+00  0
SNESJacobianEval       1 1.0 6.0361e-01 1.0 6.88e+06 1.0 9.5e+01 4.5e+04 1.0e+00 40  8  0 10  1  89 97 46 99 17    90       0      4 2.47e-02    2 3.50e-02  0

--- Event Stage 1: Mesh Setup

BuildTwoSided         23 1.0 3.8231e-01 87.8 0.00e+00 0.0 3.7e+02 4.0e+00 0.0e+00  7  0  2  0  0  17  0 22  0  0     0       0      0 0.00e+00    0 0.00e+00  0
BuildTwoSidedF         1 1.0 9.8708e-04 19.6 0.00e+00 0.0 0.0e+00 0.0e+00 0.0e+00  0  0  0  0  0   0  0  0  0  0     0       0      0 0.00e+00    0 0.00e+00  0
DMCreateMat            1 1.0 2.7290e-02 1.0 0.00e+00 0.0 4.7e+02 2.1e+04 4.0e+00  2  0  2 24  2   5  0 28 93  7     0       0      0 0.00e+00    0 0.00e+00  0
DMProjectFunc          6 1.0 7.1749e-03 1.0 6.22e+05 1.0 0.0e+00 0.0e+00 1.0e+00  0  1  0  0  1   1 51  0  0  2   694       0      0 0.00e+00    6 1.05e-01  0
DMPlexCrFromOpts       1 1.0 5.9717e-03 1.0 0.00e+00 0.0 0.0e+00 0.0e+00 0.0e+00  0  0  0  0  0   1  0  0  0  0     0       0      0 0.00e+00    0 0.00e+00  0
Mesh Partition         1 1.0 3.2506e-03 1.0 0.00e+00 0.0 3.5e+01 3.0e+03 3.0e+00  0  0  0  0  2   1  0  2  1  6     0       0      0 0.00e+00    0 0.00e+00  0
Mesh Migration         1 1.0 4.9827e-01 1.0 0.00e+00 0.0 2.0e+02 2.2e+03 1.6e+01 33  0  1  1  8  84  0 12  4 30     0       0      0 0.00e+00    0 0.00e+00  0
DMPlexPartSelf         1 1.0 8.0666e-04 101.4 0.00e+00 0.0 0.0e+00 0.0e+00 0.0e+00  0  0  0  0  0   0  0  0  0  0     0       0      0 0.00e+00    0 0.00e+00  0
DMPlexPartLblInv       1 1.0 1.4803e-03 2.2 0.00e+00 0.0 0.0e+00 0.0e+00 2.0e+00  0  0  0  0  1   0  0  0  0  4     0       0      0 0.00e+00    0 0.00e+00  0
DMPlexPartLblSF        1 1.0 3.2160e-04 1.3 0.00e+00 0.0 1.4e+01 1.5e+03 0.0e+00  0  0  0  0  0   0  0  1  0  0     0       0      0 0.00e+00    0 0.00e+00  0
DMPlexPartStrtSF       1 1.0 9.2056e-04 1.1 0.00e+00 0.0 7.0e+00 5.8e+03 0.0e+00  0  0  0  0  0   0  0  0  0  0     0       0      0 0.00e+00    0 0.00e+00  0
DMPlexPointSF          1 1.0 1.7534e-02 1.0 0.00e+00 0.0 1.4e+01 7.3e+03 0.0e+00  1  0  0  0  0   3  0  1  1  0     0       0      0 0.00e+00    0 0.00e+00  0
DMPlexInterp          36 1.0 2.7614e-03 1.0 0.00e+00 0.0 0.0e+00 0.0e+00 0.0e+00  0  0  0  0  0   0  0  0  0  0     0       0      0 0.00e+00    0 0.00e+00  0
DMPlexDistribute       1 1.0 5.1923e-01 1.0 0.00e+00 0.0 2.5e+02 2.6e+03 2.1e+01 34  0  1  2 11  88  0 15  6 39     0       0      0 0.00e+00    0 0.00e+00  0
DMPlexDistCones        1 1.0 6.7121e-04 1.1 0.00e+00 0.0 4.2e+01 4.9e+03 0.0e+00  0  0  0  0  0   0  0  2  2  0     0       0      0 0.00e+00    0 0.00e+00  0
DMPlexDistLabels       1 1.0 1.5550e-03 1.0 0.00e+00 0.0 1.0e+02 1.7e+03 1.4e+01  0  0  1  0  7   0  0  6  2 26     0       0      0 0.00e+00    0 0.00e+00  0
DMPlexDistField        1 1.0 4.9534e-01 1.0 0.00e+00 0.0 4.9e+01 9.6e+02 0.0e+00 33  0  0  0  0  84  0  3  0  0     0       0      0 0.00e+00    0 0.00e+00  0
DMPlexStratify        53 1.0 8.4354e-03 1.1 0.00e+00 0.0 0.0e+00 0.0e+00 0.0e+00  1  0  0  0  0   1  0  0  0  0     0       0      0 0.00e+00    0 0.00e+00  0
DMPlexSymmetrize      53 1.0 2.6361e-04 4.9 0.00e+00 0.0 0.0e+00 0.0e+00 0.0e+00  0  0  0  0  0   0  0  0  0  0     0       0      0 0.00e+00    0 0.00e+00  0
DMPlexPrealloc         1 1.0 2.7023e-02 1.0 0.00e+00 0.0 4.7e+02 2.1e+04 4.0e+00  2  0  2 24  2   5  0 28 93  7     0       0      0 0.00e+00    0 0.00e+00  0
DMPlexGenerate         1 1.0 5.9372e-03 1.0 0.00e+00 0.0 0.0e+00 0.0e+00 0.0e+00  0  0  0  0  0   1  0  0  0  0     0       0      0 0.00e+00    0 0.00e+00  0
SFSetGraph            27 1.0 5.9740e-04 9.2 0.00e+00 0.0 0.0e+00 0.0e+00 0.0e+00  0  0  0  0  0   0  0  0  0  0     0       0      0 0.00e+00    0 0.00e+00  0
SFSetUp               22 1.0 3.8638e-01 48.5 0.00e+00 0.0 7.3e+02 4.8e+03 0.0e+00  7  0  4  8  0  17  0 44 33  0     0       0      0 0.00e+00    0 0.00e+00  0
SFBcastBegin          49 1.0 1.4487e-03 2.9 0.00e+00 0.0 6.8e+02 2.4e+03 0.0e+00  0  0  4  4  0   0  0 40 15  0     0       0      0 0.00e+00    0 0.00e+00  0
SFBcastEnd            49 1.0 2.1642e-02 6.6 0.00e+00 0.0 0.0e+00 0.0e+00 0.0e+00  1  0  0  0  0   3  0  0  0  0     0       0      0 0.00e+00    0 0.00e+00  0
SFReduceBegin         11 1.0 2.8470e-03 9.7 0.00e+00 0.0 2.0e+02 1.7e+04 0.0e+00  0  0  1  8  0   0  0 12 32  0     0       0      0 0.00e+00    0 0.00e+00  0
SFReduceEnd           11 1.0 1.5360e-02 15.9 0.00e+00 0.0 0.0e+00 0.0e+00 0.0e+00  0  0  0  0  0   1  0  0  0  0     0       0      0 0.00e+00    0 0.00e+00  0
SFFetchOpBegin         2 1.0 9.1778e-05 6.0 0.00e+00 0.0 3.8e+01 2.9e+04 0.0e+00  0  0  0  3  0   0  0  2 10  0     0       0      0 0.00e+00    0 0.00e+00  0
SFFetchOpEnd           2 1.0 6.3173e-04 2.7 0.00e+00 0.0 3.8e+01 2.9e+04 0.0e+00  0  0  0  3  0   0  0  2 10  0     0       0      0 0.00e+00    0 0.00e+00  0
SFCreateEmbed          3 1.0 1.1273e-03 8.0 0.00e+00 0.0 4.5e+01 2.0e+02 0.0e+00  0  0  0  0  0   0  0  3  0  0     0       0      0 0.00e+00    0 0.00e+00  0
SFDistSection          9 1.0 1.5239e-03 1.1 0.00e+00 0.0 3.1e+02 6.9e+02 0.0e+00  0  0  2  1  0   0  0 19  2  0     0       0      0 0.00e+00    0 0.00e+00  0
SFSectionSF           11 1.0 3.8263e-01 92.1 0.00e+00 0.0 2.9e+02 4.2e+03 0.0e+00  7  0  2  3  0  17  0 17 11  0     0       0      0 0.00e+00    0 0.00e+00  0
SFRemoteOff            2 1.0 1.1706e-03 5.2 0.00e+00 0.0 7.6e+01 2.4e+02 0.0e+00  0  0  0  0  0   0  0  5  0  0     0       0      0 0.00e+00    0 0.00e+00  0
SFPack                62 1.0 3.5907e-04 8.5 0.00e+00 0.0 0.0e+00 0.0e+00 0.0e+00  0  0  0  0  0   0  0  0  0  0     0       0      0 0.00e+00    0 0.00e+00  0
SFUnpack              64 1.0 1.5378e-02 58.9 0.00e+00 0.0 0.0e+00 0.0e+00 0.0e+00  0  0  0  0  0   0  0  0  0  0     0       0      0 0.00e+00    0 0.00e+00  0
VecMDot                5 1.0 1.0508e-03 1.0 4.61e+04 1.5 0.0e+00 0.0e+00 0.0e+00  0  0  0  0  0   0  3  0  0  0   289     504      0 0.00e+00    4 1.12e-04 100
VecNorm                6 1.0 1.2316e-03 1.8 1.84e+04 1.5 0.0e+00 0.0e+00 0.0e+00  0  0  0  0  0   0  1  0  0  0    99     302      0 0.00e+00    0 0.00e+00 100
VecScale               6 1.0 2.6047e-04 1.1 9.22e+03 1.5 0.0e+00 0.0e+00 0.0e+00  0  0  0  0  0   0  1  0  0  0   233     309      0 0.00e+00    0 0.00e+00 100
VecCopy                1 1.0 4.3990e-06 1.4 0.00e+00 0.0 0.0e+00 0.0e+00 0.0e+00  0  0  0  0  0   0  0  0  0  0     0       0      0 0.00e+00    0 0.00e+00  0
VecSet                 8 1.0 1.8801e-04 1.1 0.00e+00 0.0 0.0e+00 0.0e+00 0.0e+00  0  0  0  0  0   0  0  0  0  0     0       0      0 0.00e+00    0 0.00e+00  0
VecAXPY                8 1.0 1.5320e-03 1.6 2.46e+04 1.5 0.0e+00 0.0e+00 0.0e+00  0  0  0  0  0   0  2  0  0  0   106     112      0 0.00e+00    0 0.00e+00 100
VecNormalize           6 1.0 1.5011e-03 1.6 2.76e+04 1.5 0.0e+00 0.0e+00 0.0e+00  0  0  0  0  0   0  2  0  0  0   121     305      0 0.00e+00    0 0.00e+00 100
DCtxCreate             1 1.0 1.9127e-05 1.8 0.00e+00 0.0 0.0e+00 0.0e+00 0.0e+00  0  0  0  0  0   0  0  0  0  0     0       0      0 0.00e+00    0 0.00e+00  0
DCtxSetUp              1 1.0 1.4168e-05 1.8 0.00e+00 0.0 0.0e+00 0.0e+00 0.0e+00  0  0  0  0  0   0  0  0  0  0     0       0      0 0.00e+00    0 0.00e+00  0
DCtxSetDevice          1 1.0 2.4187e-05 1.9 0.00e+00 0.0 0.0e+00 0.0e+00 0.0e+00  0  0  0  0  0   0  0  0  0  0     0       0      0 0.00e+00    0 0.00e+00  0
DualSpaceSetUp         6 1.0 1.5343e-02 1.0 3.61e+03 1.0 0.0e+00 0.0e+00 0.0e+00  1  0  0  0  0   3  0  0  0  0     2       0      0 0.00e+00    0 0.00e+00  0
FESetUp                6 1.0 5.9810e-04 1.1 0.00e+00 0.0 0.0e+00 0.0e+00 0.0e+00  0  0  0  0  0   0  0  0  0  0     0       0      0 0.00e+00    0 0.00e+00  0
MatMult              384 1.0 9.6699e-05 1.1 3.11e+04 1.0 0.0e+00 0.0e+00 0.0e+00  0  0  0  0  0   0  3  0  0  0  2573       0      0 0.00e+00    0 0.00e+00  0
MatAssemblyBegin      68 1.0 1.0106e-03 13.6 0.00e+00 0.0 0.0e+00 0.0e+00 0.0e+00  0  0  0  0  0   0  0  0  0  0     0       0      0 0.00e+00    0 0.00e+00  0
MatAssemblyEnd        68 1.0 1.3586e-03 1.0 0.00e+00 0.0 1.1e+02 2.7e+02 1.0e+00  0  0  1  0  1   0  0  7  0  2     0       0      0 0.00e+00    0 0.00e+00  0
MatSetPreallCOO       36 1.0 9.2658e-05 1.2 0.00e+00 0.0 0.0e+00 0.0e+00 0.0e+00  0  0  0  0  0   0  0  0  0  0     0       0      0 0.00e+00    0 0.00e+00  0
MatSetValuesCOO       36 1.0 5.0550e-05 1.1 0.00e+00 0.0 0.0e+00 0.0e+00 0.0e+00  0  0  0  0  0   0  0  0  0  0     0       0      0 0.00e+00    0 0.00e+00  0

--- Event Stage 2: Solve 0

BuildTwoSided        129 1.0 1.3492e-02 1.8 0.00e+00 0.0 1.4e+03 4.0e+00 0.0e+00  1  0  7  0  0   5  0 11  0  0     0       0      0 0.00e+00    0 0.00e+00  0
BuildTwoSidedF        74 1.0 9.6599e-03 2.7 0.00e+00 0.0 3.3e+02 2.7e+04 0.0e+00  0  0  2 20  0   3  0  3 40  0     0       0      0 0.00e+00    0 0.00e+00  0
DMPlexResidualFE       1 1.0 6.7575e-03 1.0 6.38e+06 1.0 0.0e+00 0.0e+00 0.0e+00  0  8  0  0  0   3 16  0  0  0  7549       0      0 0.00e+00    2 3.50e-02  0
SFSetGraph            59 1.0 7.7091e-05 1.6 0.00e+00 0.0 0.0e+00 0.0e+00 0.0e+00  0  0  0  0  0   0  0  0  0  0     0       0      0 0.00e+00    0 0.00e+00  0
SFSetUp               55 1.0 7.3889e-03 1.3 0.00e+00 0.0 2.4e+03 1.0e+02 0.0e+00  0  0 13  1  0   3  0 20  1  0     0       0      0 0.00e+00    0 0.00e+00  0
SFBcastBegin          33 1.0 1.6865e-03 1.4 0.00e+00 0.0 1.1e+03 2.7e+03 0.0e+00  0  0  6  7  0   1  0  9 14  0     0       0      0 0.00e+00    0 0.00e+00  0
SFBcastEnd            33 1.0 9.7904e-04 2.4 0.00e+00 0.0 0.0e+00 0.0e+00 0.0e+00  0  0  0  0  0   0  0  0  0  0     0       0      0 0.00e+00    0 0.00e+00  0
SFReduceBegin         16 1.0 2.8180e-03 5.1 0.00e+00 0.0 1.8e+02 6.4e+03 0.0e+00  0  0  1  3  0   1  0  2  5  0     0       0      0 0.00e+00    0 0.00e+00  0
SFReduceEnd           16 1.0 1.4128e-02 7.9 6.51e+02 0.0 0.0e+00 0.0e+00 0.0e+00  0  0  0  0  0   3  0  0  0  0     0       0      0 0.00e+00    0 0.00e+00 100
SFFetchOpBegin         4 1.0 5.7551e-05 3.5 0.00e+00 0.0 3.1e+01 4.0e+00 0.0e+00  0  0  0  0  0   0  0  0  0  0     0       0      0 0.00e+00    0 0.00e+00  0
SFFetchOpEnd           4 1.0 1.7250e-04 3.7 0.00e+00 0.0 3.1e+01 4.0e+00 0.0e+00  0  0  0  0  0   0  0  0  0  0     0       0      0 0.00e+00    0 0.00e+00  0
SFCreateEmbed          4 1.0 2.6644e-04 1.5 0.00e+00 0.0 1.4e+02 3.8e+01 0.0e+00  0  0  1  0  0   0  0  1  0  0     0       0      0 0.00e+00    0 0.00e+00  0
SFSectionSF            4 1.0 9.8349e-04 1.4 0.00e+00 0.0 2.7e+02 2.7e+02 0.0e+00  0  0  1  0  0   0  0  2  0  0     0       0      0 0.00e+00    0 0.00e+00  0
SFRemoteOff            4 1.0 5.6431e-04 1.4 0.00e+00 0.0 2.7e+02 9.5e+01 0.0e+00  0  0  1  0  0   0  0  2  0  0     0       0      0 0.00e+00    0 0.00e+00  0
SFPack               314 1.0 7.5189e-04 1.9 0.00e+00 0.0 0.0e+00 0.0e+00 0.0e+00  0  0  0  0  0   0  0  0  0  0     0       0      2 3.80e-03    0 0.00e+00  0
SFUnpack             318 1.0 2.3187e-04 3.9 3.74e+03 25.5 0.0e+00 0.0e+00 0.0e+00  0  0  0  0  0   0  0  0  0  0    56       0      1 4.23e-04    0 0.00e+00 100
VecTDot              118 1.0 1.6622e-02 1.4 2.21e+05 1.4 0.0e+00 0.0e+00 0.0e+00  1  0  0  0  0   7  0  0  0  0    89     244      0 0.00e+00    0 0.00e+00 100
VecNorm               35 1.0 2.4189e-03 1.2 7.37e+04 1.4 0.0e+00 0.0e+00 0.0e+00  0  0  0  0  0   1  0  0  0  0   203     687      0 0.00e+00    0 0.00e+00 100
VecCopy               82 1.0 1.4726e-03 1.2 0.00e+00 0.0 0.0e+00 0.0e+00 0.0e+00  0  0  0  0  0   1  0  0  0  0     0       0      0 0.00e+00    0 0.00e+00  0
VecSet                44 1.0 7.0986e-04 1.1 0.00e+00 0.0 0.0e+00 0.0e+00 0.0e+00  0  0  0  0  0   0  0  0  0  0     0       0      0 0.00e+00    0 0.00e+00  0
VecAXPY              106 1.0 1.8643e-03 1.2 2.03e+05 1.4 0.0e+00 0.0e+00 0.0e+00  0  0  0  0  0   1  0  0  0  0   727    1768      0 0.00e+00    0 0.00e+00 100
VecAYPX              191 1.0 3.2935e-03 1.2 3.10e+05 1.4 0.0e+00 0.0e+00 0.0e+00  0  0  0  0  0   1  1  0  0  0   634    1572      0 0.00e+00    0 0.00e+00 100
VecAXPBYCZ            48 1.0 1.0470e-03 1.2 1.84e+05 1.4 0.0e+00 0.0e+00 0.0e+00  0  0  0  0  0   0  0  0  0  0  1189    2224      0 0.00e+00    0 0.00e+00 100
VecAssemblyBegin      62 1.0 2.4779e-03 1.4 0.00e+00 0.0 0.0e+00 0.0e+00 0.0e+00  0  0  0  0  0   1  0  0  0  0     0       0      0 0.00e+00    0 0.00e+00  0
VecAssemblyEnd        62 1.0 2.7571e-05 1.2 0.00e+00 0.0 0.0e+00 0.0e+00 0.0e+00  0  0  0  0  0   0  0  0  0  0     0       0      0 0.00e+00    0 0.00e+00  0
VecPointwiseMult      34 1.0 5.9054e-04 1.2 1.69e+04 1.4 0.0e+00 0.0e+00 0.0e+00  0  0  0  0  0   0  0  0  0  0   194     470      0 0.00e+00    0 0.00e+00 100
VecReciprocal          7 1.0 1.1983e-04 1.2 0.00e+00 0.0 0.0e+00 0.0e+00 0.0e+00  0  0  0  0  0   0  0  0  0  0     0       0      0 0.00e+00    0 0.00e+00  0
VecSetValues       12028 1.4 7.0416e-04 1.3 0.00e+00 0.0 0.0e+00 0.0e+00 0.0e+00  0  0  0  0  0   0  0  0  0  0     0       0      0 0.00e+00    0 0.00e+00  0
VecScatterBegin      261 1.0 1.3442e-02 1.9 0.00e+00 0.0 7.6e+03 8.7e+02 0.0e+00  1  0 40 16  0   5  0 64 31  0     0       0      4 1.19e-02    0 0.00e+00  0
VecScatterEnd        261 1.0 8.5034e-03 2.6 3.74e+03 0.0 0.0e+00 0.0e+00 0.0e+00  0  0  0  0  0   3  0  0  0  0     1       0      1 4.23e-04    0 0.00e+00 100
MatMult              185 1.0 2.1299e-02 1.5 3.89e+07 1.6 5.3e+03 9.6e+02 0.0e+00  1 36 27 12  0   8 77 44 24  0 11556   53383      4 1.19e-02    0 0.00e+00 100
MatMultAdd            24 1.0 4.6732e-03 2.0 9.75e+05 1.5 3.7e+02 2.3e+02 0.0e+00  0  1  2  0  0   2  2  3  0  0  1350   12844      0 0.00e+00    0 0.00e+00 100
MatMultTranspose      24 1.0 3.3805e-03 2.0 9.75e+05 1.5 3.7e+02 2.3e+02 0.0e+00  0  1  2  0  0   1  2  3  0  0  1869   10040      1 4.23e-04    0 0.00e+00 100
MatConvert            12 1.0 2.7715e-02 1.0 0.00e+00 0.0 4.9e+02 3.1e+01 3.0e+01  2  0  3  0 16  13  0  4  0 26     0       0      0 0.00e+00    7 5.68e-01  0
MatScale               6 1.0 4.5906e-04 1.3 9.16e+04 1.5 6.8e+01 3.0e+02 0.0e+00  0  0  0  0  0   0  0  1  0  0  1303    1758      0 0.00e+00    0 0.00e+00 44
MatResidual           24 1.0 3.1746e-03 1.5 5.87e+06 1.6 8.2e+02 9.5e+02 0.0e+00  0  6  4  2  0   1 12  7  4  0 11762   42765      0 0.00e+00    0 0.00e+00 100
MatAssemblyBegin      43 1.0 9.0480e-03 1.4 0.00e+00 0.0 3.3e+02 2.7e+04 0.0e+00  1  0  2 20  0   4  0  3 40  0     0       0      0 0.00e+00    0 0.00e+00  0
MatAssemblyEnd        43 1.0 2.5466e-02 1.3 0.00e+00 0.0 1.2e+03 7.0e+01 2.4e+01  2  0  6  0 13  11  0 10  0 21     0       0      0 0.00e+00    6 3.19e-01  0
MatSetValues       99065 1.4 1.3054e-02 1.5 3.62e+04 1.6 0.0e+00 0.0e+00 0.0e+00  1  0  0  0  0   5  0  0  0  0    18       0      0 0.00e+00    0 0.00e+00  0
MatGetRow           9216 1.4 9.5439e-04 1.3 0.00e+00 0.0 0.0e+00 0.0e+00 0.0e+00  0  0  0  0  0   0  0  0  0  0     0       0      0 0.00e+00    0 0.00e+00  0
MatCreateSubMat        2 1.0 1.5918e-02 1.0 0.00e+00 0.0 2.5e+02 4.4e+01 2.2e+01  1  0  1  0 12   8  0  2  0 19     0       0      0 0.00e+00    2 1.91e-01  0
MatCoarsen             2 1.0 2.8514e-03 1.0 0.00e+00 0.0 6.1e+02 3.4e+02 9.0e+00  0  0  3  0  5   1  0  5  1  8     0       0      0 0.00e+00    0 0.00e+00  0
MatAXPY                4 1.0 1.8216e-02 1.0 3.62e+04 1.6 4.4e+02 4.3e+01 2.0e+01  1  0  2  0 10   9  0  4  0 18    13       0      0 0.00e+00    5 3.77e-01  0
MatTranspose           5 1.0 3.6919e-03 1.0 0.00e+00 0.0 5.1e+02 1.1e+03 9.0e+00  0  0  3  1  5   2  0  4  3  8     0       0      0 0.00e+00    0 0.00e+00  0
MatMatMultSym          2 1.0 2.4925e-02 1.0 0.00e+00 0.0 8.6e+02 5.2e+02 1.4e+01  2  0  4  1  7  12  0  7  2 12     0       0      0 0.00e+00   16 2.41e+00  0
MatMatMultNum          2 1.0 3.2000e-07 1.2 0.00e+00 0.0 0.0e+00 0.0e+00 0.0e+00  0  0  0  0  0   0  0  0  0  0     0       0      0 0.00e+00    0 0.00e+00  0
MatPtAPSymbolic        2 1.0 2.6103e-02 1.0 0.00e+00 0.0 9.4e+02 3.8e+03 1.4e+01  2  0  5  8  7  12  0  8 17 12     0       0      0 0.00e+00   16 2.89e+00  0
MatPtAPNumeric         2 1.0 3.1100e-07 1.1 0.00e+00 0.0 0.0e+00 0.0e+00 0.0e+00  0  0  0  0  0   0  0  0  0  0     0       0      0 0.00e+00    0 0.00e+00  0
MatTrnMatMultSym       1 1.0 2.5513e-02 1.0 0.00e+00 0.0 3.9e+02 2.5e+04 4.0e+00  2  0  2 23  2  12  0  3 46  4     0       0      0 0.00e+00    0 0.00e+00  0
MatGetLocalMat         1 1.0 5.2471e-05 1.4 0.00e+00 0.0 0.0e+00 0.0e+00 0.0e+00  0  0  0  0  0   0  0  0  0  0     0       0      0 0.00e+00    0 0.00e+00  0
MatCreateGraph         2 1.0 7.4989e-03 1.0 8.10e+04 1.7 8.2e+02 7.7e+02 1.4e+01  0  0  4  1  7   4  0  7  3 12    67       0      0 0.00e+00    2 4.80e-02  0
MatSetPreallCOO        4 1.0 9.8819e-03 1.1 0.00e+00 0.0 5.4e+02 1.0e+02 1.6e+01  1  0  3  0  8   5  0  5  0 14     0       0      0 0.00e+00   12 4.59e-01  0
MatSetValuesCOO        4 1.0 3.2157e-03 1.2 0.00e+00 0.0 3.1e+01 3.6e+04 0.0e+00  0  0  0  3  0   1  0  0  5  0     0       0      0 0.00e+00    0 0.00e+00  0
KSPSetUp               1 1.0 5.2721e-05 1.0 0.00e+00 0.0 0.0e+00 0.0e+00 0.0e+00  0  0  0  0  0   0  0  0  0  0     0       0      0 0.00e+00    0 0.00e+00  0
KSPSolve               1 1.0 2.9320e-02 1.0 3.20e+07 1.6 4.7e+03 8.5e+02 0.0e+00  2 30 24  9  0  14 63 39 18  0  6965   24506      1 4.23e-04    0 0.00e+00 100
SNESSolve              1 1.0 2.0865e-01 1.0 4.88e+07 1.5 1.2e+04 1.8e+03 1.1e+02 14 48 62 51 60 100 100 100 100 100  1542    5995      6 4.73e-02   53 6.04e+00 84
SNESSetUp              1 1.0 4.4856e-05 1.1 0.00e+00 0.0 0.0e+00 0.0e+00 0.0e+00  0  0  0  0  0   0  0  0  0  0     0       0      0 0.00e+00    0 0.00e+00  0
SNESFunctionEval       1 1.0 1.9927e-02 2.1 6.44e+06 1.0 3.8e+01 9.1e+02 0.0e+00  1  8  0  0  0   7 16  0  0  0  2586      81      2 3.50e-02    3 5.25e-02  0
PCSetUp_GAMG+          1 1.0 1.6975e-01 1.1 1.03e+07 1.6 7.2e+03 2.5e+03 1.1e+02 11 10 38 41 60  79 20 60 82 100   388    1785      4 1.19e-02   50 5.98e+00 99
 PCGAMGCreateG         2 1.0 7.5030e-03 1.0 8.10e+04 1.7 8.2e+02 7.7e+02 1.4e+01  0  0  4  1  7   4  0  7  3 12    67       0      0 0.00e+00    2 4.80e-02  0
 GAMG Coarsen          4 1.0 2.9550e-02 1.0 0.00e+00 0.0 1.3e+03 8.1e+03 1.3e+01  2  0  7 24  7  14  0 11 48 11     0       0      0 0.00e+00    0 0.00e+00  0
  GAMG MIS/Agg         2 1.0 2.8418e-02 1.0 0.00e+00 0.0 1.0e+03 1.0e+04 1.3e+01  2  0  5 24  7  14  0  8 46 11     0       0      0 0.00e+00    0 0.00e+00  0
 PCGAMGProl            2 1.0 9.2605e-03 1.0 0.00e+00 0.0 1.4e+03 9.8e+02 6.0e+00  1  0  7  3  3   4  0 11  6  5     0       0      0 0.00e+00    2 1.42e-02  0
  GAMG Prol-col        2 1.0 4.4425e-03 1.0 0.00e+00 0.0 1.2e+03 8.9e+02 0.0e+00  0  0  6  3  0   2  0 10  5  0     0       0      0 0.00e+00    0 0.00e+00  0
  GAMG Prol-lift       2 1.0 3.8483e-03 1.0 0.00e+00 0.0 1.2e+02 2.0e+03 2.0e+00  0  0  1  1  1   2  0  1  1  2     0       0      0 0.00e+00    2 1.42e-02  0
 PCGAMGOptProl         2 1.0 5.9214e-02 1.0 5.08e+06 1.6 1.8e+03 6.0e+02 3.2e+01  4  5 10  3 17  28 10 15  5 28   548    1567      4 1.19e-02   21 2.78e+00 100
  GAMG smooth          2 1.0 4.1811e-02 1.0 4.87e+04 1.4 1.2e+03 3.9e+02 3.2e+01  3  0  6  1 17  20  0 10  2 28     8      20      0 0.00e+00   21 2.78e+00 81
 PCGAMGCreateL         2 1.0 4.4303e-02 1.0 0.00e+00 0.0 1.2e+03 2.9e+03 4.8e+01  3  0  6  9 25  21  0 10 17 42     0       0      0 0.00e+00   18 3.08e+00  0
  GAMG PtAP            2 1.0 2.6126e-02 1.0 0.00e+00 0.0 9.4e+02 3.8e+03 1.4e+01  2  0  5  8  7  12  0  8 17 12     0       0      0 0.00e+00   16 2.89e+00  0
  GAMG Reduce          2 1.0 4.4298e-02 1.0 0.00e+00 0.0 1.2e+03 2.9e+03 4.8e+01  3  0  6  9 25  21  0 10 17 42     0       0      0 0.00e+00   18 3.08e+00  0
PCGAMG Squ l00         1 1.0 2.5516e-02 1.0 0.00e+00 0.0 3.9e+02 2.5e+04 4.0e+00  2  0  2 23  2  12  0  3 46  4     0       0      0 0.00e+00    0 0.00e+00  0
PCGAMG Gal l00         1 1.0 1.8774e-02 1.0 0.00e+00 0.0 8.0e+02 4.3e+03 7.0e+00  1  0  4  8  4   9  0  7 16  6     0       0      0 0.00e+00    8 2.80e+00  0
PCGAMG Opt l00         1 1.0 1.9227e-02 1.0 0.00e+00 0.0 7.2e+02 5.7e+02 7.0e+00  1  0  4  1  4   9  0  6  2  6     0       0      0 0.00e+00    8 2.33e+00  0
PCGAMG Gal l01         1 1.0 7.4854e-03 1.0 0.00e+00 0.0 1.4e+02 9.9e+02 7.0e+00  0  0  1  0  4   4  0  1  1  6     0       0      0 0.00e+00    8 8.92e-02  0
PCGAMG Opt l01         1 1.0 5.7289e-03 1.0 0.00e+00 0.0 1.4e+02 2.6e+02 7.0e+00  0  0  1  0  4   3  0  1  0  6     0       0      0 0.00e+00    8 7.29e-02  0
PCSetUp                1 1.0 1.6976e-01 1.1 1.03e+07 1.6 7.2e+03 2.5e+03 1.1e+02 11 10 38 41 60  79 20 60 82 100   388    1785      4 1.19e-02   50 5.98e+00 99
PCApply               12 1.0 2.4666e-02 1.0 2.60e+07 1.5 4.0e+03 8.2e+02 0.0e+00  2 25 21  8  0  12 52 34 15  0  6761   24271      1 4.23e-04    0 0.00e+00 100

--- Event Stage 3: Hot Solve

DMPlexResidualFE       1 1.0 6.6100e-03 1.0 6.38e+06 1.0 0.0e+00 0.0e+00 0.0e+00  0  8  0  0  0  14 18  0  0  0  7717       0      0 0.00e+00    2 3.50e-02  0
SFBcastBegin           1 1.0 5.6439e-05 2.8 0.00e+00 0.0 1.9e+01 9.1e+02 0.0e+00  0  0  0  0  0   0  0  0  0  0     0       0      0 0.00e+00    0 0.00e+00  0
SFBcastEnd             1 1.0 2.2902e-04 21.3 0.00e+00 0.0 0.0e+00 0.0e+00 0.0e+00  0  0  0  0  0   0  0  0  0  0     0       0      0 0.00e+00    0 0.00e+00  0
SFReduceBegin          3 1.0 8.5957e-05 2.4 0.00e+00 0.0 5.0e+01 2.3e+04 0.0e+00  0  0  0  3  0   0  0  1 20  0     0       0      0 0.00e+00    0 0.00e+00  0
SFReduceEnd            3 1.0 5.3428e-04 14.6 6.51e+02 0.0 0.0e+00 0.0e+00 0.0e+00  0  0  0  0  0   1  0  0  0  0     4       0      0 0.00e+00    0 0.00e+00 100
SFPack               180 1.0 5.1691e-04 2.0 0.00e+00 0.0 0.0e+00 0.0e+00 0.0e+00  0  0  0  0  0   1  0  0  0  0     0       0      0 0.00e+00    0 0.00e+00  0
SFUnpack             180 1.0 1.4063e-04 6.4 3.74e+03 25.5 0.0e+00 0.0e+00 0.0e+00  0  0  0  0  0   0  0  0  0  0    92       0      0 0.00e+00    0 0.00e+00 100
VecTDot               72 1.0 5.8985e-03 1.4 1.51e+05 1.4 0.0e+00 0.0e+00 0.0e+00  0  0  0  0  0  11  0  0  0  0   170     665      0 0.00e+00    0 0.00e+00 100
VecNorm               35 1.0 2.7456e-03 1.3 7.37e+04 1.4 0.0e+00 0.0e+00 0.0e+00  0  0  0  0  0   5  0  0  0  0   179     683      0 0.00e+00    0 0.00e+00 100
VecCopy               78 1.0 1.3755e-03 1.2 0.00e+00 0.0 0.0e+00 0.0e+00 0.0e+00  0  0  0  0  0   3  0  0  0  0     0       0      0 0.00e+00    0 0.00e+00  0
VecSet                42 1.0 6.7697e-04 1.2 0.00e+00 0.0 0.0e+00 0.0e+00 0.0e+00  0  0  0  0  0   1  0  0  0  0     0       0      0 0.00e+00    0 0.00e+00  0
VecAXPY               66 1.0 1.1311e-03 1.1 1.41e+05 1.4 0.0e+00 0.0e+00 0.0e+00  0  0  0  0  0   2  0  0  0  0   832    2077      0 0.00e+00    0 0.00e+00 100
VecAYPX              173 1.0 2.9513e-03 1.2 2.83e+05 1.4 0.0e+00 0.0e+00 0.0e+00  0  0  0  0  0   6  1  0  0  0   645    1643      0 0.00e+00    0 0.00e+00 100
VecAXPBYCZ            48 1.0 8.1322e-04 1.2 1.84e+05 1.4 0.0e+00 0.0e+00 0.0e+00  0  0  0  0  0   2  0  0  0  0  1530    3904      0 0.00e+00    0 0.00e+00 100
VecPointwiseMult      12 1.0 2.0256e-04 1.4 2.88e+02 0.0 0.0e+00 0.0e+00 0.0e+00  0  0  0  0  0   0  0  0  0  0     1       4      0 0.00e+00    0 0.00e+00 100
VecReciprocal          1 1.0 1.6051e-05 1.3 0.00e+00 0.0 0.0e+00 0.0e+00 0.0e+00  0  0  0  0  0   0  0  0  0  0     0       0      0 0.00e+00    0 0.00e+00  0
VecScatterBegin      176 1.0 7.9135e-03 1.9 0.00e+00 0.0 5.4e+03 8.6e+02 0.0e+00  0  0 28 11  0  12  0 99 80  0     0       0      0 0.00e+00    0 0.00e+00  0
VecScatterEnd        176 1.0 6.3697e-03 2.0 3.74e+03 0.0 0.0e+00 0.0e+00 0.0e+00  0  0  0  0  0  10  0  0  0  0     2       0      0 0.00e+00    0 0.00e+00 100
MatMult              165 1.0 1.5468e-02 1.4 3.40e+07 1.6 4.6e+03 9.7e+02 0.0e+00  1 32 24 10  0  28 75 85 77  0 13914   55294      0 0.00e+00    0 0.00e+00 100
MatMultAdd            24 1.0 4.8663e-03 2.0 9.75e+05 1.5 3.7e+02 2.3e+02 0.0e+00  0  1  2  0  0   8  2  7  1  0  1296   13286      0 0.00e+00    0 0.00e+00 100
MatMultTranspose      24 1.0 2.5500e-03 2.0 9.75e+05 1.5 3.7e+02 2.3e+02 0.0e+00  0  1  2  0  0   4  2  7  1  0  2478   11518      0 0.00e+00    0 0.00e+00 100
MatResidual           24 1.0 3.2250e-03 1.5 5.87e+06 1.6 8.2e+02 9.5e+02 0.0e+00  0  6  4  2  0   6 13 15 13  0 11578   42483      0 0.00e+00    0 0.00e+00 100
MatAssemblyBegin       2 1.0 3.5100e-07 1.3 0.00e+00 0.0 0.0e+00 0.0e+00 0.0e+00  0  0  0  0  0   0  0  0  0  0     0       0      0 0.00e+00    0 0.00e+00  0
MatAssemblyEnd         2 1.0 1.2620e-06 1.3 0.00e+00 0.0 0.0e+00 0.0e+00 0.0e+00  0  0  0  0  0   0  0  0  0  0     0       0      0 0.00e+00    0 0.00e+00  0
MatPtAPNumeric         2 1.0 1.9408e-03 1.3 0.00e+00 0.0 3.1e+01 3.6e+04 0.0e+00  0  0  0  3  0   4  0  1 19  0     0       0      0 0.00e+00    0 0.00e+00  0
MatSetValuesCOO        2 1.0 6.3813e-04 6.5 0.00e+00 0.0 3.1e+01 3.6e+04 0.0e+00  0  0  0  3  0   1  0  1 19  0     0       0      0 0.00e+00    0 0.00e+00  0
KSPSetUp               1 1.0 2.1100e-07 1.3 0.00e+00 0.0 0.0e+00 0.0e+00 0.0e+00  0  0  0  0  0   0  0  0  0  0     0       0      0 0.00e+00    0 0.00e+00  0
KSPSolve               1 1.0 2.8679e-02 1.0 3.20e+07 1.6 4.7e+03 8.5e+02 0.0e+00  2 30 24  9  0  61 71 86 69  0  7121   25388      0 0.00e+00    0 0.00e+00 100
SNESSolve              1 1.0 4.7109e-02 1.0 4.36e+07 1.4 5.4e+03 1.1e+03 0.0e+00  3 43 28 14  0 100 100 100 100  0  6129   19127      4 6.68e-02    5 1.26e+00 82
SNESFunctionEval       1 1.0 8.0808e-03 1.0 6.44e+06 1.0 3.8e+01 9.1e+02 0.0e+00  1  8  0  0  0  17 18  1  1  0  6378      67      2 3.50e-02    3 5.25e-02  0
PCSetUp_GAMG+          1 1.0 1.0342e-02 1.0 5.15e+06 1.6 7.1e+02 2.5e+03 0.0e+00  1  5  4  4  0  22 11 13 30  0  3183    7529      2 3.19e-02    2 1.21e+00 100
PCGAMG Gal l00         1 1.0 1.7206e-03 1.2 0.00e+00 0.0 2.8e+01 3.9e+04 0.0e+00  0  0  0  3  0   3  0  1 19  0     0       0      0 0.00e+00    0 0.00e+00  0
PCGAMG Gal l01         1 1.0 2.7085e-04 2.8 0.00e+00 0.0 3.0e+00 4.6e+03 0.0e+00  0  0  0  0  0   0  0  0  0  0     0       0      0 0.00e+00    0 0.00e+00  0
PCSetUp                1 1.0 1.0344e-02 1.0 5.15e+06 1.6 7.1e+02 2.5e+03 0.0e+00  1  5  4  4  0  22 11 13 30  0  3182    7529      2 3.19e-02    2 1.21e+00 100
PCApply               12 1.0 2.3916e-02 1.0 2.60e+07 1.5 4.0e+03 8.2e+02 0.0e+00  2 25 21  8  0  50 58 74 57  0  6973   25356      0 0.00e+00    0 0.00e+00 100
---------------------------------------------------------------------------------------------------------------------------------------------------------------

Object Type          Creations   Destructions. Reports information only for process 0.

--- Event Stage 0: Main Stage

           Container     2             38
    Distributed Mesh     0             37
            DM Label     0             57
          Quadrature     1            236
           Index Set    27            124
   IS L to G Mapping     0             97
             Section     0            114
   Star Forest Graph     1             70
     Discrete System     0             37
           Weak Form     0             38
    GraphPartitioner     0             15
              Vector     3             60
        Linear Space     0              6
          Dual Space     0             16
            FE Space     0              4
              Matrix     7             60
      Matrix Coarsen     0              1
   Matrix Null Space     0              1
                SNES     0              1
              DMSNES     0              1
       Krylov Solver     0              6
     DMKSP interface     0              1
       Field over DM     1              1
      Preconditioner     0              4
              Viewer     0              1

--- Event Stage 1: Mesh Setup

           Container    93             61
    Distributed Mesh   118             82
            DM Label   296            239
          Quadrature   533            298
           Index Set  1338           1241
   IS L to G Mapping   290            193
             Section   390            276
   Star Forest Graph   313            254
     Discrete System   175            139
           Weak Form   177            140
    GraphPartitioner    53             38
              Vector    78             51
  PetscDeviceContext     1              0
        Linear Space    12              6
          Dual Space    63             47
            FE Space     6              2
              Matrix   178            151
   Matrix Null Space     1              0
                SNES     1              0
              DMSNES     1              0
       Krylov Solver     1              0
       Field over DM     1              1
      Preconditioner     1              0
              Viewer     1              0

--- Event Stage 2: Solve 0

           Container    19             15
    Distributed Mesh     1              0
          Quadrature     1              1
           Index Set   120            120
             Section     8              8
   Star Forest Graph    61             51
     Discrete System     1              0
           Weak Form     1              0
              Vector   184            154
              Matrix   175            149
      Matrix Coarsen     2              1
       Krylov Solver     8              3
     DMKSP interface     1              0
      Preconditioner     8              5
         PetscRandom     2              2

--- Event Stage 3: Hot Solve

          Quadrature     1              1
           Index Set    33             33
              Vector     6              6
========================================================================================================================
Average time to get PetscTime(): 3.1e-08
Average time for MPI_Barrier(): 1.53258e-05
Average time for zero size MPI_Send(): 1.37179e-05
#PETSc Option Table entries:
-block_mat_type mpibaijkokkos # (source: command line)
-dm_mat_type mpiaij # (source: command line)
-dm_plex_box_faces 8,8,8 # (source: command line)
-dm_plex_dim 3 # (source: command line)
-dm_plex_simplex 0 # (source: command line)
-dm_vec_type kokkos # (source: command line)
-ksp_converged_reason # (source: command line)
-ksp_norm_type unpreconditioned # (source: command line)
-ksp_rtol 1e-6 # (source: command line)
-ksp_type cg # (source: command line)
-log_view # (source: command line)
-log_view_gpu_time # (source: command line)
-max_conv_its 1 # (source: command line)
-mg_coarse_pc_type jacobi # (source: command line)
-mg_levels_ksp_type chebyshev # (source: command line)
-mg_levels_pc_type pbjacobi # (source: command line)
-n_solves 2 # (source: command line)
-pc_gamg_agg_nsmooths 1 # (source: command line)
-pc_gamg_reuse_interpolation true # (source: command line)
-pc_gamg_type agg # (source: command line)
-pc_type gamg # (source: command line)
-petscpartitioner_simple_process_grid 2,2,2 # (source: command line)
-petscspace_degree 2 # (source: command line)
-run_type 1 # (source: command line)
-snes_lag_jacobian -2 # (source: command line)
-snes_type ksponly # (source: command line)
-use_mat_nearnullspace true # (source: command line)
#End of PETSc Option Table entries
Compiled without FORTRAN kernels
Compiled with full precision matrices (default)
sizeof(short) 2 sizeof(int) 4 sizeof(long) 8 sizeof(void*) 8 sizeof(PetscScalar) 8 sizeof(PetscInt) 4
Configure options: --with-kokkos-dir=/global/homes/m/madams/petsc/arch-perlmutter-opt-gcc-kokkos-cuda-notpl --with-kokkos-kernels-dir=/global/homes/m/madams/petsc/arch-perlmutter-opt-gcc-kokkos-cuda-notpl --with-triangle-dir=/global/homes/m/madams/petsc/arch-perlmutter-opt-gcc-kokkos-cuda-notpl --with-batch=0 --with-cc=cc --with-cxx=CC --with-fc=0 --with-debugging=0 --with-cuda=1 --with-cuda-arch=80 --with-kokkos-kernels-tpl=0 --with-make-np=8 --with-mpiexec=srun -G4 --gpu-bind=none PETSC_ARCH=arch-perlmutter-opt-gcc-kokkos-cuda-notpl
-----------------------------------------
Libraries compiled on 2026-06-22 14:37:25 on login21
Machine characteristics: Linux-6.4.0-150600.23.103_15.0.24-cray_shasta_c-x86_64-with-glibc2.3.4
Using PETSc directory: /global/u2/m/madams/petsc
Using PETSc arch: arch-perlmutter-opt-gcc-kokkos-cuda-notpl
-----------------------------------------

Using C compiler: cc  -fPIC -Wall -Wwrite-strings -Wno-unknown-pragmas -Wno-lto-type-mismatch -Wno-stringop-overflow -fstack-protector -fvisibility=hidden -g -O 
-----------------------------------------

Using include paths: -I/global/u2/m/madams/petsc/include -I/global/u2/m/madams/petsc/arch-perlmutter-opt-gcc-kokkos-cuda-notpl/include -I/global/homes/m/madams/petsc/arch-perlmutter-opt-gcc-kokkos-cuda-notpl/include -I/opt/nvidia/hpc_sdk/Linux_x86_64/25.5/cuda/12.9/include -I/opt/nvidia/hpc_sdk/Linux_x86_64/25.5/math_libs/12.9/include
-----------------------------------------

Using C linker: cc
Using libraries: -Wl,-rpath,/global/u2/m/madams/petsc/arch-perlmutter-opt-gcc-kokkos-cuda-notpl/lib -L/global/u2/m/madams/petsc/arch-perlmutter-opt-gcc-kokkos-cuda-notpl/lib -lpetsc -Wl,-rpath,/global/homes/m/madams/petsc/arch-perlmutter-opt-gcc-kokkos-cuda-notpl/lib -L/global/homes/m/madams/petsc/arch-perlmutter-opt-gcc-kokkos-cuda-notpl/lib -Wl,-rpath,/opt/nvidia/hpc_sdk/Linux_x86_64/25.5/cuda/12.9/lib64 -L/opt/nvidia/hpc_sdk/Linux_x86_64/25.5/cuda/12.9/lib64 -Wl,-rpath,/opt/nvidia/hpc_sdk/Linux_x86_64/25.5/math_libs/12.9/lib64 -L/opt/nvidia/hpc_sdk/Linux_x86_64/25.5/math_libs/12.9/lib64 -L/opt/nvidia/hpc_sdk/Linux_x86_64/25.5/cuda/12.9/lib64/stubs -lkokkoskernels -lkokkoscontainers -lkokkoscore -lkokkossimd -ltriangle -lcudart -lnvtx3interop -lcufft -lcublas -lcusparse -lcusolver -lcurand -lcuda -lnvidia-ml -lX11 -lstdc++ -lquadmath
-----------------------------------------

    Linear solve converged due to CONVERGED_RTOL iterations 12
    Linear solve converged due to CONVERGED_RTOL iterations 12
[0] 0) N=       10125, max displ=5.9006648e+01, error=7.471e-01
****************************************************************************************************************************************************************
***                                WIDEN YOUR WINDOW TO 160 CHARACTERS.  Use 'enscript -r -fCourier9' to print this document                                 ***
****************************************************************************************************************************************************************

------------------------------------------------------------------ PETSc Performance Summary: ------------------------------------------------------------------

/global/homes/m/madams/petsc/arch-perlmutter-opt-gcc-kokkos-cuda-notpl/tests/snes/tutorials/ex56 on a arch-perlmutter-opt-gcc-kokkos-cuda-notpl named nid001161 with 8 processes and CUDA architecture 80, by madams on Mon Jun 22 07:47:36 2026
Using PETSc Development Git Revision: v3.25.2-340-g83d2bd4a8b4 Git Date: 2026-06-21 14:23:19 -0400

                         Max       Max/Min     Avg       Total
Time (sec):           1.853e+00     1.001   1.852e+00
Objects:              0.000e+00     0.000   0.000e+00
Flops:                1.008e+08     1.407   8.451e+07  6.760e+08
Flops/sec:            5.446e+07     1.409   4.564e+07  3.651e+08
MPI Msg Count:        3.093e+03     1.501   2.485e+03  1.988e+04
MPI Msg Len (bytes):  6.506e+06     1.193   2.381e+03  4.734e+07
MPI Reductions:       1.390e+02     1.000

Flop counting convention: 1 flop = 1 real number operation of type (multiply/divide/add/subtract)
                            e.g., VecAXPY() for real vectors of length N --> 2N flops
                            and VecAXPY() for complex vectors of length N --> 8N flops

Summary of Stages:   ----- Time ------  ----- Flop ------  --- Messages ---  -- Message Lengths --  -- Reductions --
                        Avg     %Total     Avg     %Total    Count   %Total     Avg         %Total    Count   %Total
 0:      Main Stage: 7.3494e-01  39.7%  5.5911e+07   8.3%  9.500e+01   0.5%  4.538e+04        9.1%  3.000e+00   2.2%
 1:      Mesh Setup: 5.9151e-01  31.9%  9.7008e+06   1.4%  1.682e+03   8.5%  6.449e+03       22.9%  5.400e+01  38.8%
 2:         Solve 0: 4.1500e-01  22.4%  3.2173e+08  47.6%  1.166e+04  58.7%  2.022e+03       49.8%  6.500e+01  46.8%
 3:       Hot Solve: 1.1027e-01   6.0%  2.8871e+08  42.7%  6.441e+03  32.4%  1.335e+03       18.2%  0.000e+00   0.0%

------------------------------------------------------------------------------------------------------------------------
See the 'Profiling' chapter of the users' manual for details on interpreting output.
Phase summary info:
   Count: number of times phase was executed
   Time and Flop: Max - maximum over all processes
                  Ratio - ratio of maximum to minimum over all processes
   Mess: number of messages sent
   AvgLen: average message length (bytes)
   Reduct: number of global reductions
   Global: entire computation
   Stage: stages of a computation. Set stages with PetscLogStagePush() and PetscLogStagePop().
      %T - percent time in this phase         %F - percent flop in this phase
      %M - percent messages in this phase     %L - percent message lengths in this phase
      %R - percent reductions in this phase
   Total Mflop/s: 1e-6 * (sum of flop over all processes)/(max time over all processes)
   GPU Mflop/s: 1e-6 * (sum of flop on GPU over all processes)/(max GPU time over all processes)
   CpuToGpu Count: total number of CPU to GPU copies per processor
   CpuToGpu Size (Mbytes): 1e-6 * (total size of CPU to GPU copies per processor)
   GpuToCpu Count: total number of GPU to CPU copies per processor
   GpuToCpu Size (Mbytes): 1e-6 * (total size of GPU to CPU copies per processor)
   GPU %F: percent flops on GPU in this event
------------------------------------------------------------------------------------------------------------------------
Event                Count      Time (sec)     Flop                              --- Global ---  --- Stage ----  Total   GPU    - CpuToGpu -   - GpuToCpu - GPU
                   Max Ratio  Max     Ratio   Max  Ratio  Mess   AvgLen  Reduct  %T %F %M %L %R  %T %F %M %L %R Mflop/s Mflop/s Count   Size   Count   Size  %F
---------------------------------------------------------------------------------------------------------------------------------------------------------------

--- Event Stage 0: Main Stage

BuildTwoSided          2 1.0 4.0483e-03 22.7 0.00e+00 0.0 3.8e+01 4.0e+00 0.0e+00  0  0  0  0  0   0  0 40  0  0     0       0      0 0.00e+00    0 0.00e+00  0
BuildTwoSidedF         1 1.0 4.1598e-03 20.8 0.00e+00 0.0 3.8e+01 1.1e+05 0.0e+00  0  0  0  9  0   0  0 40 99  0     0       0      0 0.00e+00    0 0.00e+00  0
DMPlexJacobianFE       1 1.0 7.9869e-01 1.4 6.81e+06 1.0 3.8e+01 1.1e+05 0.0e+00 37  8  0  9  0  92 96 40 99  0    67       0      0 0.00e+00    3 1.51e+00  0
SFSetGraph             1 1.0 1.1522e-05 1.0 0.00e+00 0.0 0.0e+00 0.0e+00 0.0e+00  0  0  0  0  0   0  0  0  0  0     0       0      0 0.00e+00    0 0.00e+00  0
SFSetUp                1 1.0 2.0668e-04 1.3 0.00e+00 0.0 3.8e+01 2.3e+02 0.0e+00  0  0  0  0  0   0  0 40  0  0     0       0      0 0.00e+00    0 0.00e+00  0
SFBcastBegin           1 1.0 9.5841e-03 1.6 0.00e+00 0.0 1.9e+01 9.1e+02 0.0e+00  0  0  0  0  0   1  0 20  0  0     0       0      2 6.14e-03    0 0.00e+00  0
SFBcastEnd             1 1.0 3.0019e-03 53.6 0.00e+00 0.0 0.0e+00 0.0e+00 0.0e+00  0  0  0  0  0   0  0  0  0  0     0       0      1 1.08e-03    0 0.00e+00  0
SFPack                 1 1.0 6.2887e-03 48374.6 0.00e+00 0.0 0.0e+00 0.0e+00 0.0e+00  0  0  0  0  0   1  0  0  0  0     0       0      1 1.08e-03    0 0.00e+00  0
SFUnpack               1 1.0 6.7241e-05 352.0 0.00e+00 0.0 0.0e+00 0.0e+00 0.0e+00  0  0  0  0  0   0  0  0  0  0     0       0      1 1.08e-03    0 0.00e+00  0
VecNorm                1 1.0 2.5714e-04 1.1 0.00e+00 0.0 0.0e+00 0.0e+00 0.0e+00  0  0  0  0  0   0  0  0  0  0     0       0      0 0.00e+00    0 0.00e+00  0
VecSet                 2 1.0 9.3370e-06 1.1 0.00e+00 0.0 0.0e+00 0.0e+00 0.0e+00  0  0  0  0  0   0  0  0  0  0     0       0      0 0.00e+00    0 0.00e+00  0
DCtxDestroy            1 1.0 2.0710e-05 1.4 0.00e+00 0.0 0.0e+00 0.0e+00 0.0e+00  0  0  0  0  0   0  0  0  0  0     0       0      0 0.00e+00    0 0.00e+00  0
MatMult               37 1.0 1.0609e-05 1.1 3.00e+03 1.0 0.0e+00 0.0e+00 0.0e+00  0  0  0  0  0   0  0  0  0  0  2260       0      0 0.00e+00    0 0.00e+00  0
MatScale               1 1.0 7.8850e-06 1.1 2.43e+05 1.7 0.0e+00 0.0e+00 0.0e+00  0  0  0  0  0   0  3  0  0  0 189902       0      0 0.00e+00    0 0.00e+00 100
MatAssemblyBegin       1 1.0 4.1686e-03 1.1 0.00e+00 0.0 3.8e+01 1.1e+05 0.0e+00  0  0  0  9  0   1  0 40 99  0     0       0      0 0.00e+00    0 0.00e+00  0
MatAssemblyEnd         1 1.0 2.1113e-01 2346.0 7.06e+04 0.0 0.0e+00 0.0e+00 0.0e+00  5  0  0  0  0  12  0  0  0  0     1       0      0 0.00e+00    0 0.00e+00  0
MatSetValues          64 1.0 4.3162e-03 1.1 2.68e+05 1.4 0.0e+00 0.0e+00 0.0e+00  0  0  0  0  0   1  3  0  0  0   428       0      0 0.00e+00    2 1.50e+00  0
MatZeroEntries         1 1.0 1.5030e-05 1.3 0.00e+00 0.0 0.0e+00 0.0e+00 0.0e+00  0  0  0  0  0   0  0  0  0  0     0       0      0 0.00e+00    0 0.00e+00  0
SNESJacobianEval       1 1.0 8.0936e-01 1.4 6.88e+06 1.0 9.5e+01 4.5e+04 1.0e+00 37  8  0  9  1  94 97 100 100 33    67       0      4 2.47e-02    4 1.53e+00  0

--- Event Stage 1: Mesh Setup

BuildTwoSided         23 1.0 3.8099e-01 85.3 0.00e+00 0.0 3.7e+02 4.0e+00 0.0e+00  5  0  2  0  0  17  0 22  0  0     0       0      0 0.00e+00    0 0.00e+00  0
BuildTwoSidedF         1 1.0 9.6736e-04 18.6 0.00e+00 0.0 0.0e+00 0.0e+00 0.0e+00  0  0  0  0  0   0  0  0  0  0     0       0      0 0.00e+00    0 0.00e+00  0
DMCreateMat            1 1.0 2.9669e-02 1.0 0.00e+00 0.0 4.7e+02 2.1e+04 4.0e+00  2  0  2 21  3   5  0 28 93  7     0       0      0 0.00e+00    0 0.00e+00  0
DMProjectFunc          6 1.0 7.7938e-03 1.2 6.22e+05 1.0 0.0e+00 0.0e+00 1.0e+00  0  1  0  0  1   1 51  0  0  2   639       0      0 0.00e+00    6 1.05e-01  0
DMPlexCrFromOpts       1 1.0 3.2237e-03 1.0 0.00e+00 0.0 0.0e+00 0.0e+00 0.0e+00  0  0  0  0  0   1  0  0  0  0     0       0      0 0.00e+00    0 0.00e+00  0
Mesh Partition         1 1.0 3.6956e-03 1.0 0.00e+00 0.0 3.5e+01 3.0e+03 3.0e+00  0  0  0  0  2   1  0  2  1  6     0       0      0 0.00e+00    0 0.00e+00  0
Mesh Migration         1 1.0 4.9886e-01 1.0 0.00e+00 0.0 2.0e+02 2.2e+03 1.6e+01 27  0  1  1 12  84  0 12  4 30     0       0      0 0.00e+00    0 0.00e+00  0
DMPlexPartSelf         1 1.0 8.8447e-04 99.7 0.00e+00 0.0 0.0e+00 0.0e+00 0.0e+00  0  0  0  0  0   0  0  0  0  0     0       0      0 0.00e+00    0 0.00e+00  0
DMPlexPartLblInv       1 1.0 1.6387e-03 2.1 0.00e+00 0.0 0.0e+00 0.0e+00 2.0e+00  0  0  0  0  1   0  0  0  0  4     0       0      0 0.00e+00    0 0.00e+00  0
DMPlexPartLblSF        1 1.0 3.4940e-04 1.3 0.00e+00 0.0 1.4e+01 1.5e+03 0.0e+00  0  0  0  0  0   0  0  1  0  0     0       0      0 0.00e+00    0 0.00e+00  0
DMPlexPartStrtSF       1 1.0 1.0376e-03 1.1 0.00e+00 0.0 7.0e+00 5.8e+03 0.0e+00  0  0  0  0  0   0  0  0  0  0     0       0      0 0.00e+00    0 0.00e+00  0
DMPlexPointSF          1 1.0 1.6810e-02 1.0 0.00e+00 0.0 1.4e+01 7.3e+03 0.0e+00  1  0  0  0  0   3  0  1  1  0     0       0      0 0.00e+00    0 0.00e+00  0
DMPlexInterp          36 1.0 2.8418e-03 1.1 0.00e+00 0.0 0.0e+00 0.0e+00 0.0e+00  0  0  0  0  0   0  0  0  0  0     0       0      0 0.00e+00    0 0.00e+00  0
DMPlexDistribute       1 1.0 5.1953e-01 1.0 0.00e+00 0.0 2.5e+02 2.6e+03 2.1e+01 28  0  1  1 15  88  0 15  6 39     0       0      0 0.00e+00    0 0.00e+00  0
DMPlexDistCones        1 1.0 7.5317e-04 1.1 0.00e+00 0.0 4.2e+01 4.9e+03 0.0e+00  0  0  0  0  0   0  0  2  2  0     0       0      0 0.00e+00    0 0.00e+00  0
DMPlexDistLabels       1 1.0 1.7012e-03 1.0 0.00e+00 0.0 1.0e+02 1.7e+03 1.4e+01  0  0  1  0 10   0  0  6  2 26     0       0      0 0.00e+00    0 0.00e+00  0
DMPlexDistField        1 1.0 4.9567e-01 1.0 0.00e+00 0.0 4.9e+01 9.6e+02 0.0e+00 27  0  0  0  0  84  0  3  0  0     0       0      0 0.00e+00    0 0.00e+00  0
DMPlexStratify        53 1.0 5.7424e-03 1.2 0.00e+00 0.0 0.0e+00 0.0e+00 0.0e+00  0  0  0  0  0   1  0  0  0  0     0       0      0 0.00e+00    0 0.00e+00  0
DMPlexSymmetrize      53 1.0 2.7054e-04 4.7 0.00e+00 0.0 0.0e+00 0.0e+00 0.0e+00  0  0  0  0  0   0  0  0  0  0     0       0      0 0.00e+00    0 0.00e+00  0
DMPlexPrealloc         1 1.0 2.9422e-02 1.0 0.00e+00 0.0 4.7e+02 2.1e+04 4.0e+00  2  0  2 21  3   5  0 28 93  7     0       0      0 0.00e+00    0 0.00e+00  0
DMPlexGenerate         1 1.0 3.1892e-03 1.0 0.00e+00 0.0 0.0e+00 0.0e+00 0.0e+00  0  0  0  0  0   1  0  0  0  0     0       0      0 0.00e+00    0 0.00e+00  0
SFSetGraph            27 1.0 5.9779e-04 9.2 0.00e+00 0.0 0.0e+00 0.0e+00 0.0e+00  0  0  0  0  0   0  0  0  0  0     0       0      0 0.00e+00    0 0.00e+00  0
SFSetUp               22 1.0 3.8509e-01 47.5 0.00e+00 0.0 7.3e+02 4.8e+03 0.0e+00  6  0  4  7  0  18  0 44 33  0     0       0      0 0.00e+00    0 0.00e+00  0
SFBcastBegin          49 1.0 1.6112e-03 2.8 0.00e+00 0.0 6.8e+02 2.4e+03 0.0e+00  0  0  3  3  0   0  0 40 15  0     0       0      0 0.00e+00    0 0.00e+00  0
SFBcastEnd            49 1.0 2.1192e-02 6.5 0.00e+00 0.0 0.0e+00 0.0e+00 0.0e+00  1  0  0  0  0   3  0  0  0  0     0       0      0 0.00e+00    0 0.00e+00  0
SFReduceBegin         11 1.0 2.9251e-03 9.9 0.00e+00 0.0 2.0e+02 1.7e+04 0.0e+00  0  0  1  7  0   0  0 12 32  0     0       0      0 0.00e+00    0 0.00e+00  0
SFReduceEnd           11 1.0 1.4577e-02 16.3 0.00e+00 0.0 0.0e+00 0.0e+00 0.0e+00  0  0  0  0  0   1  0  0  0  0     0       0      0 0.00e+00    0 0.00e+00  0
SFFetchOpBegin         2 1.0 9.2639e-05 5.9 0.00e+00 0.0 3.8e+01 2.9e+04 0.0e+00  0  0  0  2  0   0  0  2 10  0     0       0      0 0.00e+00    0 0.00e+00  0
SFFetchOpEnd           2 1.0 6.4797e-04 2.6 0.00e+00 0.0 3.8e+01 2.9e+04 0.0e+00  0  0  0  2  0   0  0  2 10  0     0       0      0 0.00e+00    0 0.00e+00  0
SFCreateEmbed          3 1.0 1.1300e-03 9.2 0.00e+00 0.0 4.5e+01 2.0e+02 0.0e+00  0  0  0  0  0   0  0  3  0  0     0       0      0 0.00e+00    0 0.00e+00  0
SFDistSection          9 1.0 1.6119e-03 1.2 0.00e+00 0.0 3.1e+02 6.9e+02 0.0e+00  0  0  2  0  0   0  0 19  2  0     0       0      0 0.00e+00    0 0.00e+00  0
SFSectionSF           11 1.0 3.8153e-01 98.8 0.00e+00 0.0 2.9e+02 4.2e+03 0.0e+00  5  0  1  3  0  17  0 17 11  0     0       0      0 0.00e+00    0 0.00e+00  0
SFRemoteOff            2 1.0 1.1704e-03 7.4 0.00e+00 0.0 7.6e+01 2.4e+02 0.0e+00  0  0  0  0  0   0  0  5  0  0     0       0      0 0.00e+00    0 0.00e+00  0
SFPack                62 1.0 3.6797e-04 8.6 0.00e+00 0.0 0.0e+00 0.0e+00 0.0e+00  0  0  0  0  0   0  0  0  0  0     0       0      0 0.00e+00    0 0.00e+00  0
SFUnpack              64 1.0 1.4581e-02 55.9 0.00e+00 0.0 0.0e+00 0.0e+00 0.0e+00  0  0  0  0  0   0  0  0  0  0     0       0      0 0.00e+00    0 0.00e+00  0
VecMDot                5 1.0 1.3768e-03 1.0 4.61e+04 1.5 0.0e+00 0.0e+00 0.0e+00  0  0  0  0  0   0  3  0  0  0   221       0      0 0.00e+00    4 1.11e-04 100
VecNorm                6 1.0 1.8194e-03 3.0 1.84e+04 1.5 0.0e+00 0.0e+00 0.0e+00  0  0  0  0  0   0  1  0  0  0    67       0      0 0.00e+00    0 0.00e+00 100
VecScale               6 1.0 1.9804e-04 1.1 9.22e+03 1.5 0.0e+00 0.0e+00 0.0e+00  0  0  0  0  0   0  1  0  0  0   307       0      0 0.00e+00    0 0.00e+00 100
VecCopy                1 1.0 3.8670e-06 1.2 0.00e+00 0.0 0.0e+00 0.0e+00 0.0e+00  0  0  0  0  0   0  0  0  0  0     0       0      0 0.00e+00    0 0.00e+00  0
VecSet                 8 1.0 6.0918e-05 1.2 0.00e+00 0.0 0.0e+00 0.0e+00 0.0e+00  0  0  0  0  0   0  0  0  0  0     0       0      0 0.00e+00    0 0.00e+00  0
VecAXPY                8 1.0 1.4415e-03 1.5 2.46e+04 1.5 0.0e+00 0.0e+00 0.0e+00  0  0  0  0  0   0  2  0  0  0   112       0      0 0.00e+00    0 0.00e+00 100
VecNormalize           6 1.0 2.0324e-03 2.5 2.76e+04 1.5 0.0e+00 0.0e+00 0.0e+00  0  0  0  0  0   0  2  0  0  0    90       0      0 0.00e+00    0 0.00e+00 100
DCtxCreate             1 1.0 1.5119e-05 1.4 0.00e+00 0.0 0.0e+00 0.0e+00 0.0e+00  0  0  0  0  0   0  0  0  0  0     0       0      0 0.00e+00    0 0.00e+00  0
DCtxSetUp              1 1.0 1.1442e-05 1.6 0.00e+00 0.0 0.0e+00 0.0e+00 0.0e+00  0  0  0  0  0   0  0  0  0  0     0       0      0 0.00e+00    0 0.00e+00  0
DCtxSetDevice          1 1.0 1.9398e-05 1.5 0.00e+00 0.0 0.0e+00 0.0e+00 0.0e+00  0  0  0  0  0   0  0  0  0  0     0       0      0 0.00e+00    0 0.00e+00  0
DualSpaceSetUp         6 1.0 1.5553e-02 1.0 3.61e+03 1.0 0.0e+00 0.0e+00 0.0e+00  1  0  0  0  0   3  0  0  0  0     2       0      0 0.00e+00    0 0.00e+00  0
FESetUp                6 1.0 6.1687e-04 1.1 0.00e+00 0.0 0.0e+00 0.0e+00 0.0e+00  0  0  0  0  0   0  0  0  0  0     0       0      0 0.00e+00    0 0.00e+00  0
MatMult              384 1.0 1.0707e-04 1.2 3.11e+04 1.0 0.0e+00 0.0e+00 0.0e+00  0  0  0  0  0   0  3  0  0  0  2324       0      0 0.00e+00    0 0.00e+00  0
MatAssemblyBegin      68 1.0 9.9171e-04 13.2 0.00e+00 0.0 0.0e+00 0.0e+00 0.0e+00  0  0  0  0  0   0  0  0  0  0     0       0      0 0.00e+00    0 0.00e+00  0
MatAssemblyEnd        68 1.0 3.8055e-03 1.0 0.00e+00 0.0 1.1e+02 2.7e+02 1.0e+00  0  0  1  0  1   1  0  7  0  2     0       0      0 0.00e+00    0 0.00e+00  0
MatSetPreallCOO       36 1.0 8.4506e-05 1.1 0.00e+00 0.0 0.0e+00 0.0e+00 0.0e+00  0  0  0  0  0   0  0  0  0  0     0       0      0 0.00e+00    0 0.00e+00  0
MatSetValuesCOO       36 1.0 5.2258e-05 1.1 0.00e+00 0.0 0.0e+00 0.0e+00 0.0e+00  0  0  0  0  0   0  0  0  0  0     0       0      0 0.00e+00    0 0.00e+00  0

--- Event Stage 2: Solve 0

BuildTwoSided         97 1.0 2.9720e-02 3.4 0.00e+00 0.0 7.1e+02 4.0e+00 0.0e+00  1  0  4  0  0   5  0  6  0  0     0       0      0 0.00e+00    0 0.00e+00  0
BuildTwoSidedF        69 1.0 2.4529e-02 6.4 0.00e+00 0.0 7.8e+01 2.9e+03 0.0e+00  1  0  0  0  0   3  0  1  1  0     0       0      0 0.00e+00    0 0.00e+00  0
DMPlexResidualFE       1 1.0 6.8297e-03 1.0 6.38e+06 1.0 0.0e+00 0.0e+00 0.0e+00  0  8  0  0  0   2 16  0  0  0  7469       0      0 0.00e+00    2 3.50e-02  0
SFSetGraph            28 1.0 3.0769e-05 1.4 0.00e+00 0.0 0.0e+00 0.0e+00 0.0e+00  0  0  0  0  0   0  0  0  0  0     0       0      0 0.00e+00    0 0.00e+00  0
SFSetUp               28 1.0 1.0167e-02 1.2 0.00e+00 0.0 1.4e+03 3.0e+03 0.0e+00  1  0  7  9  0   2  0 12 17  0     0       0      0 0.00e+00    0 0.00e+00  0
SFBcastBegin          25 1.0 1.7243e-02 5.4 0.00e+00 0.0 9.3e+02 4.9e+03 0.0e+00  0  0  5 10  0   2  0  8 19  0     0       0      0 0.00e+00    0 0.00e+00  0
SFBcastEnd            25 1.0 2.1775e-01 26.6 0.00e+00 0.0 0.0e+00 0.0e+00 0.0e+00  7  0  0  0  0  30  0  0  0  0     0       0      0 0.00e+00    0 0.00e+00  0
SFReduceBegin          8 1.0 3.9270e-03 2.7 0.00e+00 0.0 2.0e+02 3.8e+04 0.0e+00  0  0  1 16  0   1  0  2 32  0     0       0      0 0.00e+00    0 0.00e+00  0
SFReduceEnd            8 1.0 1.4836e-02 7.7 6.51e+02 0.0 0.0e+00 0.0e+00 0.0e+00  0  0  0  0  0   2  0  0  0  0     0       0      0 0.00e+00    0 0.00e+00 100
SFPack               294 1.0 8.9974e-04 1.7 0.00e+00 0.0 0.0e+00 0.0e+00 0.0e+00  0  0  0  0  0   0  0  0  0  0     0       0      4 9.38e-03    0 0.00e+00  0
SFUnpack             294 1.0 2.4536e-04 3.9 3.74e+03 25.5 0.0e+00 0.0e+00 0.0e+00  0  0  0  0  0   0  0  0  0  0    53       0      1 4.23e-04    0 0.00e+00 100
VecTDot              118 1.0 1.1275e-02 1.7 2.21e+05 1.4 0.0e+00 0.0e+00 0.0e+00  0  0  0  0  0   2  0  0  0  0   131       0      0 0.00e+00    0 0.00e+00 100
VecNorm               35 1.0 2.1934e-03 1.2 7.37e+04 1.4 0.0e+00 0.0e+00 0.0e+00  0  0  0  0  0   0  0  0  0  0   224       0      0 0.00e+00    0 0.00e+00 100
VecCopy               82 1.0 4.6751e-04 1.9 0.00e+00 0.0 0.0e+00 0.0e+00 0.0e+00  0  0  0  0  0   0  0  0  0  0     0       0      0 0.00e+00    0 0.00e+00  0
VecSet                44 1.0 2.1131e-04 1.9 0.00e+00 0.0 0.0e+00 0.0e+00 0.0e+00  0  0  0  0  0   0  0  0  0  0     0       0      0 0.00e+00    0 0.00e+00  0
VecAXPY              106 1.0 4.9797e-04 1.5 2.03e+05 1.4 0.0e+00 0.0e+00 0.0e+00  0  0  0  0  0   0  0  0  0  0  2723       0      0 0.00e+00    0 0.00e+00 100
VecAYPX              191 1.0 8.2897e-04 1.6 3.10e+05 1.4 0.0e+00 0.0e+00 0.0e+00  0  0  0  0  0   0  1  0  0  0  2521       0      0 0.00e+00    0 0.00e+00 100
VecAXPBYCZ            48 1.0 6.2203e-04 1.2 1.84e+05 1.4 0.0e+00 0.0e+00 0.0e+00  0  0  0  0  0   0  0  0  0  0  2001       0      0 0.00e+00    0 0.00e+00 100
VecAssemblyBegin      62 1.0 2.2231e-02 8.1 0.00e+00 0.0 0.0e+00 0.0e+00 0.0e+00  1  0  0  0  0   3  0  0  0  0     0       0      0 0.00e+00    0 0.00e+00  0
VecAssemblyEnd        62 1.0 1.0729e-04 1.3 0.00e+00 0.0 0.0e+00 0.0e+00 0.0e+00  0  0  0  0  0   0  0  0  0  0     0       0      0 0.00e+00    0 0.00e+00  0
VecPointwiseMult      34 1.0 1.7722e-04 1.7 1.69e+04 1.4 0.0e+00 0.0e+00 0.0e+00  0  0  0  0  0   0  0  0  0  0   645       0      0 0.00e+00    0 0.00e+00 100
VecReciprocal          7 1.0 1.8123e-03 1.1 0.00e+00 0.0 0.0e+00 0.0e+00 0.0e+00  0  0  0  0  0   0  0  0  0  0     0       0      0 0.00e+00    0 0.00e+00  0
VecSetValues       12028 1.4 1.9853e-02 1.5 0.00e+00 0.0 0.0e+00 0.0e+00 0.0e+00  1  0  0  0  0   4  0  0  0  0     0       0      0 0.00e+00    0 0.00e+00  0
VecScatterBegin      261 1.0 4.4377e-02 2.5 0.00e+00 0.0 8.7e+03 8.2e+02 0.0e+00  2  0 44 15  0   7  0 75 30  0     0       0     48 2.29e-01    0 0.00e+00  0
VecScatterEnd        261 1.0 3.0456e-02 3.4 3.74e+03 0.0 0.0e+00 0.0e+00 0.0e+00  1  0  0  0  0   5  0  0  0  0     0       0      1 4.23e-04    0 0.00e+00 100
MatMult              185 1.0 3.2736e-02 1.2 3.89e+07 1.6 6.4e+03 8.7e+02 0.0e+00  2 36 32 12  0   7 77 55 24  0  7519       0      2 3.08e-01    0 0.00e+00 100
MatMultAdd            24 1.0 1.8464e-03 1.5 9.75e+05 1.5 3.7e+02 2.3e+02 0.0e+00  0  1  2  0  0   0  2  3  0  0  3416       0      0 0.00e+00    0 0.00e+00 100
MatMultTranspose      24 1.0 2.5857e-03 2.6 9.75e+05 1.5 3.7e+02 2.3e+02 0.0e+00  0  1  2  0  0   0  2  3  0  0  2444       0      1 4.23e-04    0 0.00e+00 100
MatScale               6 1.0 1.7202e-03 1.6 1.29e+05 1.5 6.8e+01 3.0e+02 0.0e+00  0  0  0  0  0   0  0  1  0  0   501       0      6 3.93e-02    0 0.00e+00 100
MatResidual           24 1.0 2.3373e-03 1.2 5.87e+06 1.6 1.0e+03 8.5e+02 0.0e+00  0  6  5  2  0   1 12  9  4  0 15975       0      0 0.00e+00    0 0.00e+00 100
MatAssemblyBegin      34 1.0 2.4480e-03 1.8 0.00e+00 0.0 7.8e+01 2.9e+03 0.0e+00  0  0  0  0  0   0  0  1  1  0     0       0      0 0.00e+00    0 0.00e+00  0
MatAssemblyEnd        34 1.0 3.7110e-02 3.2 0.00e+00 0.0 6.8e+02 9.1e+01 1.6e+01  1  0  3  0 12   6  0  6  0 25     0       0      0 0.00e+00    0 0.00e+00  0
MatSetValues        2224 1.3 5.9337e-03 1.4 9.22e+03 1.4 0.0e+00 0.0e+00 0.0e+00  0  0  0  0  0   1  0  0  0  0    10       0      0 0.00e+00    3 2.63e-01  0
MatGetValues         512 1.4 9.4839e-04 1.4 0.00e+00 0.0 0.0e+00 0.0e+00 0.0e+00  0  0  0  0  0   0  0  0  0  0     0       0      0 0.00e+00    0 0.00e+00  0
MatGetRow           7168 1.4 1.3890e-02 1.3 0.00e+00 0.0 0.0e+00 0.0e+00 0.0e+00  1  0  0  0  0   3  0  0  0  0     0       0      0 0.00e+00    4 2.16e-01  0
MatCreateSubMat        2 1.0 4.5161e-03 1.0 0.00e+00 0.0 6.2e+01 6.0e+01 1.0e+01  0  0  0  0  7   1  0  1  0 15     0       0      0 0.00e+00    1 0.00e+00  0
MatCoarsen             2 1.0 4.8252e-03 1.2 0.00e+00 0.0 6.1e+02 3.4e+02 9.0e+00  0  0  3  0  6   1  0  5  1 14     0       0      1 1.40e-05    0 0.00e+00  0
MatAXPY                2 1.0 1.0951e-02 1.4 9.22e+03 1.4 0.0e+00 0.0e+00 0.0e+00  0  0  0  0  0   2  0  0  0  0     6       0      0 0.00e+00    3 2.63e-01  0
MatTranspose           1 1.0 1.2314e-03 1.0 0.00e+00 0.0 3.5e+01 1.9e+01 3.0e+00  0  0  0  0  2   0  0  0  0  5     0       0      1 1.40e-05    0 0.00e+00  0
MatMatMultSym          2 1.0 4.3823e-02 1.0 0.00e+00 0.0 6.5e+02 1.4e+03 6.0e+00  2  0  3  2  4  11  0  6  4  9     0       0      4 6.22e-02    0 0.00e+00  0
MatMatMultNum          2 1.0 5.2100e-07 1.2 0.00e+00 0.0 0.0e+00 0.0e+00 0.0e+00  0  0  0  0  0   0  0  0  0  0     0       0      0 0.00e+00    0 0.00e+00  0
MatPtAPSymbolic        2 1.0 5.8167e-02 1.0 0.00e+00 0.0 8.3e+02 8.6e+03 1.2e+01  3  0  4 15  9  14  0  7 30 18     0       0      4 2.63e-01    0 0.00e+00  0
MatPtAPNumeric         2 1.0 4.3000e-07 1.3 0.00e+00 0.0 0.0e+00 0.0e+00 0.0e+00  0  0  0  0  0   0  0  0  0  0     0       0      0 0.00e+00    0 0.00e+00  0
MatTrnMatMultSym       1 1.0 3.5674e-02 1.0 0.00e+00 0.0 4.5e+02 1.8e+04 3.0e+00  2  0  2 17  2   9  0  4 34  5     0       0      0 0.00e+00    0 0.00e+00  0
MatCreateGraph         2 1.0 1.8585e-02 1.0 5.40e+04 1.7 2.0e+02 1.5e+02 6.0e+00  1  0  1  0  4   4  0  2  0  9    18       0      8 1.72e-01    3 5.14e-02 100
KSPSetUp               1 1.0 5.2382e-05 1.1 0.00e+00 0.0 0.0e+00 0.0e+00 0.0e+00  0  0  0  0  0   0  0  0  0  0     0       0      0 0.00e+00    0 0.00e+00  0
KSPSolve               1 1.0 1.8768e-02 1.0 3.20e+07 1.6 5.4e+03 7.9e+02 0.0e+00  1 30 27  9  0   5 63 47 18  0 10881       0      1 4.23e-04    0 0.00e+00 100
SNESSolve              1 1.0 5.0673e-01 1.7 4.88e+07 1.5 1.2e+04 2.0e+03 6.5e+01 22 48 59 50 47 100 100 100 100 100   635       0     66 2.25e+00   43 7.65e-01 84
SNESSetUp              1 1.0 4.4676e-05 1.1 0.00e+00 0.0 0.0e+00 0.0e+00 0.0e+00  0  0  0  0  0   0  0  0  0  0     0       0      0 0.00e+00    0 0.00e+00  0
SNESFunctionEval       1 1.0 2.2036e-01 22.6 6.44e+06 1.0 3.8e+01 9.1e+02 0.0e+00  7  8  0  0  0  31 16  0  0  0   234       0      2 3.50e-02    3 5.25e-02  0
PCSetUp_GAMG+          1 1.0 2.6746e-01 1.0 1.03e+07 1.6 6.2e+03 3.1e+03 6.5e+01 14 10 31 41 47  64 20 53 82 100   247       0     63 2.22e+00   40 7.12e-01 100
 PCGAMGCreateG         2 1.0 1.8589e-02 1.0 5.40e+04 1.7 2.0e+02 1.5e+02 6.0e+00  1  0  1  0  4   4  0  2  0  9    18       0      8 1.72e-01    3 5.14e-02 100
 GAMG Coarsen          4 1.0 6.9425e-02 1.0 0.00e+00 0.0 1.3e+03 6.3e+03 1.2e+01  4  0  7 18  9  17  0 11 36 18     0       0      6 1.72e-02    8 1.99e-01  0
  GAMG MIS/Agg         2 1.0 4.0508e-02 1.0 0.00e+00 0.0 1.1e+03 7.7e+03 1.2e+01  2  0  5 17  9  10  0  9 34 18     0       0      1 1.40e-05    0 0.00e+00  0
 PCGAMGProl            2 1.0 2.5225e-02 1.0 0.00e+00 0.0 1.4e+03 9.8e+02 6.0e+00  1  0  7  3  4   6  0 12  6  9     0       0     38 2.02e-01   19 1.38e-01  0
  GAMG Prol-col        2 1.0 2.2573e-02 1.0 0.00e+00 0.0 1.2e+03 8.9e+02 0.0e+00  1  0  6  2  0   5  0 11  5  0     0       0     38 2.02e-01   19 1.38e-01  0
  GAMG Prol-lift       2 1.0 2.1158e-03 1.0 0.00e+00 0.0 1.2e+02 2.0e+03 2.0e+00  0  0  1  0  1   1  0  1  1  3     0       0      0 0.00e+00    0 0.00e+00  0
 PCGAMGOptProl         2 1.0 7.4060e-02 1.0 5.12e+06 1.6 1.5e+03 1.1e+03 6.0e+00  4  5  7  3  4  17 10 13  7  9   441       0      8 1.56e+00    3 2.63e-01 100
  GAMG smooth          2 1.0 5.5232e-02 1.1 8.94e+04 1.5 6.5e+02 1.4e+03 6.0e+00  3  0  3  2  4  13  0  6  4  9    11       0      4 6.22e-02    3 2.63e-01 89
 PCGAMGCreateL         2 1.0 6.8907e-02 1.0 0.00e+00 0.0 9.4e+02 7.6e+03 3.4e+01  4  0  5 15 24  16  0  8 30 52     0       0      4 2.63e-01    1 0.00e+00  0
  GAMG PtAP            2 1.0 5.8185e-02 1.0 0.00e+00 0.0 8.3e+02 8.6e+03 1.2e+01  3  0  4 15  9  14  0  7 30 18     0       0      4 2.63e-01    0 0.00e+00  0
  GAMG Reduce          2 1.0 6.8900e-02 1.0 0.00e+00 0.0 9.4e+02 7.6e+03 3.4e+01  4  0  5 15 24  16  0  8 30 52     0       0      4 2.63e-01    1 0.00e+00  0
PCGAMG Squ l00         1 1.0 3.5678e-02 1.0 0.00e+00 0.0 4.5e+02 1.8e+04 3.0e+00  2  0  2 17  2   9  0  4 34  5     0       0      0 0.00e+00    0 0.00e+00  0
PCGAMG Gal l00         1 1.0 4.1991e-02 1.0 0.00e+00 0.0 6.2e+02 1.1e+04 6.0e+00  2  0  3 14  4  10  0  5 28  9     0       0      2 2.58e-01    0 0.00e+00  0
PCGAMG Opt l00         1 1.0 3.2980e-02 1.0 0.00e+00 0.0 4.4e+02 1.7e+03 3.0e+00  2  0  2  2  2   8  0  4  3  5     0       0      2 6.07e-02    0 0.00e+00  0
PCGAMG Gal l01         1 1.0 1.6195e-02 1.0 0.00e+00 0.0 2.1e+02 2.5e+03 6.0e+00  1  0  1  1  4   4  0  2  2  9     0       0      2 4.86e-03    0 0.00e+00  0
PCGAMG Opt l01         1 1.0 1.0867e-02 1.0 0.00e+00 0.0 2.1e+02 7.7e+02 3.0e+00  1  0  1  0  2   3  0  2  1  5     0       0      2 1.48e-03    0 0.00e+00  0
PCSetUp                1 1.0 2.6747e-01 1.0 1.03e+07 1.6 6.2e+03 3.1e+03 6.5e+01 14 10 31 41 47  64 20 53 82 100   247       0     63 2.22e+00   40 7.12e-01 100
PCApply               12 1.0 1.5357e-02 1.0 2.60e+07 1.5 4.8e+03 7.5e+02 0.0e+00  1 25 24  8  0   4 52 41 15  0 10860       0      1 4.23e-04    0 0.00e+00 100

--- Event Stage 3: Hot Solve

DMPlexResidualFE       1 1.0 7.0079e-03 1.0 6.38e+06 1.0 0.0e+00 0.0e+00 0.0e+00  0  8  0  0  0   6 18  0  0  0  7279       0      0 0.00e+00    2 3.50e-02  0
SFBcastBegin           3 1.0 3.1925e-03 14.4 0.00e+00 0.0 1.0e+02 2.4e+04 0.0e+00  0  0  1  5  0   1  0  2 28  0     0       0      0 0.00e+00    0 0.00e+00  0
SFBcastEnd             3 1.0 2.1652e-02 3.8 0.00e+00 0.0 0.0e+00 0.0e+00 0.0e+00  1  0  0  0  0  15  0  0  0  0     0       0      0 0.00e+00    0 0.00e+00  0
SFReduceBegin          3 1.0 2.6242e-03 38.9 0.00e+00 0.0 5.0e+01 2.3e+04 0.0e+00  0  0  0  2  0   1  0  1 13  0     0       0      0 0.00e+00    0 0.00e+00  0
SFReduceEnd            3 1.0 4.8664e-02 16.0 6.51e+02 0.0 0.0e+00 0.0e+00 0.0e+00  2  0  0  0  0  28  0  0  0  0     0       0      0 0.00e+00    0 0.00e+00 100
SFPack               182 1.0 5.2750e-04 2.0 0.00e+00 0.0 0.0e+00 0.0e+00 0.0e+00  0  0  0  0  0   0  0  0  0  0     0       0      0 0.00e+00    0 0.00e+00  0
SFUnpack             182 1.0 1.3913e-04 4.7 3.74e+03 25.5 0.0e+00 0.0e+00 0.0e+00  0  0  0  0  0   0  0  0  0  0    93       0      0 0.00e+00    0 0.00e+00 100
VecTDot               72 1.0 4.7004e-03 1.3 1.51e+05 1.4 0.0e+00 0.0e+00 0.0e+00  0  0  0  0  0   4  0  0  0  0   214       0      0 0.00e+00    0 0.00e+00 100
VecNorm               35 1.0 5.0572e-03 3.0 7.37e+04 1.4 0.0e+00 0.0e+00 0.0e+00  0  0  0  0  0   3  0  0  0  0    97       0      0 0.00e+00    0 0.00e+00 100
VecCopy               78 1.0 4.1267e-04 1.9 0.00e+00 0.0 0.0e+00 0.0e+00 0.0e+00  0  0  0  0  0   0  0  0  0  0     0       0      0 0.00e+00    0 0.00e+00  0
VecSet                42 1.0 1.7518e-04 1.8 0.00e+00 0.0 0.0e+00 0.0e+00 0.0e+00  0  0  0  0  0   0  0  0  0  0     0       0      0 0.00e+00    0 0.00e+00  0
VecAXPY               66 1.0 2.8751e-04 1.5 1.41e+05 1.4 0.0e+00 0.0e+00 0.0e+00  0  0  0  0  0   0  0  0  0  0  3274       0      0 0.00e+00    0 0.00e+00 100
VecAYPX              173 1.0 7.0327e-04 1.7 2.83e+05 1.4 0.0e+00 0.0e+00 0.0e+00  0  0  0  0  0   0  1  0  0  0  2706       0      0 0.00e+00    0 0.00e+00 100
VecAXPBYCZ            48 1.0 2.0568e-04 1.7 1.84e+05 1.4 0.0e+00 0.0e+00 0.0e+00  0  0  0  0  0   0  0  0  0  0  6051       0      0 0.00e+00    0 0.00e+00 100
VecPointwiseMult      12 1.0 5.6109e-05 2.9 2.88e+02 0.0 0.0e+00 0.0e+00 0.0e+00  0  0  0  0  0   0  0  0  0  0     5       0      0 0.00e+00    0 0.00e+00 100
VecReciprocal          1 1.0 5.0400e-06 3.4 0.00e+00 0.0 0.0e+00 0.0e+00 0.0e+00  0  0  0  0  0   0  0  0  0  0     0       0      0 0.00e+00    0 0.00e+00  0
VecScatterBegin      176 1.0 9.9184e-03 2.1 0.00e+00 0.0 6.3e+03 8.0e+02 0.0e+00  0  0 32 11  0   6  0 98 58  0     0       0      0 0.00e+00    0 0.00e+00  0
VecScatterEnd        176 1.0 8.2227e-03 3.8 3.74e+03 0.0 0.0e+00 0.0e+00 0.0e+00  0  0  0  0  0   5  0  0  0  0     1       0      0 0.00e+00    0 0.00e+00 100
MatMult              165 1.0 1.2363e-02 1.2 3.40e+07 1.6 5.5e+03 8.8e+02 0.0e+00  1 32 28 10  0  10 75 86 56  0 17409       0      0 0.00e+00    0 0.00e+00 100
MatMultAdd            24 1.0 1.6765e-03 1.4 9.75e+05 1.5 3.7e+02 2.3e+02 0.0e+00  0  1  2  0  0   1  2  6  1  0  3762       0      0 0.00e+00    0 0.00e+00 100
MatMultTranspose      24 1.0 1.9332e-03 2.6 9.75e+05 1.5 3.7e+02 2.3e+02 0.0e+00  0  1  2  0  0   1  2  6  1  0  3268       0      0 0.00e+00    0 0.00e+00 100
MatResidual           24 1.0 2.2984e-03 1.1 5.87e+06 1.6 1.0e+03 8.5e+02 0.0e+00  0  6  5  2  0   2 13 16 10  0 16245       0      0 0.00e+00    0 0.00e+00 100
MatPtAPNumeric         2 1.0 7.2473e-02 1.1 0.00e+00 0.0 1.2e+02 3.1e+04 0.0e+00  4  0  1  7  0  63  0  2 41  0     0       0      0 0.00e+00    0 0.00e+00  0
KSPSetUp               1 1.0 1.9000e-07 1.9 0.00e+00 0.0 0.0e+00 0.0e+00 0.0e+00  0  0  0  0  0   0  0  0  0  0     0       0      0 0.00e+00    0 0.00e+00  0
KSPSolve               1 1.0 1.7164e-02 1.0 3.20e+07 1.6 5.4e+03 7.9e+02 0.0e+00  1 30 27  9  0  16 71 85 50  0 11898       0      0 0.00e+00    0 0.00e+00 100
SNESSolve              1 1.0 1.1024e-01 1.0 4.36e+07 1.4 6.4e+03 1.3e+03 0.0e+00  6 43 32 18  0 100 100 100 100  0  2619       0      4 6.68e-02    3 5.25e-02 82
SNESFunctionEval       1 1.0 1.6447e-02 1.3 6.44e+06 1.0 3.8e+01 9.1e+02 0.0e+00  1  8  0  0  0  14 18  1  0  0  3134       0      2 3.50e-02    3 5.25e-02  0
PCSetUp_GAMG+          1 1.0 8.0178e-02 1.0 5.15e+06 1.6 9.6e+02 4.5e+03 0.0e+00  4  5  5  9  0  71 11 15 49  0   411       0      2 3.19e-02    0 0.00e+00 100
PCGAMG Gal l00         1 1.0 6.8019e-02 1.4 0.00e+00 0.0 8.4e+01 3.9e+04 0.0e+00  3  0  0  7  0  54  0  1 38  0     0       0      0 0.00e+00    0 0.00e+00  0
PCGAMG Gal l01         1 1.0 2.0392e-02 36.0 0.00e+00 0.0 3.1e+01 8.5e+03 0.0e+00  1  0  0  1  0  10  0  0  3  0     0       0      0 0.00e+00    0 0.00e+00  0
PCSetUp                1 1.0 8.0180e-02 1.0 5.15e+06 1.6 9.6e+02 4.5e+03 0.0e+00  4  5  5  9  0  71 11 15 49  0   411       0      2 3.19e-02    0 0.00e+00 100
PCApply               12 1.0 1.3836e-02 1.0 2.60e+07 1.5 4.8e+03 7.5e+02 0.0e+00  1 25 24  8  0  12 58 74 42  0 12054       0      0 0.00e+00    0 0.00e+00 100
---------------------------------------------------------------------------------------------------------------------------------------------------------------

Object Type          Creations   Destructions. Reports information only for process 0.

--- Event Stage 0: Main Stage

           Container     2             34
    Distributed Mesh     0             37
            DM Label     0             57
          Quadrature     1            236
           Index Set    25            128
   IS L to G Mapping     0             97
             Section     0            114
   Star Forest Graph     0             71
     Discrete System     0             37
           Weak Form     0             38
    GraphPartitioner     0             15
              Vector     1             60
        Linear Space     0              6
          Dual Space     0             16
            FE Space     0              4
              Matrix     0             47
      Matrix Coarsen     0              1
   Matrix Null Space     0              1
                SNES     0              1
              DMSNES     0              1
       Krylov Solver     0              6
     DMKSP interface     0              1
       Field over DM     1              1
      Preconditioner     0              4
              Viewer     0              1

--- Event Stage 1: Mesh Setup

           Container    93             61
    Distributed Mesh   118             82
            DM Label   296            239
          Quadrature   533            298
           Index Set  1338           1241
   IS L to G Mapping   290            193
             Section   390            276
   Star Forest Graph   313            254
     Discrete System   175            139
           Weak Form   177            140
    GraphPartitioner    53             38
              Vector    78             51
  PetscDeviceContext     1              0
        Linear Space    12              6
          Dual Space    63             47
            FE Space     6              2
              Matrix   178            151
   Matrix Null Space     1              0
                SNES     1              0
              DMSNES     1              0
       Krylov Solver     1              0
       Field over DM     1              1
      Preconditioner     1              0
              Viewer     1              0

--- Event Stage 2: Solve 0

           Container     1              1
    Distributed Mesh     1              0
          Quadrature     1              1
           Index Set    84             78
   Star Forest Graph    30             18
     Discrete System     1              0
           Weak Form     1              0
              Vector   146            114
              Matrix    50             30
      Matrix Coarsen     2              1
       Krylov Solver     8              3
     DMKSP interface     1              0
      Preconditioner     8              5
         PetscRandom     2              2

--- Event Stage 3: Hot Solve

          Quadrature     1              1
           Index Set    33             33
              Vector     6              6
========================================================================================================================
Average time to get PetscTime(): 3.11e-08
Average time for MPI_Barrier(): 1.50512e-05
Average time for zero size MPI_Send(): 1.40598e-05
#PETSc Option Table entries:
-dm_mat_type mpiaijkokkos # (source: command line)
-dm_plex_box_faces 8,8,8 # (source: command line)
-dm_plex_dim 3 # (source: command line)
-dm_plex_simplex 0 # (source: command line)
-dm_vec_type kokkos # (source: command line)
-ksp_converged_reason # (source: command line)
-ksp_norm_type unpreconditioned # (source: command line)
-ksp_rtol 1e-6 # (source: command line)
-ksp_type cg # (source: command line)
-log_view # (source: command line)
-max_conv_its 1 # (source: command line)
-mg_coarse_pc_type jacobi # (source: command line)
-mg_levels_ksp_type chebyshev # (source: command line)
-mg_levels_pc_type pbjacobi # (source: command line)
-n_solves 2 # (source: command line)
-pc_gamg_agg_nsmooths 1 # (source: command line)
-pc_gamg_reuse_interpolation true # (source: command line)
-pc_gamg_type agg # (source: command line)
-pc_type gamg # (source: command line)
-petscpartitioner_simple_process_grid 2,2,2 # (source: command line)
-petscspace_degree 2 # (source: command line)
-run_type 1 # (source: command line)
-snes_lag_jacobian -2 # (source: command line)
-snes_type ksponly # (source: command line)
-use_mat_nearnullspace true # (source: command line)
#End of PETSc Option Table entries
Compiled without FORTRAN kernels
Compiled with full precision matrices (default)
sizeof(short) 2 sizeof(int) 4 sizeof(long) 8 sizeof(void*) 8 sizeof(PetscScalar) 8 sizeof(PetscInt) 4
Configure options: --with-kokkos-dir=/global/homes/m/madams/petsc/arch-perlmutter-opt-gcc-kokkos-cuda-notpl --with-kokkos-kernels-dir=/global/homes/m/madams/petsc/arch-perlmutter-opt-gcc-kokkos-cuda-notpl --with-triangle-dir=/global/homes/m/madams/petsc/arch-perlmutter-opt-gcc-kokkos-cuda-notpl --with-batch=0 --with-cc=cc --with-cxx=CC --with-fc=0 --with-debugging=0 --with-cuda=1 --with-cuda-arch=80 --with-kokkos-kernels-tpl=0 --with-make-np=8 --with-mpiexec=srun -G4 --gpu-bind=none PETSC_ARCH=arch-perlmutter-opt-gcc-kokkos-cuda-notpl
-----------------------------------------
Libraries compiled on 2026-06-22 14:37:25 on login21
Machine characteristics: Linux-6.4.0-150600.23.103_15.0.24-cray_shasta_c-x86_64-with-glibc2.3.4
Using PETSc directory: /global/u2/m/madams/petsc
Using PETSc arch: arch-perlmutter-opt-gcc-kokkos-cuda-notpl
-----------------------------------------

Using C compiler: cc  -fPIC -Wall -Wwrite-strings -Wno-unknown-pragmas -Wno-lto-type-mismatch -Wno-stringop-overflow -fstack-protector -fvisibility=hidden -g -O 
-----------------------------------------

Using include paths: -I/global/u2/m/madams/petsc/include -I/global/u2/m/madams/petsc/arch-perlmutter-opt-gcc-kokkos-cuda-notpl/include -I/global/homes/m/madams/petsc/arch-perlmutter-opt-gcc-kokkos-cuda-notpl/include -I/opt/nvidia/hpc_sdk/Linux_x86_64/25.5/cuda/12.9/include -I/opt/nvidia/hpc_sdk/Linux_x86_64/25.5/math_libs/12.9/include
-----------------------------------------

Using C linker: cc
Using libraries: -Wl,-rpath,/global/u2/m/madams/petsc/arch-perlmutter-opt-gcc-kokkos-cuda-notpl/lib -L/global/u2/m/madams/petsc/arch-perlmutter-opt-gcc-kokkos-cuda-notpl/lib -lpetsc -Wl,-rpath,/global/homes/m/madams/petsc/arch-perlmutter-opt-gcc-kokkos-cuda-notpl/lib -L/global/homes/m/madams/petsc/arch-perlmutter-opt-gcc-kokkos-cuda-notpl/lib -Wl,-rpath,/opt/nvidia/hpc_sdk/Linux_x86_64/25.5/cuda/12.9/lib64 -L/opt/nvidia/hpc_sdk/Linux_x86_64/25.5/cuda/12.9/lib64 -Wl,-rpath,/opt/nvidia/hpc_sdk/Linux_x86_64/25.5/math_libs/12.9/lib64 -L/opt/nvidia/hpc_sdk/Linux_x86_64/25.5/math_libs/12.9/lib64 -L/opt/nvidia/hpc_sdk/Linux_x86_64/25.5/cuda/12.9/lib64/stubs -lkokkoskernels -lkokkoscontainers -lkokkoscore -lkokkossimd -ltriangle -lcudart -lnvtx3interop -lcufft -lcublas -lcusparse -lcusolver -lcurand -lcuda -lnvidia-ml -lX11 -lstdc++ -lquadmath
-----------------------------------------

    Linear solve converged due to CONVERGED_RTOL iterations 12
    Linear solve converged due to CONVERGED_RTOL iterations 12
[0] 0) N=       10125, max displ=5.9006648e+01, error=7.471e-01
****************************************************************************************************************************************************************
***                                WIDEN YOUR WINDOW TO 160 CHARACTERS.  Use 'enscript -r -fCourier9' to print this document                                 ***
****************************************************************************************************************************************************************

------------------------------------------------------------------ PETSc Performance Summary: ------------------------------------------------------------------



      ##########################################################
      #                                                        #
      #                       WARNING!!!                       #
      #                                                        #
      #   This code was run with -log_view_gpu_time            #
      #   This provides accurate timing within the GPU kernels #
      #   but can slow down the entire computation by a        #
      #   measurable amount. For fastest runs we recommend     #
      #   not using this option.                               #
      #                                                        #
      ##########################################################


/global/homes/m/madams/petsc/arch-perlmutter-opt-gcc-kokkos-cuda-notpl/tests/snes/tutorials/ex56 on a arch-perlmutter-opt-gcc-kokkos-cuda-notpl named nid001161 with 8 processes and CUDA architecture 80, by madams on Mon Jun 22 07:47:43 2026
Using PETSc Development Git Revision: v3.25.2-340-g83d2bd4a8b4 Git Date: 2026-06-21 14:23:19 -0400

                         Max       Max/Min     Avg       Total
Time (sec):           1.853e+00     1.000   1.853e+00
Objects:              0.000e+00     0.000   0.000e+00
Flops:                1.008e+08     1.407   8.451e+07  6.760e+08
Flops/sec:            5.439e+07     1.407   4.559e+07  3.648e+08
MPI Msg Count:        3.093e+03     1.501   2.485e+03  1.988e+04
MPI Msg Len (bytes):  6.506e+06     1.193   2.381e+03  4.734e+07
MPI Reductions:       1.390e+02     1.000

Flop counting convention: 1 flop = 1 real number operation of type (multiply/divide/add/subtract)
                            e.g., VecAXPY() for real vectors of length N --> 2N flops
                            and VecAXPY() for complex vectors of length N --> 8N flops

Summary of Stages:   ----- Time ------  ----- Flop ------  --- Messages ---  -- Message Lengths --  -- Reductions --
                        Avg     %Total     Avg     %Total    Count   %Total     Avg         %Total    Count   %Total
 0:      Main Stage: 7.4281e-01  40.1%  5.5911e+07   8.3%  9.500e+01   0.5%  4.538e+04        9.1%  3.000e+00   2.2%
 1:      Mesh Setup: 5.8604e-01  31.6%  9.7008e+06   1.4%  1.682e+03   8.5%  6.449e+03       22.9%  5.400e+01  38.8%
 2:         Solve 0: 4.6439e-01  25.1%  3.2173e+08  47.6%  1.166e+04  58.7%  2.022e+03       49.8%  6.500e+01  46.8%
 3:       Hot Solve: 6.0166e-02   3.2%  2.8871e+08  42.7%  6.441e+03  32.4%  1.335e+03       18.2%  0.000e+00   0.0%

------------------------------------------------------------------------------------------------------------------------
See the 'Profiling' chapter of the users' manual for details on interpreting output.
Phase summary info:
   Count: number of times phase was executed
   Time and Flop: Max - maximum over all processes
                  Ratio - ratio of maximum to minimum over all processes
   Mess: number of messages sent
   AvgLen: average message length (bytes)
   Reduct: number of global reductions
   Global: entire computation
   Stage: stages of a computation. Set stages with PetscLogStagePush() and PetscLogStagePop().
      %T - percent time in this phase         %F - percent flop in this phase
      %M - percent messages in this phase     %L - percent message lengths in this phase
      %R - percent reductions in this phase
   Total Mflop/s: 1e-6 * (sum of flop over all processes)/(max time over all processes)
   GPU Mflop/s: 1e-6 * (sum of flop on GPU over all processes)/(max GPU time over all processes)
   CpuToGpu Count: total number of CPU to GPU copies per processor
   CpuToGpu Size (Mbytes): 1e-6 * (total size of CPU to GPU copies per processor)
   GpuToCpu Count: total number of GPU to CPU copies per processor
   GpuToCpu Size (Mbytes): 1e-6 * (total size of GPU to CPU copies per processor)
   GPU %F: percent flops on GPU in this event
------------------------------------------------------------------------------------------------------------------------
Event                Count      Time (sec)     Flop                              --- Global ---  --- Stage ----  Total   GPU    - CpuToGpu -   - GpuToCpu - GPU
                   Max Ratio  Max     Ratio   Max  Ratio  Mess   AvgLen  Reduct  %T %F %M %L %R  %T %F %M %L %R Mflop/s Mflop/s Count   Size   Count   Size  %F
---------------------------------------------------------------------------------------------------------------------------------------------------------------

--- Event Stage 0: Main Stage

BuildTwoSided          2 1.0 4.0301e-03 32.0 0.00e+00 0.0 3.8e+01 4.0e+00 0.0e+00  0  0  0  0  0   0  0 40  0  0     0       0      0 0.00e+00    0 0.00e+00  0
BuildTwoSidedF         1 1.0 4.2060e-03 22.5 0.00e+00 0.0 3.8e+01 1.1e+05 0.0e+00  0  0  0  9  0   0  0 40 99  0     0       0      0 0.00e+00    0 0.00e+00  0
DMPlexJacobianFE       1 1.0 8.1550e-01 1.4 6.81e+06 1.0 3.8e+01 1.1e+05 0.0e+00 37  8  0  9  0  93 96 40 99  0    66       0      0 0.00e+00    3 1.51e+00  0
SFSetGraph             1 1.0 1.0290e-05 1.0 0.00e+00 0.0 0.0e+00 0.0e+00 0.0e+00  0  0  0  0  0   0  0  0  0  0     0       0      0 0.00e+00    0 0.00e+00  0
SFSetUp                1 1.0 1.6654e-04 1.3 0.00e+00 0.0 3.8e+01 2.3e+02 0.0e+00  0  0  0  0  0   0  0 40  0  0     0       0      0 0.00e+00    0 0.00e+00  0
SFBcastBegin           1 1.0 7.5371e-03 1.3 0.00e+00 0.0 1.9e+01 9.1e+02 0.0e+00  0  0  0  0  0   1  0 20  0  0     0       0      2 6.14e-03    0 0.00e+00  0
SFBcastEnd             1 1.0 3.5951e-03 2.4 0.00e+00 0.0 0.0e+00 0.0e+00 0.0e+00  0  0  0  0  0   0  0  0  0  0     0       0      1 1.08e-03    0 0.00e+00  0
SFPack                 1 1.0 5.6804e-03 43362.2 0.00e+00 0.0 0.0e+00 0.0e+00 0.0e+00  0  0  0  0  0   1  0  0  0  0     0       0      1 1.08e-03    0 0.00e+00  0
SFUnpack               1 1.0 6.1128e-05 470.2 0.00e+00 0.0 0.0e+00 0.0e+00 0.0e+00  0  0  0  0  0   0  0  0  0  0     0       0      1 1.08e-03    0 0.00e+00  0
VecNorm                1 1.0 2.5232e-04 1.1 0.00e+00 0.0 0.0e+00 0.0e+00 0.0e+00  0  0  0  0  0   0  0  0  0  0     0       0      0 0.00e+00    0 0.00e+00  0
VecSet                 2 1.0 3.3955e-05 1.0 0.00e+00 0.0 0.0e+00 0.0e+00 0.0e+00  0  0  0  0  0   0  0  0  0  0     0       0      0 0.00e+00    0 0.00e+00  0
DCtxDestroy            1 1.0 2.0991e-05 1.1 0.00e+00 0.0 0.0e+00 0.0e+00 0.0e+00  0  0  0  0  0   0  0  0  0  0     0       0      0 0.00e+00    0 0.00e+00  0
MatMult               37 1.0 9.2520e-06 1.0 3.00e+03 1.0 0.0e+00 0.0e+00 0.0e+00  0  0  0  0  0   0  0  0  0  0  2591       0      0 0.00e+00    0 0.00e+00  0
MatScale               1 1.0 3.3715e-05 1.0 2.43e+05 1.7 0.0e+00 0.0e+00 0.0e+00  0  0  0  0  0   0  3  0  0  0 44413   108821      0 0.00e+00    0 0.00e+00 100
MatAssemblyBegin       1 1.0 4.2177e-03 1.1 0.00e+00 0.0 3.8e+01 1.1e+05 0.0e+00  0  0  0  9  0   1  0 40 99  0     0       0      0 0.00e+00    0 0.00e+00  0
MatAssemblyEnd         1 1.0 2.1683e-01 1466.4 7.06e+04 0.0 0.0e+00 0.0e+00 0.0e+00  5  0  0  0  0  13  0  0  0  0     1       0      0 0.00e+00    0 0.00e+00  0
MatSetValues          64 1.0 4.2886e-03 1.1 2.68e+05 1.4 0.0e+00 0.0e+00 0.0e+00  0  0  0  0  0   1  3  0  0  0   431       0      0 0.00e+00    2 1.50e+00  0
MatZeroEntries         1 1.0 1.2133e-05 1.2 0.00e+00 0.0 0.0e+00 0.0e+00 0.0e+00  0  0  0  0  0   0  0  0  0  0     0       0      0 0.00e+00    0 0.00e+00  0
SNESJacobianEval       1 1.0 8.2523e-01 1.4 6.88e+06 1.0 9.5e+01 4.5e+04 1.0e+00 38  8  0  9  1  94 97 100 100 33    66       0      4 2.47e-02    4 1.53e+00  0

--- Event Stage 1: Mesh Setup

BuildTwoSided         23 1.0 3.6619e-01 76.9 0.00e+00 0.0 3.7e+02 4.0e+00 0.0e+00  5  0  2  0  0  17  0 22  0  0     0       0      0 0.00e+00    0 0.00e+00  0
BuildTwoSidedF         1 1.0 9.7897e-04 34.0 0.00e+00 0.0 0.0e+00 0.0e+00 0.0e+00  0  0  0  0  0   0  0  0  0  0     0       0      0 0.00e+00    0 0.00e+00  0
DMCreateMat            1 1.0 2.7902e-02 1.0 0.00e+00 0.0 4.7e+02 2.1e+04 4.0e+00  2  0  2 21  3   5  0 28 93  7     0       0      0 0.00e+00    0 0.00e+00  0
DMProjectFunc          6 1.0 6.8387e-03 1.0 6.22e+05 1.0 0.0e+00 0.0e+00 1.0e+00  0  1  0  0  1   1 51  0  0  2   728       0      0 0.00e+00    6 1.05e-01  0
DMPlexCrFromOpts       1 1.0 6.3789e-03 1.0 0.00e+00 0.0 0.0e+00 0.0e+00 0.0e+00  0  0  0  0  0   1  0  0  0  0     0       0      0 0.00e+00    0 0.00e+00  0
Mesh Partition         1 1.0 3.5114e-03 1.0 0.00e+00 0.0 3.5e+01 3.0e+03 3.0e+00  0  0  0  0  2   1  0  2  1  6     0       0      0 0.00e+00    0 0.00e+00  0
Mesh Migration         1 1.0 4.9145e-01 1.0 0.00e+00 0.0 2.0e+02 2.2e+03 1.6e+01 27  0  1  1 12  84  0 12  4 30     0       0      0 0.00e+00    0 0.00e+00  0
DMPlexPartSelf         1 1.0 7.9643e-04 92.7 0.00e+00 0.0 0.0e+00 0.0e+00 0.0e+00  0  0  0  0  0   0  0  0  0  0     0       0      0 0.00e+00    0 0.00e+00  0
DMPlexPartLblInv       1 1.0 1.4500e-03 2.2 0.00e+00 0.0 0.0e+00 0.0e+00 2.0e+00  0  0  0  0  1   0  0  0  0  4     0       0      0 0.00e+00    0 0.00e+00  0
DMPlexPartLblSF        1 1.0 3.5943e-04 1.3 0.00e+00 0.0 1.4e+01 1.5e+03 0.0e+00  0  0  0  0  0   0  0  1  0  0     0       0      0 0.00e+00    0 0.00e+00  0
DMPlexPartStrtSF       1 1.0 1.1532e-03 1.1 0.00e+00 0.0 7.0e+00 5.8e+03 0.0e+00  0  0  0  0  0   0  0  0  0  0     0       0      0 0.00e+00    0 0.00e+00  0
DMPlexPointSF          1 1.0 1.6993e-02 1.0 0.00e+00 0.0 1.4e+01 7.3e+03 0.0e+00  1  0  0  0  0   3  0  1  1  0     0       0      0 0.00e+00    0 0.00e+00  0
DMPlexInterp          36 1.0 2.7257e-03 1.0 0.00e+00 0.0 0.0e+00 0.0e+00 0.0e+00  0  0  0  0  0   0  0  0  0  0     0       0      0 0.00e+00    0 0.00e+00  0
DMPlexDistribute       1 1.0 5.1212e-01 1.0 0.00e+00 0.0 2.5e+02 2.6e+03 2.1e+01 28  0  1  1 15  87  0 15  6 39     0       0      0 0.00e+00    0 0.00e+00  0
DMPlexDistCones        1 1.0 6.9021e-04 1.1 0.00e+00 0.0 4.2e+01 4.9e+03 0.0e+00  0  0  0  0  0   0  0  2  2  0     0       0      0 0.00e+00    0 0.00e+00  0
DMPlexDistLabels       1 1.0 1.5644e-03 1.0 0.00e+00 0.0 1.0e+02 1.7e+03 1.4e+01  0  0  1  0 10   0  0  6  2 26     0       0      0 0.00e+00    0 0.00e+00  0
DMPlexDistField        1 1.0 4.8853e-01 1.0 0.00e+00 0.0 4.9e+01 9.6e+02 0.0e+00 26  0  0  0  0  83  0  3  0  0     0       0      0 0.00e+00    0 0.00e+00  0
DMPlexStratify        53 1.0 8.8702e-03 1.1 0.00e+00 0.0 0.0e+00 0.0e+00 0.0e+00  0  0  0  0  0   1  0  0  0  0     0       0      0 0.00e+00    0 0.00e+00  0
DMPlexSymmetrize      53 1.0 2.6359e-04 4.9 0.00e+00 0.0 0.0e+00 0.0e+00 0.0e+00  0  0  0  0  0   0  0  0  0  0     0       0      0 0.00e+00    0 0.00e+00  0
DMPlexPrealloc         1 1.0 2.7647e-02 1.0 0.00e+00 0.0 4.7e+02 2.1e+04 4.0e+00  1  0  2 21  3   5  0 28 93  7     0       0      0 0.00e+00    0 0.00e+00  0
DMPlexGenerate         1 1.0 6.3440e-03 1.0 0.00e+00 0.0 0.0e+00 0.0e+00 0.0e+00  0  0  0  0  0   1  0  0  0  0     0       0      0 0.00e+00    0 0.00e+00  0
SFSetGraph            27 1.0 6.1370e-04 9.5 0.00e+00 0.0 0.0e+00 0.0e+00 0.0e+00  0  0  0  0  0   0  0  0  0  0     0       0      0 0.00e+00    0 0.00e+00  0
SFSetUp               22 1.0 3.7027e-01 46.6 0.00e+00 0.0 7.3e+02 4.8e+03 0.0e+00  6  0  4  7  0  18  0 44 33  0     0       0      0 0.00e+00    0 0.00e+00  0
SFBcastBegin          49 1.0 1.5119e-03 3.0 0.00e+00 0.0 6.8e+02 2.4e+03 0.0e+00  0  0  3  3  0   0  0 40 15  0     0       0      0 0.00e+00    0 0.00e+00  0
SFBcastEnd            49 1.0 2.1511e-02 6.3 0.00e+00 0.0 0.0e+00 0.0e+00 0.0e+00  1  0  0  0  0   3  0  0  0  0     0       0      0 0.00e+00    0 0.00e+00  0
SFReduceBegin         11 1.0 2.7872e-03 9.4 0.00e+00 0.0 2.0e+02 1.7e+04 0.0e+00  0  0  1  7  0   0  0 12 32  0     0       0      0 0.00e+00    0 0.00e+00  0
SFReduceEnd           11 1.0 1.4857e-02 15.0 0.00e+00 0.0 0.0e+00 0.0e+00 0.0e+00  0  0  0  0  0   1  0  0  0  0     0       0      0 0.00e+00    0 0.00e+00  0
SFFetchOpBegin         2 1.0 9.2278e-05 4.4 0.00e+00 0.0 3.8e+01 2.9e+04 0.0e+00  0  0  0  2  0   0  0  2 10  0     0       0      0 0.00e+00    0 0.00e+00  0
SFFetchOpEnd           2 1.0 9.1787e-04 3.8 0.00e+00 0.0 3.8e+01 2.9e+04 0.0e+00  0  0  0  2  0   0  0  2 10  0     0       0      0 0.00e+00    0 0.00e+00  0
SFCreateEmbed          3 1.0 1.2235e-03 8.7 0.00e+00 0.0 4.5e+01 2.0e+02 0.0e+00  0  0  0  0  0   0  0  3  0  0     0       0      0 0.00e+00    0 0.00e+00  0
SFDistSection          9 1.0 1.4916e-03 1.1 0.00e+00 0.0 3.1e+02 6.9e+02 0.0e+00  0  0  2  0  0   0  0 19  2  0     0       0      0 0.00e+00    0 0.00e+00  0
SFSectionSF           11 1.0 3.6674e-01 99.4 0.00e+00 0.0 2.9e+02 4.2e+03 0.0e+00  5  0  1  3  0  17  0 17 11  0     0       0      0 0.00e+00    0 0.00e+00  0
SFRemoteOff            2 1.0 1.3015e-03 6.6 0.00e+00 0.0 7.6e+01 2.4e+02 0.0e+00  0  0  0  0  0   0  0  5  0  0     0       0      0 0.00e+00    0 0.00e+00  0
SFPack                62 1.0 3.6191e-04 8.8 0.00e+00 0.0 0.0e+00 0.0e+00 0.0e+00  0  0  0  0  0   0  0  0  0  0     0       0      0 0.00e+00    0 0.00e+00  0
SFUnpack              64 1.0 1.4902e-02 57.6 0.00e+00 0.0 0.0e+00 0.0e+00 0.0e+00  0  0  0  0  0   0  0  0  0  0     0       0      0 0.00e+00    0 0.00e+00  0
VecMDot                5 1.0 1.3850e-03 1.0 4.61e+04 1.5 0.0e+00 0.0e+00 0.0e+00  0  0  0  0  0   0  3  0  0  0   219     470      0 0.00e+00    4 1.11e-04 100
VecNorm                6 1.0 1.3945e-03 2.0 1.84e+04 1.5 0.0e+00 0.0e+00 0.0e+00  0  0  0  0  0   0  1  0  0  0    87     324      0 0.00e+00    0 0.00e+00 100
VecScale               6 1.0 2.5616e-04 1.1 9.22e+03 1.5 0.0e+00 0.0e+00 0.0e+00  0  0  0  0  0   0  1  0  0  0   237     318      0 0.00e+00    0 0.00e+00 100
VecCopy                1 1.0 1.2244e-05 3.8 0.00e+00 0.0 0.0e+00 0.0e+00 0.0e+00  0  0  0  0  0   0  0  0  0  0     0       0      0 0.00e+00    0 0.00e+00  0
VecSet                 8 1.0 1.7889e-04 1.1 0.00e+00 0.0 0.0e+00 0.0e+00 0.0e+00  0  0  0  0  0   0  0  0  0  0     0       0      0 0.00e+00    0 0.00e+00  0
VecAXPY                8 1.0 1.7065e-03 1.8 2.46e+04 1.5 0.0e+00 0.0e+00 0.0e+00  0  0  0  0  0   0  2  0  0  0    95     100      0 0.00e+00    0 0.00e+00 100
VecNormalize           6 1.0 1.6621e-03 1.8 2.76e+04 1.5 0.0e+00 0.0e+00 0.0e+00  0  0  0  0  0   0  2  0  0  0   110     323      0 0.00e+00    0 0.00e+00 100
DCtxCreate             1 1.0 1.7974e-05 1.6 0.00e+00 0.0 0.0e+00 0.0e+00 0.0e+00  0  0  0  0  0   0  0  0  0  0     0       0      0 0.00e+00    0 0.00e+00  0
DCtxSetUp              1 1.0 1.6722e-05 2.1 0.00e+00 0.0 0.0e+00 0.0e+00 0.0e+00  0  0  0  0  0   0  0  0  0  0     0       0      0 0.00e+00    0 0.00e+00  0
DCtxSetDevice          1 1.0 1.5100e-05 1.1 0.00e+00 0.0 0.0e+00 0.0e+00 0.0e+00  0  0  0  0  0   0  0  0  0  0     0       0      0 0.00e+00    0 0.00e+00  0
DualSpaceSetUp         6 1.0 1.6818e-02 1.1 3.61e+03 1.0 0.0e+00 0.0e+00 0.0e+00  1  0  0  0  0   3  0  0  0  0     2       0      0 0.00e+00    0 0.00e+00  0
FESetUp                6 1.0 5.7974e-04 1.1 0.00e+00 0.0 0.0e+00 0.0e+00 0.0e+00  0  0  0  0  0   0  0  0  0  0     0       0      0 0.00e+00    0 0.00e+00  0
MatMult              384 1.0 1.0049e-04 1.1 3.11e+04 1.0 0.0e+00 0.0e+00 0.0e+00  0  0  0  0  0   0  3  0  0  0  2476       0      0 0.00e+00    0 0.00e+00  0
MatAssemblyBegin      68 1.0 1.0039e-03 19.1 0.00e+00 0.0 0.0e+00 0.0e+00 0.0e+00  0  0  0  0  0   0  0  0  0  0     0       0      0 0.00e+00    0 0.00e+00  0
MatAssemblyEnd        68 1.0 2.2214e-03 1.0 0.00e+00 0.0 1.1e+02 2.7e+02 1.0e+00  0  0  1  0  1   0  0  7  0  2     0       0      0 0.00e+00    0 0.00e+00  0
MatSetPreallCOO       36 1.0 8.9030e-05 1.2 0.00e+00 0.0 0.0e+00 0.0e+00 0.0e+00  0  0  0  0  0   0  0  0  0  0     0       0      0 0.00e+00    0 0.00e+00  0
MatSetValuesCOO       36 1.0 5.0266e-05 1.1 0.00e+00 0.0 0.0e+00 0.0e+00 0.0e+00  0  0  0  0  0   0  0  0  0  0     0       0      0 0.00e+00    0 0.00e+00  0

--- Event Stage 2: Solve 0

BuildTwoSided         97 1.0 2.6535e-02 3.0 0.00e+00 0.0 7.1e+02 4.0e+00 0.0e+00  1  0  4  0  0   4  0  6  0  0     0       0      0 0.00e+00    0 0.00e+00  0
BuildTwoSidedF        69 1.0 2.1119e-02 6.0 0.00e+00 0.0 7.8e+01 2.9e+03 0.0e+00  1  0  0  0  0   3  0  1  1  0     0       0      0 0.00e+00    0 0.00e+00  0
DMPlexResidualFE       1 1.0 6.9989e-03 1.0 6.38e+06 1.0 0.0e+00 0.0e+00 0.0e+00  0  8  0  0  0   1 16  0  0  0  7288       0      0 0.00e+00    2 3.50e-02  0
SFSetGraph            28 1.0 3.0948e-05 1.4 0.00e+00 0.0 0.0e+00 0.0e+00 0.0e+00  0  0  0  0  0   0  0  0  0  0     0       0      0 0.00e+00    0 0.00e+00  0
SFSetUp               28 1.0 1.0564e-02 1.2 0.00e+00 0.0 1.4e+03 3.0e+03 0.0e+00  1  0  7  9  0   2  0 12 17  0     0       0      0 0.00e+00    0 0.00e+00  0
SFBcastBegin          25 1.0 4.4337e-02 6.7 0.00e+00 0.0 9.3e+02 4.9e+03 0.0e+00  1  0  5 10  0   3  0  8 19  0     0       0      0 0.00e+00    0 0.00e+00  0
SFBcastEnd            25 1.0 2.2193e-01 5.3 0.00e+00 0.0 0.0e+00 0.0e+00 0.0e+00  8  0  0  0  0  31  0  0  0  0     0       0      0 0.00e+00    0 0.00e+00  0
SFReduceBegin          8 1.0 4.3726e-03 4.1 0.00e+00 0.0 2.0e+02 3.8e+04 0.0e+00  0  0  1 16  0   1  0  2 32  0     0       0      0 0.00e+00    0 0.00e+00  0
SFReduceEnd            8 1.0 1.6109e-02 9.4 6.51e+02 0.0 0.0e+00 0.0e+00 0.0e+00  0  0  0  0  0   2  0  0  0  0     0       0      0 0.00e+00    0 0.00e+00 100
SFPack               294 1.0 9.1103e-04 1.7 0.00e+00 0.0 0.0e+00 0.0e+00 0.0e+00  0  0  0  0  0   0  0  0  0  0     0       0      4 9.38e-03    0 0.00e+00  0
SFUnpack             294 1.0 2.5492e-04 3.9 3.74e+03 25.5 0.0e+00 0.0e+00 0.0e+00  0  0  0  0  0   0  0  0  0  0    51       0      1 4.23e-04    0 0.00e+00 100
VecTDot              118 1.0 1.2471e-02 1.6 2.21e+05 1.4 0.0e+00 0.0e+00 0.0e+00  1  0  0  0  0   2  0  0  0  0   119     578      0 0.00e+00    0 0.00e+00 100
VecNorm               35 1.0 2.6983e-03 1.2 7.37e+04 1.4 0.0e+00 0.0e+00 0.0e+00  0  0  0  0  0   1  0  0  0  0   182     693      0 0.00e+00    0 0.00e+00 100
VecCopy               82 1.0 1.5160e-03 1.3 0.00e+00 0.0 0.0e+00 0.0e+00 0.0e+00  0  0  0  0  0   0  0  0  0  0     0       0      0 0.00e+00    0 0.00e+00  0
VecSet                44 1.0 7.4101e-04 1.2 0.00e+00 0.0 0.0e+00 0.0e+00 0.0e+00  0  0  0  0  0   0  0  0  0  0     0       0      0 0.00e+00    0 0.00e+00  0
VecAXPY              106 1.0 1.8493e-03 1.2 2.03e+05 1.4 0.0e+00 0.0e+00 0.0e+00  0  0  0  0  0   0  0  0  0  0   733    1819      0 0.00e+00    0 0.00e+00 100
VecAYPX              191 1.0 3.2440e-03 1.2 3.10e+05 1.4 0.0e+00 0.0e+00 0.0e+00  0  0  0  0  0   1  1  0  0  0   644    1635      0 0.00e+00    0 0.00e+00 100
VecAXPBYCZ            48 1.0 1.2501e-03 1.1 1.84e+05 1.4 0.0e+00 0.0e+00 0.0e+00  0  0  0  0  0   0  0  0  0  0   996    1673      0 0.00e+00    0 0.00e+00 100
VecAssemblyBegin      62 1.0 1.8897e-02 7.6 0.00e+00 0.0 0.0e+00 0.0e+00 0.0e+00  1  0  0  0  0   2  0  0  0  0     0       0      0 0.00e+00    0 0.00e+00  0
VecAssemblyEnd        62 1.0 9.6775e-05 1.1 0.00e+00 0.0 0.0e+00 0.0e+00 0.0e+00  0  0  0  0  0   0  0  0  0  0     0       0      0 0.00e+00    0 0.00e+00  0
VecPointwiseMult      34 1.0 5.8713e-04 1.2 1.69e+04 1.4 0.0e+00 0.0e+00 0.0e+00  0  0  0  0  0   0  0  0  0  0   195     473      0 0.00e+00    0 0.00e+00 100
VecReciprocal          7 1.0 1.8083e-03 1.0 0.00e+00 0.0 0.0e+00 0.0e+00 0.0e+00  0  0  0  0  0   0  0  0  0  0     0       0      0 0.00e+00    0 0.00e+00  0
VecSetValues       12028 1.4 1.9874e-02 1.5 0.00e+00 0.0 0.0e+00 0.0e+00 0.0e+00  1  0  0  0  0   4  0  0  0  0     0       0      0 0.00e+00    0 0.00e+00  0
VecScatterBegin      261 1.0 3.0998e-02 2.6 0.00e+00 0.0 8.7e+03 8.2e+02 0.0e+00  1  0 44 15  0   5  0 75 30  0     0       0     48 2.29e-01    0 0.00e+00  0
VecScatterEnd        261 1.0 2.1340e-02 1.9 3.74e+03 0.0 0.0e+00 0.0e+00 0.0e+00  1  0  0  0  0   3  0  0  0  0     1       0      1 4.23e-04    0 0.00e+00 100
MatMult              185 1.0 2.7912e-02 1.2 3.89e+07 1.6 6.4e+03 8.7e+02 0.0e+00  1 36 32 12  0   5 77 55 24  0  8818   50909      2 3.08e-01    0 0.00e+00 100
MatMultAdd            24 1.0 2.4594e-03 1.2 9.75e+05 1.5 3.7e+02 2.3e+02 0.0e+00  0  1  2  0  0   0  2  3  0  0  2565   11531      0 0.00e+00    0 0.00e+00 100
MatMultTranspose      24 1.0 3.2445e-03 2.3 9.75e+05 1.5 3.7e+02 2.3e+02 0.0e+00  0  1  2  0  0   0  2  3  0  0  1947   11460      1 4.23e-04    0 0.00e+00 100
MatScale               6 1.0 2.0680e-03 1.7 1.29e+05 1.5 6.8e+01 3.0e+02 0.0e+00  0  0  0  0  0   0  0  1  0  0   416    3848      6 3.93e-02    0 0.00e+00 100
MatResidual           24 1.0 3.5716e-03 1.1 5.87e+06 1.6 1.0e+03 8.5e+02 0.0e+00  0  6  5  2  0   1 12  9  4  0 10454   46609      0 0.00e+00    0 0.00e+00 100
MatAssemblyBegin      34 1.0 2.3755e-03 1.8 0.00e+00 0.0 7.8e+01 2.9e+03 0.0e+00  0  0  0  0  0   0  0  1  1  0     0       0      0 0.00e+00    0 0.00e+00  0
MatAssemblyEnd        34 1.0 4.4602e-02 3.9 0.00e+00 0.0 6.8e+02 9.1e+01 1.6e+01  2  0  3  0 12   6  0  6  0 25     0       0      0 0.00e+00    0 0.00e+00  0
MatSetValues        2224 1.3 5.8131e-03 1.4 9.22e+03 1.4 0.0e+00 0.0e+00 0.0e+00  0  0  0  0  0   1  0  0  0  0    11       0      0 0.00e+00    3 2.63e-01  0
MatGetValues         512 1.4 9.6910e-04 1.4 0.00e+00 0.0 0.0e+00 0.0e+00 0.0e+00  0  0  0  0  0   0  0  0  0  0     0       0      0 0.00e+00    0 0.00e+00  0
MatGetRow           7168 1.4 1.3904e-02 1.4 0.00e+00 0.0 0.0e+00 0.0e+00 0.0e+00  1  0  0  0  0   3  0  0  0  0     0       0      0 0.00e+00    4 2.16e-01  0
MatCreateSubMat        2 1.0 4.3593e-03 1.0 0.00e+00 0.0 6.2e+01 6.0e+01 1.0e+01  0  0  0  0  7   1  0  1  0 15     0       0      0 0.00e+00    1 0.00e+00  0
MatCoarsen             2 1.0 5.3550e-03 1.1 0.00e+00 0.0 6.1e+02 3.4e+02 9.0e+00  0  0  3  0  6   1  0  5  1 14     0       0      1 1.40e-05    0 0.00e+00  0
MatAXPY                2 1.0 1.0661e-02 1.4 9.22e+03 1.4 0.0e+00 0.0e+00 0.0e+00  0  0  0  0  0   2  0  0  0  0     6       0      0 0.00e+00    3 2.63e-01  0
MatTranspose           1 1.0 1.2422e-03 1.0 0.00e+00 0.0 3.5e+01 1.9e+01 3.0e+00  0  0  0  0  2   0  0  0  0  5     0       0      1 1.40e-05    0 0.00e+00  0
MatMatMultSym          2 1.0 4.8143e-02 1.0 0.00e+00 0.0 6.5e+02 1.4e+03 6.0e+00  3  0  3  2  4  10  0  6  4  9     0       0      4 6.22e-02    0 0.00e+00  0
MatMatMultNum          2 1.0 5.6200e-07 1.4 0.00e+00 0.0 0.0e+00 0.0e+00 0.0e+00  0  0  0  0  0   0  0  0  0  0     0       0      0 0.00e+00    0 0.00e+00  0
MatPtAPSymbolic        2 1.0 9.5026e-02 1.0 0.00e+00 0.0 8.3e+02 8.6e+03 1.2e+01  5  0  4 15  9  20  0  7 30 18     0       0      4 2.63e-01    0 0.00e+00  0
MatPtAPNumeric         2 1.0 4.2000e-07 1.3 0.00e+00 0.0 0.0e+00 0.0e+00 0.0e+00  0  0  0  0  0   0  0  0  0  0     0       0      0 0.00e+00    0 0.00e+00  0
MatTrnMatMultSym       1 1.0 3.6056e-02 1.0 0.00e+00 0.0 4.5e+02 1.8e+04 3.0e+00  2  0  2 17  2   8  0  4 34  5     0       0      0 0.00e+00    0 0.00e+00  0
MatCreateGraph         2 1.0 1.9107e-02 1.0 5.40e+04 1.7 2.0e+02 1.5e+02 6.0e+00  1  0  1  0  4   4  0  2  0  9    18     188      8 1.72e-01    3 5.14e-02 100
KSPSetUp               1 1.0 5.8173e-05 1.1 0.00e+00 0.0 0.0e+00 0.0e+00 0.0e+00  0  0  0  0  0   0  0  0  0  0     0       0      0 0.00e+00    0 0.00e+00  0
KSPSolve               1 1.0 2.9709e-02 1.0 3.20e+07 1.6 5.4e+03 7.9e+02 0.0e+00  2 30 27  9  0   6 63 47 18  0  6874   24996      1 4.23e-04    0 0.00e+00 100
SNESSolve              1 1.0 5.5785e-01 1.6 4.88e+07 1.5 1.2e+04 2.0e+03 6.5e+01 25 48 59 50 47 100 100 100 100 100   577   17012     66 2.25e+00   43 7.65e-01 84
SNESSetUp              1 1.0 4.5508e-05 1.1 0.00e+00 0.0 0.0e+00 0.0e+00 0.0e+00  0  0  0  0  0   0  0  0  0  0     0       0      0 0.00e+00    0 0.00e+00  0
SNESFunctionEval       1 1.0 2.2631e-01 20.8 6.44e+06 1.0 3.8e+01 9.1e+02 0.0e+00  7  8  0  0  0  29 16  0  0  0   228      76      2 3.50e-02    3 5.25e-02  0
PCSetUp_GAMG+          1 1.0 3.0166e-01 1.0 1.03e+07 1.6 6.2e+03 3.1e+03 6.5e+01 16 10 31 41 47  65 20 53 82 100   219    8530     63 2.22e+00   40 7.12e-01 100
 PCGAMGCreateG         2 1.0 1.9112e-02 1.0 5.40e+04 1.7 2.0e+02 1.5e+02 6.0e+00  1  0  1  0  4   4  0  2  0  9    18     188      8 1.72e-01    3 5.14e-02 100
 GAMG Coarsen          4 1.0 6.4847e-02 1.0 0.00e+00 0.0 1.3e+03 6.3e+03 1.2e+01  3  0  7 18  9  14  0 11 36 18     0       0      6 1.72e-02    8 1.99e-01  0
  GAMG MIS/Agg         2 1.0 4.1463e-02 1.0 0.00e+00 0.0 1.1e+03 7.7e+03 1.2e+01  2  0  5 17  9   9  0  9 34 18     0       0      1 1.40e-05    0 0.00e+00  0
 PCGAMGProl            2 1.0 2.4948e-02 1.0 0.00e+00 0.0 1.4e+03 9.8e+02 6.0e+00  1  0  7  3  4   5  0 12  6  9     0       0     38 2.02e-01   19 1.38e-01  0
  GAMG Prol-col        2 1.0 2.2373e-02 1.0 0.00e+00 0.0 1.2e+03 8.9e+02 0.0e+00  1  0  6  2  0   5  0 11  5  0     0       0     38 2.02e-01   19 1.38e-01  0
  GAMG Prol-lift       2 1.0 2.0520e-03 1.0 0.00e+00 0.0 1.2e+02 2.0e+03 2.0e+00  0  0  1  0  1   0  0  1  1  3     0       0      0 0.00e+00    0 0.00e+00  0
 PCGAMGOptProl         2 1.0 7.4644e-02 1.0 5.12e+06 1.6 1.5e+03 1.1e+03 6.0e+00  4  5  7  3  4  16 10 13  7  9   438   10290      8 1.56e+00    3 2.63e-01 100
  GAMG smooth          2 1.0 5.9373e-02 1.0 8.94e+04 1.5 6.5e+02 1.4e+03 6.0e+00  3  0  3  2  4  12  0  6  4  9    10    6012      4 6.22e-02    3 2.63e-01 89
 PCGAMGCreateL         2 1.0 1.0788e-01 1.1 0.00e+00 0.0 9.4e+02 7.6e+03 3.4e+01  6  0  5 15 24  23  0  8 30 52     0       0      4 2.63e-01    1 0.00e+00  0
  GAMG PtAP            2 1.0 9.5045e-02 1.0 0.00e+00 0.0 8.3e+02 8.6e+03 1.2e+01  5  0  4 15  9  20  0  7 30 18     0       0      4 2.63e-01    0 0.00e+00  0
  GAMG Reduce          2 1.0 1.0788e-01 1.1 0.00e+00 0.0 9.4e+02 7.6e+03 3.4e+01  6  0  5 15 24  23  0  8 30 52     0       0      4 2.63e-01    1 0.00e+00  0
PCGAMG Squ l00         1 1.0 3.6060e-02 1.0 0.00e+00 0.0 4.5e+02 1.8e+04 3.0e+00  2  0  2 17  2   8  0  4 34  5     0       0      0 0.00e+00    0 0.00e+00  0
PCGAMG Gal l00         1 1.0 7.6800e-02 1.0 0.00e+00 0.0 6.2e+02 1.1e+04 6.0e+00  4  0  3 14  4  17  0  5 28  9     0       0      2 2.58e-01    0 0.00e+00  0
PCGAMG Opt l00         1 1.0 3.7416e-02 1.0 0.00e+00 0.0 4.4e+02 1.7e+03 3.0e+00  2  0  2  2  2   8  0  4  3  5     0       0      2 6.07e-02    0 0.00e+00  0
PCGAMG Gal l01         1 1.0 1.8249e-02 1.0 0.00e+00 0.0 2.1e+02 2.5e+03 6.0e+00  1  0  1  1  4   4  0  2  2  9     0       0      2 4.86e-03    0 0.00e+00  0
PCGAMG Opt l01         1 1.0 1.0747e-02 1.0 0.00e+00 0.0 2.1e+02 7.7e+02 3.0e+00  1  0  1  0  2   2  0  2  1  5     0       0      2 1.48e-03    0 0.00e+00  0
PCSetUp                1 1.0 3.0166e-01 1.0 1.03e+07 1.6 6.2e+03 3.1e+03 6.5e+01 16 10 31 41 47  65 20 53 82 100   219    8530     63 2.22e+00   40 7.12e-01 100
PCApply               12 1.0 2.4978e-02 1.0 2.60e+07 1.5 4.8e+03 7.5e+02 0.0e+00  1 25 24  8  0   5 52 41 15  0  6677   24722      1 4.23e-04    0 0.00e+00 100

--- Event Stage 3: Hot Solve

DMPlexResidualFE       1 1.0 6.6527e-03 1.0 6.38e+06 1.0 0.0e+00 0.0e+00 0.0e+00  0  8  0  0  0  11 18  0  0  0  7668       0      0 0.00e+00    2 3.50e-02  0
SFBcastBegin           3 1.0 9.7712e-04 14.4 0.00e+00 0.0 1.0e+02 2.4e+04 0.0e+00  0  0  1  5  0   1  0  2 28  0     0       0      0 0.00e+00    0 0.00e+00  0
SFBcastEnd             3 1.0 3.9451e-03 7.0 0.00e+00 0.0 0.0e+00 0.0e+00 0.0e+00  0  0  0  0  0   3  0  0  0  0     0       0      0 0.00e+00    0 0.00e+00  0
SFReduceBegin          3 1.0 3.2689e-04 5.0 0.00e+00 0.0 5.0e+01 2.3e+04 0.0e+00  0  0  0  2  0   0  0  1 13  0     0       0      0 0.00e+00    0 0.00e+00  0
SFReduceEnd            3 1.0 5.0579e-03 11.9 6.51e+02 0.0 0.0e+00 0.0e+00 0.0e+00  0  0  0  0  0   4  0  0  0  0     0       0      0 0.00e+00    0 0.00e+00 100
SFPack               182 1.0 5.3504e-04 2.1 0.00e+00 0.0 0.0e+00 0.0e+00 0.0e+00  0  0  0  0  0   1  0  0  0  0     0       0      0 0.00e+00    0 0.00e+00  0
SFUnpack             182 1.0 1.4358e-04 4.9 3.74e+03 25.5 0.0e+00 0.0e+00 0.0e+00  0  0  0  0  0   0  0  0  0  0    90       0      0 0.00e+00    0 0.00e+00 100
VecTDot               72 1.0 5.5957e-03 1.3 1.51e+05 1.4 0.0e+00 0.0e+00 0.0e+00  0  0  0  0  0   8  0  0  0  0   179     666      0 0.00e+00    0 0.00e+00 100
VecNorm               35 1.0 4.2094e-03 2.0 7.37e+04 1.4 0.0e+00 0.0e+00 0.0e+00  0  0  0  0  0   5  0  0  0  0   117     699      0 0.00e+00    0 0.00e+00 100
VecCopy               78 1.0 1.3777e-03 1.2 0.00e+00 0.0 0.0e+00 0.0e+00 0.0e+00  0  0  0  0  0   2  0  0  0  0     0       0      0 0.00e+00    0 0.00e+00  0
VecSet                42 1.0 6.8319e-04 1.2 0.00e+00 0.0 0.0e+00 0.0e+00 0.0e+00  0  0  0  0  0   1  0  0  0  0     0       0      0 0.00e+00    0 0.00e+00  0
VecAXPY               66 1.0 1.1004e-03 1.1 1.41e+05 1.4 0.0e+00 0.0e+00 0.0e+00  0  0  0  0  0   2  0  0  0  0   855    2192      0 0.00e+00    0 0.00e+00 100
VecAYPX              173 1.0 2.8796e-03 1.2 2.83e+05 1.4 0.0e+00 0.0e+00 0.0e+00  0  0  0  0  0   4  1  0  0  0   661    1723      0 0.00e+00    0 0.00e+00 100
VecAXPBYCZ            48 1.0 8.0121e-04 1.2 1.84e+05 1.4 0.0e+00 0.0e+00 0.0e+00  0  0  0  0  0   1  0  0  0  0  1553    3887      0 0.00e+00    0 0.00e+00 100
VecPointwiseMult      12 1.0 1.9584e-04 1.3 2.88e+02 0.0 0.0e+00 0.0e+00 0.0e+00  0  0  0  0  0   0  0  0  0  0     1       4      0 0.00e+00    0 0.00e+00 100
VecReciprocal          1 1.0 1.6922e-05 1.4 0.00e+00 0.0 0.0e+00 0.0e+00 0.0e+00  0  0  0  0  0   0  0  0  0  0     0       0      0 0.00e+00    0 0.00e+00  0
VecScatterBegin      176 1.0 9.3302e-03 2.2 0.00e+00 0.0 6.3e+03 8.0e+02 0.0e+00  0  0 32 11  0  11  0 98 58  0     0       0      0 0.00e+00    0 0.00e+00  0
VecScatterEnd        176 1.0 8.7320e-03 3.8 3.74e+03 0.0 0.0e+00 0.0e+00 0.0e+00  0  0  0  0  0   9  0  0  0  0     1       0      0 0.00e+00    0 0.00e+00 100
MatMult              165 1.0 1.6782e-02 1.1 3.40e+07 1.6 5.5e+03 8.8e+02 0.0e+00  1 32 28 10  0  26 75 86 56  0 12824   61241      0 0.00e+00    0 0.00e+00 100
MatMultAdd            24 1.0 2.4264e-03 1.2 9.75e+05 1.5 3.7e+02 2.3e+02 0.0e+00  0  1  2  0  0   4  2  6  1  0  2600   11839      0 0.00e+00    0 0.00e+00 100
MatMultTranspose      24 1.0 2.6568e-03 2.2 9.75e+05 1.5 3.7e+02 2.3e+02 0.0e+00  0  1  2  0  0   3  2  6  1  0  2378   11910      0 0.00e+00    0 0.00e+00 100
MatResidual           24 1.0 3.5632e-03 1.1 5.87e+06 1.6 1.0e+03 8.5e+02 0.0e+00  0  6  5  2  0   6 13 16 10  0 10479   47367      0 0.00e+00    0 0.00e+00 100
MatPtAPNumeric         2 1.0 1.4588e-02 1.2 0.00e+00 0.0 1.2e+02 3.1e+04 0.0e+00  1  0  1  7  0  23  0  2 41  0     0       0      0 0.00e+00    0 0.00e+00  0
KSPSetUp               1 1.0 2.0100e-07 1.2 0.00e+00 0.0 0.0e+00 0.0e+00 0.0e+00  0  0  0  0  0   0  0  0  0  0     0       0      0 0.00e+00    0 0.00e+00  0
KSPSolve               1 1.0 2.8650e-02 1.0 3.20e+07 1.6 5.4e+03 7.9e+02 0.0e+00  2 30 27  9  0  48 71 85 50  0  7128   26522      0 0.00e+00    0 0.00e+00 100
SNESSolve              1 1.0 6.0124e-02 1.0 4.36e+07 1.4 6.4e+03 1.3e+03 0.0e+00  3 43 32 18  0 100 100 100 100  0  4802   23110      4 6.68e-02    3 5.25e-02 82
SNESFunctionEval       1 1.0 8.7135e-03 1.0 6.44e+06 1.0 3.8e+01 9.1e+02 0.0e+00  0  8  0  0  0  14 18  1  0  0  5915      95      2 3.50e-02    3 5.25e-02  0
PCSetUp_GAMG+          1 1.0 2.2813e-02 1.0 5.15e+06 1.6 9.6e+02 4.5e+03 0.0e+00  1  5  5  9  0  38 11 15 49  0  1443   12870      2 3.19e-02    0 0.00e+00 100
PCGAMG Gal l00         1 1.0 1.2163e-02 1.2 0.00e+00 0.0 8.4e+01 3.9e+04 0.0e+00  1  0  0  7  0  19  0  1 38  0     0       0      0 0.00e+00    0 0.00e+00  0
PCGAMG Gal l01         1 1.0 2.6282e-03 4.7 0.00e+00 0.0 3.1e+01 8.5e+03 0.0e+00  0  0  0  1  0   3  0  0  3  0     0       0      0 0.00e+00    0 0.00e+00  0
PCSetUp                1 1.0 2.2815e-02 1.0 5.15e+06 1.6 9.6e+02 4.5e+03 0.0e+00  1  5  5  9  0  38 11 15 49  0  1443   12870      2 3.19e-02    0 0.00e+00 100
PCApply               12 1.0 2.3956e-02 1.0 2.60e+07 1.5 4.8e+03 7.5e+02 0.0e+00  1 25 24  8  0  40 58 74 42  0  6962   26631      0 0.00e+00    0 0.00e+00 100
---------------------------------------------------------------------------------------------------------------------------------------------------------------

Object Type          Creations   Destructions. Reports information only for process 0.

--- Event Stage 0: Main Stage

           Container     2             34
    Distributed Mesh     0             37
            DM Label     0             57
          Quadrature     1            236
           Index Set    25            128
   IS L to G Mapping     0             97
             Section     0            114
   Star Forest Graph     0             71
     Discrete System     0             37
           Weak Form     0             38
    GraphPartitioner     0             15
              Vector     1             60
        Linear Space     0              6
          Dual Space     0             16
            FE Space     0              4
              Matrix     0             47
      Matrix Coarsen     0              1
   Matrix Null Space     0              1
                SNES     0              1
              DMSNES     0              1
       Krylov Solver     0              6
     DMKSP interface     0              1
       Field over DM     1              1
      Preconditioner     0              4
              Viewer     0              1

--- Event Stage 1: Mesh Setup

           Container    93             61
    Distributed Mesh   118             82
            DM Label   296            239
          Quadrature   533            298
           Index Set  1338           1241
   IS L to G Mapping   290            193
             Section   390            276
   Star Forest Graph   313            254
     Discrete System   175            139
           Weak Form   177            140
    GraphPartitioner    53             38
              Vector    78             51
  PetscDeviceContext     1              0
        Linear Space    12              6
          Dual Space    63             47
            FE Space     6              2
              Matrix   178            151
   Matrix Null Space     1              0
                SNES     1              0
              DMSNES     1              0
       Krylov Solver     1              0
       Field over DM     1              1
      Preconditioner     1              0
              Viewer     1              0

--- Event Stage 2: Solve 0

           Container     1              1
    Distributed Mesh     1              0
          Quadrature     1              1
           Index Set    84             78
   Star Forest Graph    30             18
     Discrete System     1              0
           Weak Form     1              0
              Vector   146            114
              Matrix    50             30
      Matrix Coarsen     2              1
       Krylov Solver     8              3
     DMKSP interface     1              0
      Preconditioner     8              5
         PetscRandom     2              2

--- Event Stage 3: Hot Solve

          Quadrature     1              1
           Index Set    33             33
              Vector     6              6
========================================================================================================================
Average time to get PetscTime(): 3.71e-08
Average time for MPI_Barrier(): 1.54198e-05
Average time for zero size MPI_Send(): 1.57843e-05
#PETSc Option Table entries:
-dm_mat_type mpiaijkokkos # (source: command line)
-dm_plex_box_faces 8,8,8 # (source: command line)
-dm_plex_dim 3 # (source: command line)
-dm_plex_simplex 0 # (source: command line)
-dm_vec_type kokkos # (source: command line)
-ksp_converged_reason # (source: command line)
-ksp_norm_type unpreconditioned # (source: command line)
-ksp_rtol 1e-6 # (source: command line)
-ksp_type cg # (source: command line)
-log_view # (source: command line)
-log_view_gpu_time # (source: command line)
-max_conv_its 1 # (source: command line)
-mg_coarse_pc_type jacobi # (source: command line)
-mg_levels_ksp_type chebyshev # (source: command line)
-mg_levels_pc_type pbjacobi # (source: command line)
-n_solves 2 # (source: command line)
-pc_gamg_agg_nsmooths 1 # (source: command line)
-pc_gamg_reuse_interpolation true # (source: command line)
-pc_gamg_type agg # (source: command line)
-pc_type gamg # (source: command line)
-petscpartitioner_simple_process_grid 2,2,2 # (source: command line)
-petscspace_degree 2 # (source: command line)
-run_type 1 # (source: command line)
-snes_lag_jacobian -2 # (source: command line)
-snes_type ksponly # (source: command line)
-use_mat_nearnullspace true # (source: command line)
#End of PETSc Option Table entries
Compiled without FORTRAN kernels
Compiled with full precision matrices (default)
sizeof(short) 2 sizeof(int) 4 sizeof(long) 8 sizeof(void*) 8 sizeof(PetscScalar) 8 sizeof(PetscInt) 4
Configure options: --with-kokkos-dir=/global/homes/m/madams/petsc/arch-perlmutter-opt-gcc-kokkos-cuda-notpl --with-kokkos-kernels-dir=/global/homes/m/madams/petsc/arch-perlmutter-opt-gcc-kokkos-cuda-notpl --with-triangle-dir=/global/homes/m/madams/petsc/arch-perlmutter-opt-gcc-kokkos-cuda-notpl --with-batch=0 --with-cc=cc --with-cxx=CC --with-fc=0 --with-debugging=0 --with-cuda=1 --with-cuda-arch=80 --with-kokkos-kernels-tpl=0 --with-make-np=8 --with-mpiexec=srun -G4 --gpu-bind=none PETSC_ARCH=arch-perlmutter-opt-gcc-kokkos-cuda-notpl
-----------------------------------------
Libraries compiled on 2026-06-22 14:37:25 on login21
Machine characteristics: Linux-6.4.0-150600.23.103_15.0.24-cray_shasta_c-x86_64-with-glibc2.3.4
Using PETSc directory: /global/u2/m/madams/petsc
Using PETSc arch: arch-perlmutter-opt-gcc-kokkos-cuda-notpl
-----------------------------------------

Using C compiler: cc  -fPIC -Wall -Wwrite-strings -Wno-unknown-pragmas -Wno-lto-type-mismatch -Wno-stringop-overflow -fstack-protector -fvisibility=hidden -g -O 
-----------------------------------------

Using include paths: -I/global/u2/m/madams/petsc/include -I/global/u2/m/madams/petsc/arch-perlmutter-opt-gcc-kokkos-cuda-notpl/include -I/global/homes/m/madams/petsc/arch-perlmutter-opt-gcc-kokkos-cuda-notpl/include -I/opt/nvidia/hpc_sdk/Linux_x86_64/25.5/cuda/12.9/include -I/opt/nvidia/hpc_sdk/Linux_x86_64/25.5/math_libs/12.9/include
-----------------------------------------

Using C linker: cc
Using libraries: -Wl,-rpath,/global/u2/m/madams/petsc/arch-perlmutter-opt-gcc-kokkos-cuda-notpl/lib -L/global/u2/m/madams/petsc/arch-perlmutter-opt-gcc-kokkos-cuda-notpl/lib -lpetsc -Wl,-rpath,/global/homes/m/madams/petsc/arch-perlmutter-opt-gcc-kokkos-cuda-notpl/lib -L/global/homes/m/madams/petsc/arch-perlmutter-opt-gcc-kokkos-cuda-notpl/lib -Wl,-rpath,/opt/nvidia/hpc_sdk/Linux_x86_64/25.5/cuda/12.9/lib64 -L/opt/nvidia/hpc_sdk/Linux_x86_64/25.5/cuda/12.9/lib64 -Wl,-rpath,/opt/nvidia/hpc_sdk/Linux_x86_64/25.5/math_libs/12.9/lib64 -L/opt/nvidia/hpc_sdk/Linux_x86_64/25.5/math_libs/12.9/lib64 -L/opt/nvidia/hpc_sdk/Linux_x86_64/25.5/cuda/12.9/lib64/stubs -lkokkoskernels -lkokkoscontainers -lkokkoscore -lkokkossimd -ltriangle -lcudart -lnvtx3interop -lcufft -lcublas -lcusparse -lcusolver -lcurand -lcuda -lnvidia-ml -lX11 -lstdc++ -lquadmath
-----------------------------------------

ALL_DONE
