    Linear solve converged due to CONVERGED_RTOL iterations 19
    Linear solve converged due to CONVERGED_RTOL iterations 19
[0] 0) N=      750141, max displ=5.9664262e+01, error=8.950e-02
****************************************************************************************************************************************************************
***                                WIDEN YOUR WINDOW TO 160 CHARACTERS.  Use 'enscript -r -fCourier9' to print this document                                 ***
****************************************************************************************************************************************************************

------------------------------------------------------------------ PETSc Performance Summary: ------------------------------------------------------------------

/global/homes/m/madams/petsc/arch-perlmutter-opt-gcc-kokkos-cuda-notpl/tests/snes/tutorials/ex56 on a arch-perlmutter-opt-gcc-kokkos-cuda-notpl named nid001161 with 8 processes and CUDA architecture 80, by madams on Mon Jun 22 07:53:40 2026
Using PETSc Development Git Revision: v3.25.2-340-g83d2bd4a8b4 Git Date: 2026-06-21 14:23:19 -0400

                         Max       Max/Min     Avg       Total
Time (sec):           4.562e+01     1.000   4.561e+01
Objects:              0.000e+00     0.000   0.000e+00
Flops:                1.026e+10     1.112   9.711e+09  7.769e+10
Flops/sec:            2.249e+08     1.112   2.129e+08  1.703e+09
MPI Msg Count:        7.400e+03     1.083   6.971e+03  5.577e+04
MPI Msg Len (bytes):  1.196e+08     1.123   1.579e+04  8.805e+08
MPI Reductions:       2.160e+02     1.000

Flop counting convention: 1 flop = 1 real number operation of type (multiply/divide/add/subtract)
                            e.g., VecAXPY() for real vectors of length N --> 2N flops
                            and VecAXPY() for complex vectors of length N --> 8N flops

Summary of Stages:   ----- Time ------  ----- Flop ------  --- Messages ---  -- Message Lengths --  -- Reductions --
                        Avg     %Total     Avg     %Total    Count   %Total     Avg         %Total    Count   %Total
 0:      Main Stage: 3.8865e+01  85.2%  3.6441e+09   4.7%  2.070e+02   0.4%  3.938e+05        9.3%  6.000e+00   2.8%
 1:      Mesh Setup: 3.1189e+00   6.8%  3.2729e+08   0.4%  1.682e+03   3.0%  1.296e+05       24.8%  5.400e+01  25.0%
 2:         Solve 0: 3.0532e+00   6.7%  3.8348e+10  49.4%  3.381e+04  60.6%  1.330e+04       51.0%  1.390e+02  64.4%
 3:       Hot Solve: 5.7617e-01   1.3%  3.5370e+10  45.5%  2.007e+04  36.0%  6.549e+03       14.9%  0.000e+00   0.0%

------------------------------------------------------------------------------------------------------------------------
See the 'Profiling' chapter of the users' manual for details on interpreting output.
Phase summary info:
   Count: number of times phase was executed
   Time and Flop: Max - maximum over all processes
                  Ratio - ratio of maximum to minimum over all processes
   Mess: number of messages sent
   AvgLen: average message length (bytes)
   Reduct: number of global reductions
   Global: entire computation
   Stage: stages of a computation. Set stages with PetscLogStagePush() and PetscLogStagePop().
      %T - percent time in this phase         %F - percent flop in this phase
      %M - percent messages in this phase     %L - percent message lengths in this phase
      %R - percent reductions in this phase
   Total Mflop/s: 1e-6 * (sum of flop over all processes)/(max time over all processes)
   GPU Mflop/s: 1e-6 * (sum of flop on GPU over all processes)/(max GPU time over all processes)
   CpuToGpu Count: total number of CPU to GPU copies per processor
   CpuToGpu Size (Mbytes): 1e-6 * (total size of CPU to GPU copies per processor)
   GpuToCpu Count: total number of GPU to CPU copies per processor
   GpuToCpu Size (Mbytes): 1e-6 * (total size of GPU to CPU copies per processor)
   GPU %F: percent flops on GPU in this event
------------------------------------------------------------------------------------------------------------------------
Event                Count      Time (sec)     Flop                              --- Global ---  --- Stage ----  Total   GPU    - CpuToGpu -   - GpuToCpu - GPU
                   Max Ratio  Max     Ratio   Max  Ratio  Mess   AvgLen  Reduct  %T %F %M %L %R  %T %F %M %L %R Mflop/s Mflop/s Count   Size   Count   Size  %F
---------------------------------------------------------------------------------------------------------------------------------------------------------------

--- Event Stage 0: Main Stage

BuildTwoSided          3 1.0 8.6120e-02 146.1 0.00e+00 0.0 9.4e+01 4.0e+00 0.0e+00  0  0  0  0  0   0  0 45  0  0     0       0      0 0.00e+00    0 0.00e+00  0
BuildTwoSidedF         1 1.0 9.1111e-02 203.2 0.00e+00 0.0 3.8e+01 2.1e+06 0.0e+00  0  0  0  9  0   0  0 18 99  0     0       0      0 0.00e+00    0 0.00e+00  0
DMPlexJacobianFE       1 1.0 3.7461e+01 1.0 4.39e+08 1.0 3.8e+01 2.1e+06 0.0e+00 82  5  0  9  0  96 96 18 99  0    93       0      0 0.00e+00    1 8.62e-01  0
SFSetGraph             2 1.0 8.9963e-04 1.1 0.00e+00 0.0 0.0e+00 0.0e+00 0.0e+00  0  0  0  0  0   0  0  0  0  0     0       0      0 0.00e+00    0 0.00e+00  0
SFSetUp                2 1.0 3.5067e-03 1.1 0.00e+00 0.0 1.5e+02 4.0e+03 0.0e+00  0  0  0  0  0   0  0 72  1  0     0       0      0 0.00e+00    0 0.00e+00  0
SFBcastBegin           1 1.0 5.5589e-03 1.8 0.00e+00 0.0 1.9e+01 1.5e+04 0.0e+00  0  0  0  0  0   0  0  9  0  0     0       0      2 3.93e-01    0 0.00e+00  0
SFBcastEnd             1 1.0 3.2023e-03 7.2 0.00e+00 0.0 0.0e+00 0.0e+00 0.0e+00  0  0  0  0  0   0  0  0  0  0     0       0      1 1.81e-02    0 0.00e+00  0
SFPack                 1 1.0 2.7228e-03 22690.4 0.00e+00 0.0 0.0e+00 0.0e+00 0.0e+00  0  0  0  0  0   0  0  0  0  0     0       0      1 1.81e-02    0 0.00e+00  0
SFUnpack               1 1.0 6.4686e-05 146.7 0.00e+00 0.0 0.0e+00 0.0e+00 0.0e+00  0  0  0  0  0   0  0  0  0  0     0       0      1 1.81e-02    0 0.00e+00  0
VecNorm                1 1.0 2.6765e-04 1.1 0.00e+00 0.0 0.0e+00 0.0e+00 0.0e+00  0  0  0  0  0   0  0  0  0  0     0       0      0 0.00e+00    0 0.00e+00  0
VecSet                 2 1.0 1.1171e-05 1.3 0.00e+00 0.0 0.0e+00 0.0e+00 0.0e+00  0  0  0  0  0   0  0  0  0  0     0       0      0 0.00e+00    0 0.00e+00  0
DCtxDestroy            1 1.0 2.2674e-05 1.1 0.00e+00 0.0 0.0e+00 0.0e+00 0.0e+00  0  0  0  0  0   0  0  0  0  0     0       0      0 0.00e+00    0 0.00e+00  0
MatMult              721 1.0 1.6742e-04 1.0 5.84e+04 1.0 0.0e+00 0.0e+00 0.0e+00  0  0  0  0  0   0  0  0  0  0  2791       0      0 0.00e+00    0 0.00e+00  0
MatConvert             1 1.0 1.3179e+00 1.1 0.00e+00 0.0 1.1e+02 4.0e+03 3.0e+00  3  0  0  0  1   3  0 54  1 50     0       0      0 0.00e+00    1 6.48e+00  0
MatScale               1 1.0 3.9456e-05 1.3 1.80e+07 1.1 0.0e+00 0.0e+00 0.0e+00  0  0  0  0  0   0  4  0  0  0 3437323       0      0 0.00e+00    0 0.00e+00 100
MatAssemblyBegin       2 1.0 9.1143e-02 1.1 0.00e+00 0.0 3.8e+01 2.1e+06 0.0e+00  0  0  0  9  0   0  0 18 99  0     0       0      0 0.00e+00    0 0.00e+00  0
MatAssemblyEnd         2 1.0 1.6945e-01 1.5 1.28e+06 0.0 1.1e+02 4.0e+03 1.0e+00  0  0  0  0  0   0  0 54  1 17    29       0      0 0.00e+00    1 6.48e+00  0
MatSetValues     2004472 1.1 7.9596e-01 1.1 2.42e+07 1.1 0.0e+00 0.0e+00 0.0e+00  2  0  0  0  0   2  5  0  0  0   235       0      0 0.00e+00    0 0.00e+00  0
MatGetRow         196608 1.1 4.7542e-02 1.1 0.00e+00 0.0 0.0e+00 0.0e+00 0.0e+00  0  0  0  0  0   0  0  0  0  0     0       0      0 0.00e+00    0 0.00e+00  0
MatZeroEntries         1 1.0 3.2093e-03 1.2 0.00e+00 0.0 0.0e+00 0.0e+00 0.0e+00  0  0  0  0  0   0  0  0  0  0     0       0      0 0.00e+00    0 0.00e+00  0
SNESJacobianEval       1 1.0 3.7498e+01 1.0 4.40e+08 1.0 9.5e+01 8.5e+05 1.0e+00 82  5  0  9  0  96 96 46 99 17    94       0      4 1.27e+00    2 1.72e+00  0

--- Event Stage 1: Mesh Setup

BuildTwoSided         23 1.0 3.8051e-01 8.4 0.00e+00 0.0 3.7e+02 4.0e+00 0.0e+00  0  0  1  0  0   5  0 22  0  0     0       0      0 0.00e+00    0 0.00e+00  0
BuildTwoSidedF         1 1.0 3.3892e-02 489.2 0.00e+00 0.0 0.0e+00 0.0e+00 0.0e+00  0  0  0  0  0   1  0  0  0  0     0       0      0 0.00e+00    0 0.00e+00  0
DMCreateMat            1 1.0 1.1582e+00 1.0 0.00e+00 0.0 4.7e+02 3.9e+05 4.0e+00  3  0  1 21  2  37  0 28 84  7     0       0      0 0.00e+00    0 0.00e+00  0
DMProjectFunc          6 1.0 3.8394e-01 1.0 3.46e+07 1.0 0.0e+00 0.0e+00 1.0e+00  1  0  0  0  0  12 85  0  0  2   721       0      0 0.00e+00    6 5.17e+00  0
DMPlexCrFromOpts       1 1.0 3.3289e-02 1.0 0.00e+00 0.0 0.0e+00 0.0e+00 0.0e+00  0  0  0  0  0   1  0  0  0  0     0       0      0 0.00e+00    0 0.00e+00  0
Mesh Partition         1 1.0 9.2646e-02 1.0 0.00e+00 0.0 3.5e+01 1.5e+05 3.0e+00  0  0  0  1  1   3  0  2  2  6     0       0      0 0.00e+00    0 0.00e+00  0
Mesh Migration         1 1.0 5.6439e-01 1.0 0.00e+00 0.0 2.0e+02 1.1e+05 1.6e+01  1  0  0  2  7  18  0 12 10 30     0       0      0 0.00e+00    0 0.00e+00  0
DMPlexPartSelf         1 1.0 3.5405e-02 4513.0 0.00e+00 0.0 0.0e+00 0.0e+00 0.0e+00  0  0  0  0  0   0  0  0  0  0     0       0      0 0.00e+00    0 0.00e+00  0
DMPlexPartLblInv       1 1.0 4.0099e-02 7.5 0.00e+00 0.0 0.0e+00 0.0e+00 2.0e+00  0  0  0  0  1   1  0  0  1  4     0       0      0 0.00e+00    0 0.00e+00  0
DMPlexPartLblSF        1 1.0 5.1193e-03 1.1 0.00e+00 0.0 1.4e+01 7.2e+04 0.0e+00  0  0  0  0  0   0  0  1  0  0     0       0      0 0.00e+00    0 0.00e+00  0
DMPlexPartStrtSF       1 1.0 4.3596e-02 1.0 0.00e+00 0.0 7.0e+00 2.9e+05 0.0e+00  0  0  0  0  0   1  0  0  1  0     0       0      0 0.00e+00    0 0.00e+00  0
DMPlexPointSF          1 1.0 8.3213e-01 1.0 0.00e+00 0.0 1.4e+01 3.6e+05 0.0e+00  2  0  0  1  0  27  0  1  2  0     0       0      0 0.00e+00    0 0.00e+00  0
DMPlexInterp          36 1.0 2.6071e-03 1.0 0.00e+00 0.0 0.0e+00 0.0e+00 0.0e+00  0  0  0  0  0   0  0  0  0  0     0       0      0 0.00e+00    0 0.00e+00  0
DMPlexDistribute       1 1.0 1.4894e+00 1.0 0.00e+00 0.0 2.5e+02 1.3e+05 2.1e+01  3  0  0  4 10  48  0 15 15 39     0       0      0 0.00e+00    0 0.00e+00  0
DMPlexDistCones        1 1.0 1.4778e-02 1.0 0.00e+00 0.0 4.2e+01 2.6e+05 0.0e+00  0  0  0  1  0   0  0  2  5  0     0       0      0 0.00e+00    0 0.00e+00  0
DMPlexDistLabels       1 1.0 3.4448e-02 1.0 0.00e+00 0.0 1.0e+02 7.9e+04 1.4e+01  0  0  0  1  6   1  0  6  4 26     0       0      0 0.00e+00    0 0.00e+00  0
DMPlexDistField        1 1.0 5.0937e-01 1.0 0.00e+00 0.0 4.9e+01 3.9e+04 0.0e+00  1  0  0  0  0  16  0  3  1  0     0       0      0 0.00e+00    0 0.00e+00  0
DMPlexStratify        53 1.0 3.3799e-02 3.4 0.00e+00 0.0 0.0e+00 0.0e+00 0.0e+00  0  0  0  0  0   1  0  0  0  0     0       0      0 0.00e+00    0 0.00e+00  0
DMPlexSymmetrize      53 1.0 1.2638e-02 10.9 0.00e+00 0.0 0.0e+00 0.0e+00 0.0e+00  0  0  0  0  0   0  0  0  0  0     0       0      0 0.00e+00    0 0.00e+00  0
DMPlexPrealloc         1 1.0 1.1555e+00 1.0 0.00e+00 0.0 4.7e+02 3.9e+05 4.0e+00  3  0  1 21  2  37  0 28 84  7     0       0      0 0.00e+00    0 0.00e+00  0
DMPlexGenerate         1 1.0 3.3254e-02 1.0 0.00e+00 0.0 0.0e+00 0.0e+00 0.0e+00  0  0  0  0  0   1  0  0  0  0     0       0      0 0.00e+00    0 0.00e+00  0
SFSetGraph            27 1.0 1.4238e-02 5.2 0.00e+00 0.0 0.0e+00 0.0e+00 0.0e+00  0  0  0  0  0   0  0  0  0  0     0       0      0 0.00e+00    0 0.00e+00  0
SFSetUp               22 1.0 4.6011e-01 4.6 0.00e+00 0.0 7.3e+02 9.3e+04 0.0e+00  0  0  1  8  0   7  0 44 31  0     0       0      0 0.00e+00    0 0.00e+00  0
SFBcastBegin          49 1.0 8.7317e-03 12.4 0.00e+00 0.0 6.8e+02 6.4e+04 0.0e+00  0  0  1  5  0   0  0 40 20  0     0       0      0 0.00e+00    0 0.00e+00  0
SFBcastEnd            49 1.0 9.1120e-01 25.6 0.00e+00 0.0 0.0e+00 0.0e+00 0.0e+00  2  0  0  0  0  24  0  0  0  0     0       0      0 0.00e+00    0 0.00e+00  0
SFReduceBegin         11 1.0 1.0564e-01 171.2 0.00e+00 0.0 2.0e+02 3.3e+05 0.0e+00  0  0  0  7  0   0  0 12 30  0     0       0      0 0.00e+00    0 0.00e+00  0
SFReduceEnd           11 1.0 7.5676e-01 113.2 0.00e+00 0.0 0.0e+00 0.0e+00 0.0e+00  0  0  0  0  0   5  0  0  0  0     0       0      0 0.00e+00    0 0.00e+00  0
SFFetchOpBegin         2 1.0 1.0307e-03 36.4 0.00e+00 0.0 3.8e+01 5.4e+05 0.0e+00  0  0  0  2  0   0  0  2  9  0     0       0      0 0.00e+00    0 0.00e+00  0
SFFetchOpEnd           2 1.0 5.7751e-03 2.7 0.00e+00 0.0 3.8e+01 5.4e+05 0.0e+00  0  0  0  2  0   0  0  2  9  0     0       0      0 0.00e+00    0 0.00e+00  0
SFCreateEmbed          3 1.0 1.7537e-02 30.0 0.00e+00 0.0 4.5e+01 6.7e+03 0.0e+00  0  0  0  0  0   0  0  3  0  0     0       0      0 0.00e+00    0 0.00e+00  0
SFDistSection          9 1.0 1.0073e-02 1.9 0.00e+00 0.0 3.1e+02 3.0e+04 0.0e+00  0  0  1  1  0   0  0 19  4  0     0       0      0 0.00e+00    0 0.00e+00  0
SFSectionSF           11 1.0 4.0935e-01 9.9 0.00e+00 0.0 2.9e+02 8.6e+04 0.0e+00  0  0  1  3  0   5  0 17 11  0     0       0      0 0.00e+00    0 0.00e+00  0
SFRemoteOff            2 1.0 1.7322e-02 18.2 0.00e+00 0.0 7.6e+01 3.4e+03 0.0e+00  0  0  0  0  0   0  0  5  0  0     0       0      0 0.00e+00    0 0.00e+00  0
SFPack                62 1.0 9.7174e-03 17.4 0.00e+00 0.0 0.0e+00 0.0e+00 0.0e+00  0  0  0  0  0   0  0  0  0  0     0       0      0 0.00e+00    0 0.00e+00  0
SFUnpack              64 1.0 7.3067e-01 249.2 0.00e+00 0.0 0.0e+00 0.0e+00 0.0e+00  0  0  0  0  0   3  0  0  0  0     0       0      0 0.00e+00    0 0.00e+00  0
VecMDot                5 1.0 5.6914e-03 1.0 2.95e+06 1.1 0.0e+00 0.0e+00 0.0e+00  0  0  0  0  0   0  7  0  0  0  3954       0      0 0.00e+00    6 8.00e-05 100
VecNorm                6 1.0 4.4487e-03 5.9 1.18e+06 1.1 0.0e+00 0.0e+00 0.0e+00  0  0  0  0  0   0  3  0  0  0  2023       0      0 0.00e+00    0 0.00e+00 100
VecScale               6 1.0 1.9182e-04 1.1 5.90e+05 1.1 0.0e+00 0.0e+00 0.0e+00  0  0  0  0  0   0  1  0  0  0 23464       0      0 0.00e+00    0 0.00e+00 100
VecCopy                1 1.0 7.0840e-06 1.3 0.00e+00 0.0 0.0e+00 0.0e+00 0.0e+00  0  0  0  0  0   0  0  0  0  0     0       0      0 0.00e+00    0 0.00e+00  0
VecSet                 8 1.0 9.7640e-05 1.2 0.00e+00 0.0 0.0e+00 0.0e+00 0.0e+00  0  0  0  0  0   0  0  0  0  0     0       0      0 0.00e+00    0 0.00e+00  0
VecAXPY                7 1.0 5.8204e-04 1.1 1.38e+06 1.1 0.0e+00 0.0e+00 0.0e+00  0  0  0  0  0   0  3  0  0  0 18044       0      0 0.00e+00    0 0.00e+00 100
VecNormalize           6 1.0 4.6482e-03 4.9 1.77e+06 1.1 0.0e+00 0.0e+00 0.0e+00  0  0  0  0  0   0  4  0  0  0  2905       0      0 0.00e+00    0 0.00e+00 100
DCtxCreate             1 1.0 2.0430e-05 1.6 0.00e+00 0.0 0.0e+00 0.0e+00 0.0e+00  0  0  0  0  0   0  0  0  0  0     0       0      0 0.00e+00    0 0.00e+00  0
DCtxSetUp              1 1.0 9.0880e-06 1.1 0.00e+00 0.0 0.0e+00 0.0e+00 0.0e+00  0  0  0  0  0   0  0  0  0  0     0       0      0 0.00e+00    0 0.00e+00  0
DCtxSetDevice          1 1.0 1.5891e-05 1.1 0.00e+00 0.0 0.0e+00 0.0e+00 0.0e+00  0  0  0  0  0   0  0  0  0  0     0       0      0 0.00e+00    0 0.00e+00  0
DualSpaceSetUp         6 1.0 1.4454e-02 1.0 3.61e+03 1.0 0.0e+00 0.0e+00 0.0e+00  0  0  0  0  0   0  0  0  0  0     2       0      0 0.00e+00    0 0.00e+00  0
FESetUp                6 1.0 6.0616e-04 1.1 0.00e+00 0.0 0.0e+00 0.0e+00 0.0e+00  0  0  0  0  0   0  0  0  0  0     0       0      0 0.00e+00    0 0.00e+00  0
MatMult            24576 1.0 5.8181e-03 1.1 1.99e+06 1.0 0.0e+00 0.0e+00 0.0e+00  0  0  0  0  0   0  5  0  0  0  2737       0      0 0.00e+00    0 0.00e+00  0
MatAssemblyBegin      68 1.0 3.3937e-02 306.7 0.00e+00 0.0 0.0e+00 0.0e+00 0.0e+00  0  0  0  0  0   1  0  0  0  0     0       0      0 0.00e+00    0 0.00e+00  0
MatAssemblyEnd        68 1.0 1.6455e-02 1.0 0.00e+00 0.0 1.1e+02 4.0e+03 1.0e+00  0  0  0  0  0   1  0  7  0  2     0       0      0 0.00e+00    0 0.00e+00  0
MatSetPreallCOO       36 1.0 7.8463e-05 1.2 0.00e+00 0.0 0.0e+00 0.0e+00 0.0e+00  0  0  0  0  0   0  0  0  0  0     0       0      0 0.00e+00    0 0.00e+00  0
MatSetValuesCOO       36 1.0 5.1381e-05 1.2 0.00e+00 0.0 0.0e+00 0.0e+00 0.0e+00  0  0  0  0  0   0  0  0  0  0     0       0      0 0.00e+00    0 0.00e+00  0

--- Event Stage 2: Solve 0

BuildTwoSided        193 1.0 1.1416e-01 6.9 0.00e+00 0.0 3.1e+03 4.0e+00 0.0e+00  0  0  6  0  0   2  0  9  0  0     0       0      0 0.00e+00    0 0.00e+00  0
BuildTwoSidedF       117 1.0 1.0635e-01 10.9 0.00e+00 0.0 6.8e+02 2.8e+05 0.0e+00  0  0  1 21  0   2  0  2 42  0     0       0      0 0.00e+00    0 0.00e+00  0
DMPlexResidualFE       1 1.0 4.2628e-01 1.0 4.08e+08 1.0 0.0e+00 0.0e+00 0.0e+00  1  4  0  0  0  14  9  0  0  0  7659       0      0 0.00e+00    2 1.72e+00  0
SFSetGraph            82 1.0 7.8251e-04 1.8 0.00e+00 0.0 0.0e+00 0.0e+00 0.0e+00  0  0  0  0  0   0  0  0  0  0     0       0      0 0.00e+00    0 0.00e+00  0
SFSetUp               76 1.0 1.6974e-02 1.1 0.00e+00 0.0 5.6e+03 6.3e+02 0.0e+00  0  0 10  0  0   1  0 17  1  0     0       0      0 0.00e+00    0 0.00e+00  0
SFBcastBegin          46 1.0 5.3516e-03 1.3 0.00e+00 0.0 2.5e+03 2.1e+04 0.0e+00  0  0  5  6  0   0  0  8 12  0     0       0      0 0.00e+00    0 0.00e+00  0
SFBcastEnd            46 1.0 3.1134e-03 1.5 0.00e+00 0.0 0.0e+00 0.0e+00 0.0e+00  0  0  0  0  0   0  0  0  0  0     0       0      0 0.00e+00    0 0.00e+00  0
SFReduceBegin         24 1.0 6.2920e-03 1.9 0.00e+00 0.0 5.6e+02 3.8e+04 0.0e+00  0  0  1  2  0   0  0  2  5  0     0       0      0 0.00e+00    0 0.00e+00  0
SFReduceEnd           24 1.0 7.6343e-03 3.8 9.51e+03 0.0 0.0e+00 0.0e+00 0.0e+00  0  0  0  0  0   0  0  0  0  0     5       0      0 0.00e+00    0 0.00e+00 100
SFFetchOpBegin         6 1.0 1.2038e-04 1.5 0.00e+00 0.0 1.2e+02 4.0e+00 0.0e+00  0  0  0  0  0   0  0  0  0  0     0       0      0 0.00e+00    0 0.00e+00  0
SFFetchOpEnd           6 1.0 2.2943e-04 1.6 0.00e+00 0.0 1.2e+02 4.0e+00 0.0e+00  0  0  0  0  0   0  0  0  0  0     0       0      0 0.00e+00    0 0.00e+00  0
SFCreateEmbed          6 1.0 7.9748e-04 1.1 0.00e+00 0.0 3.4e+02 2.4e+02 0.0e+00  0  0  1  0  0   0  0  1  0  0     0       0      0 0.00e+00    0 0.00e+00  0
SFSectionSF            6 1.0 2.7136e-03 1.1 0.00e+00 0.0 6.7e+02 1.9e+03 0.0e+00  0  0  1  0  0   0  0  2  0  0     0       0      0 0.00e+00    0 0.00e+00  0
SFRemoteOff            6 1.0 1.5960e-03 1.0 0.00e+00 0.0 6.7e+02 6.1e+02 0.0e+00  0  0  1  0  0   0  0  2  0  0     0       0      0 0.00e+00    0 0.00e+00  0
SFPack               599 1.0 2.9200e-03 1.3 0.00e+00 0.0 0.0e+00 0.0e+00 0.0e+00  0  0  0  0  0   0  0  0  0  0     0       0      3 6.51e-02    0 0.00e+00  0
SFUnpack             605 1.0 4.7280e-04 1.3 3.16e+04 1.4 0.0e+00 0.0e+00 0.0e+00  0  0  0  0  0   0  0  0  0  0   429       0      2 4.35e-03    0 0.00e+00 100
VecTDot              178 1.0 1.4964e-02 1.2 1.71e+07 1.1 0.0e+00 0.0e+00 0.0e+00  0  0  0  0  0   0  0  0  0  0  8703       0      0 0.00e+00    0 0.00e+00 100
VecNorm               53 1.0 3.1251e-03 1.2 6.14e+06 1.1 0.0e+00 0.0e+00 0.0e+00  0  0  0  0  0   0  0  0  0  0 14975       0      0 0.00e+00    0 0.00e+00 100
VecCopy              185 1.0 1.0550e-03 1.0 0.00e+00 0.0 0.0e+00 0.0e+00 0.0e+00  0  0  0  0  0   0  0  0  0  0     0       0      0 0.00e+00    0 0.00e+00  0
VecSet                86 1.0 3.6017e-04 1.2 0.00e+00 0.0 0.0e+00 0.0e+00 0.0e+00  0  0  0  0  0   0  0  0  0  0     0       0      0 0.00e+00    0 0.00e+00  0
VecAXPY              160 1.0 7.7498e-04 1.1 1.59e+07 1.1 0.0e+00 0.0e+00 0.0e+00  0  0  0  0  0   0  0  0  0  0 156234       0      0 0.00e+00    0 0.00e+00 100
VecAYPX              414 1.0 1.9195e-03 1.1 3.00e+07 1.1 0.0e+00 0.0e+00 0.0e+00  0  0  0  0  0   0  1  0  0  0 119056       0      0 0.00e+00    0 0.00e+00 100
VecAXPBYCZ           114 1.0 7.3029e-04 1.1 1.90e+07 1.1 0.0e+00 0.0e+00 0.0e+00  0  0  0  0  0   0  0  0  0  0 198600       0      0 0.00e+00    0 0.00e+00 100
VecAssemblyBegin      98 1.0 1.4261e-02 2.9 0.00e+00 0.0 0.0e+00 0.0e+00 0.0e+00  0  0  0  0  0   0  0  0  0  0     0       0      0 0.00e+00    0 0.00e+00  0
VecAssemblyEnd        98 1.0 4.1094e-05 1.1 0.00e+00 0.0 0.0e+00 0.0e+00 0.0e+00  0  0  0  0  0   0  0  0  0  0     0       0      0 0.00e+00    0 0.00e+00  0
VecPointwiseMult      52 1.0 2.5854e-04 1.4 1.10e+06 1.1 0.0e+00 0.0e+00 0.0e+00  0  0  0  0  0   0  0  0  0  0 32478       0      0 0.00e+00    0 0.00e+00 100
VecReciprocal         10 1.0 1.3030e-04 1.1 0.00e+00 0.0 0.0e+00 0.0e+00 0.0e+00  0  0  0  0  0   0  0  0  0  0     0       0      0 0.00e+00    0 0.00e+00  0
VecSetValues      765059 1.1 4.5568e-02 1.1 0.00e+00 0.0 0.0e+00 0.0e+00 0.0e+00  0  0  0  0  0   1  0  0  0  0     0       0      0 0.00e+00    0 0.00e+00  0
VecScatterBegin      523 1.0 9.2340e-02 1.5 0.00e+00 0.0 2.4e+04 5.8e+03 0.0e+00  0  0 43 16  0   2  0 71 31  0     0       0      6 1.97e-01    0 0.00e+00  0
VecScatterEnd        523 1.0 4.1619e-02 3.7 2.23e+04 1.2 0.0e+00 0.0e+00 0.0e+00  0  0  0  0  0   1  0  0  0  0     4       0      2 4.35e-03    0 0.00e+00 100
MatMult             1028 1.0 9.1941e-02 1.0 4.29e+09 1.1 1.7e+04 6.9e+03 0.0e+00  0 41 31 13  0   3 84 51 26  0 350160       0      6 1.97e-01    0 0.00e+00 100
MatMultAdd            57 1.0 6.6769e-03 1.1 1.14e+08 1.1 2.2e+03 6.0e+02 0.0e+00  0  1  4  0  0   0  2  7  0  0 128992       0      0 0.00e+00    0 0.00e+00 100
MatMultTranspose      57 1.0 1.1996e-02 1.2 1.14e+08 1.1 2.2e+03 6.0e+02 0.0e+00  0  1  4  0  0   0  2  7  0  0 71808       0      2 4.35e-03    0 0.00e+00 100
MatConvert            14 1.0 7.4219e-01 1.0 0.00e+00 0.0 6.8e+02 1.3e+02 3.3e+01  2  0  1  0 15  24  0  2  0 24     0       0      0 0.00e+00    9 2.53e+01  0
MatScale               9 1.0 3.6084e-03 1.1 7.04e+06 1.1 1.7e+02 1.9e+03 0.0e+00  0  0  0  0  0   0  0  0  0  0 14714       0      0 0.00e+00    0 0.00e+00 43
MatResidual           57 1.0 1.1963e-02 1.1 7.17e+08 1.1 3.2e+03 6.3e+03 0.0e+00  0  7  6  2  0   0 14  9  4  0 449777       0      0 0.00e+00    0 0.00e+00 100
MatAssemblyBegin      56 1.0 1.3231e-01 1.5 0.00e+00 0.0 6.8e+02 2.8e+05 0.0e+00  0  0  1 21  0   4  0  2 42  0     0       0      0 0.00e+00    0 0.00e+00  0
MatAssemblyEnd        56 1.0 2.3333e-01 1.3 0.00e+00 0.0 2.1e+03 4.6e+02 3.1e+01  0  0  4  0 14   7  0  6  0 22     0       0      0 0.00e+00    7 2.93e+00  0
MatSetValues     4013238 1.1 6.6182e-01 1.1 2.62e+06 1.1 0.0e+00 0.0e+00 0.0e+00  1  0  0  0  0  20  0  0  0  0    30       0      0 0.00e+00    0 0.00e+00  0
MatGetRow         399885 1.1 4.1967e-02 1.1 0.00e+00 0.0 0.0e+00 0.0e+00 0.0e+00  0  0  0  0  0   1  0  0  0  0     0       0      0 0.00e+00    0 0.00e+00  0
MatCreateSubMat        1 1.0 2.7361e-03 1.0 0.00e+00 0.0 6.2e+01 2.3e+01 1.1e+01  0  0  0  0  5   0  0  0  0  8     0       0      0 0.00e+00    1 5.72e-03  0
MatCoarsen             3 1.0 1.3256e-02 1.0 0.00e+00 0.0 1.5e+03 1.5e+03 1.8e+01  0  0  3  0  8   0  0  4  1 13     0       0      0 0.00e+00    0 0.00e+00  0
MatAXPY                6 1.0 8.4584e-01 1.0 2.62e+06 1.1 9.7e+02 2.6e+02 3.0e+01  2  0  2  0 14  28  0  3  0 22    23       0      0 0.00e+00    8 2.53e+01  0
MatTranspose           7 1.0 5.5890e-02 1.1 0.00e+00 0.0 1.4e+03 9.4e+03 1.5e+01  0  0  2  1  7   2  0  4  3 11     0       0      0 0.00e+00    0 0.00e+00  0
MatMatMultSym          3 1.0 1.7184e-01 1.0 0.00e+00 0.0 2.0e+03 3.6e+03 2.1e+01  0  0  4  1 10   6  0  6  2 15     0       0      0 0.00e+00   24 2.00e+02  0
MatMatMultNum          3 1.0 5.8200e-07 1.2 0.00e+00 0.0 0.0e+00 0.0e+00 0.0e+00  0  0  0  0  0   0  0  0  0  0     0       0      0 0.00e+00    0 0.00e+00  0
MatPtAPSymbolic        3 1.0 2.3598e-01 1.0 0.00e+00 0.0 3.0e+03 2.3e+04 2.1e+01  1  0  5  8 10   8  0  9 15 15     0       0      0 0.00e+00   24 2.11e+02  0
MatPtAPNumeric         3 1.0 5.7200e-07 1.1 0.00e+00 0.0 0.0e+00 0.0e+00 0.0e+00  0  0  0  0  0   0  0  0  0  0     0       0      0 0.00e+00    0 0.00e+00  0
MatTrnMatMultSym       1 1.0 8.6797e-01 1.0 0.00e+00 0.0 3.9e+02 5.5e+05 4.0e+00  2  0  1 24  2  28  0  1 48  3     0       0      0 0.00e+00    0 0.00e+00  0
MatGetLocalMat         1 1.0 2.8472e-03 1.1 0.00e+00 0.0 0.0e+00 0.0e+00 0.0e+00  0  0  0  0  0   0  0  0  0  0     0       0      0 0.00e+00    0 0.00e+00  0
MatCreateGraph         3 1.0 1.7144e-01 1.0 6.07e+06 1.1 2.0e+03 6.6e+03 2.1e+01  0  0  4  2 10   6  0  6  3 15   266       0      0 0.00e+00    4 5.21e+00  0
MatSetPreallCOO        6 1.0 3.6642e-02 1.0 0.00e+00 0.0 1.9e+03 5.2e+02 2.4e+01  0  0  3  0 11   1  0  6  0 17     0       0      0 0.00e+00   18 3.21e+01  0
MatSetValuesCOO        6 1.0 6.2756e-03 1.1 0.00e+00 0.0 1.2e+02 1.8e+05 0.0e+00  0  0  0  2  0   0  0  0  5  0     0       0      0 0.00e+00    0 0.00e+00  0
KSPSetUp               1 1.0 4.5386e-04 1.6 0.00e+00 0.0 0.0e+00 0.0e+00 0.0e+00  0  0  0  0  0   0  0  0  0  0     0       0      0 0.00e+00    0 0.00e+00  0
KSPSolve               1 1.0 7.9819e-02 1.0 3.88e+09 1.1 1.8e+04 5.5e+03 0.0e+00  0 37 33 11  0   3 76 54 22  0 364954       0      2 4.35e-03    0 0.00e+00 100
SNESSolve              1 1.0 3.0527e+00 1.0 5.08e+09 1.1 3.4e+04 1.3e+04 1.4e+02  7 49 61 51 64 100 100 100 100 100 12562       0     10 1.93e+00   73 4.49e+02 91
SNESSetUp              1 1.0 4.8869e-04 1.4 0.00e+00 0.0 0.0e+00 0.0e+00 0.0e+00  0  0  0  0  0   0  0  0  0  0     0       0      0 0.00e+00    0 0.00e+00  0
SNESFunctionEval       1 1.0 4.5449e-01 1.0 4.09e+08 1.0 3.8e+01 1.5e+04 0.0e+00  1  4  0  0  0  15  9  0  0  0  7201       0      2 1.72e+00    3 2.59e+00  0
PCSetUp_GAMG+          1 1.0 2.5196e+00 1.0 7.92e+08 1.1 1.6e+04 2.2e+04 1.4e+02  6  8 28 40 64  82 15 46 78 100  2358       0      6 1.97e-01   70 4.46e+02 99
 PCGAMGCreateG         3 1.0 1.7144e-01 1.0 6.07e+06 1.1 2.0e+03 6.6e+03 2.1e+01  0  0  4  2 10   6  0  6  3 15   266       0      0 0.00e+00    4 5.21e+00  0
 GAMG Coarsen          6 1.0 9.0965e-01 1.0 0.00e+00 0.0 2.2e+03 1.0e+05 2.2e+01  2  0  4 25 10  30  0  6 49 16     0       0      0 0.00e+00    0 0.00e+00  0
  GAMG MIS/Agg         3 1.0 8.8261e-01 1.0 0.00e+00 0.0 1.9e+03 1.2e+05 2.2e+01  2  0  3 25 10  29  0  6 48 16     0       0      0 0.00e+00    0 0.00e+00  0
 PCGAMGProl            3 1.0 1.8028e-01 1.0 0.00e+00 0.0 2.2e+03 8.2e+03 9.0e+00  0  0  4  2  4   6  0  7  4  6     0       0      0 0.00e+00    3 2.66e-01  0
  GAMG Prol-col        3 1.0 8.5378e-02 1.0 0.00e+00 0.0 2.0e+03 7.2e+03 0.0e+00  0  0  4  2  0   3  0  6  3  0     0       0      0 0.00e+00    0 0.00e+00  0
  GAMG Prol-lift       3 1.0 9.0968e-02 1.0 0.00e+00 0.0 2.6e+02 1.6e+04 3.0e+00  0  0  0  0  1   3  0  1  1  2     0       0      0 0.00e+00    3 2.66e-01  0
 PCGAMGOptProl         3 1.0 9.9587e-01 1.0 3.91e+08 1.1 4.3e+03 4.1e+03 4.8e+01  2  4  8  2 22  33  8 13  4 35  2944       0      6 1.97e-01   32 2.25e+02 100
  GAMG smooth          3 1.0 9.4836e-01 1.0 3.59e+06 1.1 2.6e+03 2.8e+03 4.8e+01  2  0  5  1 22  31  0  8  2 35    29       0      0 0.00e+00   32 2.25e+02 83
 PCGAMGCreateL         3 1.0 2.3973e-01 1.0 0.00e+00 0.0 3.1e+03 2.2e+04 3.8e+01  1  0  6  8 18   8  0  9 15 27     0       0      0 0.00e+00   25 2.11e+02  0
  GAMG PtAP            3 1.0 2.3601e-01 1.0 0.00e+00 0.0 3.0e+03 2.3e+04 2.1e+01  1  0  5  8 10   8  0  9 15 15     0       0      0 0.00e+00   24 2.11e+02  0
  GAMG Reduce          1 1.0 1.3833e-02 1.0 0.00e+00 0.0 6.4e+02 6.1e+02 2.4e+01  0  0  1  0 11   0  0  2  0 17     0       0      0 0.00e+00    9 3.86e-01  0
PCGAMG Squ l00         1 1.0 8.6797e-01 1.0 0.00e+00 0.0 3.9e+02 5.5e+05 4.0e+00  2  0  1 24  2  28  0  1 48  3     0       0      0 0.00e+00    0 0.00e+00  0
PCGAMG Gal l00         1 1.0 1.5810e-01 1.0 0.00e+00 0.0 1.2e+03 4.4e+04 7.0e+00  0  0  2  6  3   5  0  4 12  5     0       0      0 0.00e+00    8 2.01e+02  0
PCGAMG Opt l00         1 1.0 1.3932e-01 1.1 0.00e+00 0.0 7.2e+02 8.7e+03 7.0e+00  0  0  1  1  3   4  0  2  1  5     0       0      0 0.00e+00    8 1.92e+02  0
PCGAMG Gal l01         1 1.0 6.7903e-02 1.0 0.00e+00 0.0 1.2e+03 1.1e+04 7.0e+00  0  0  2  2  3   2  0  4  3  5     0       0      0 0.00e+00    8 9.74e+00  0
PCGAMG Opt l01         1 1.0 2.5645e-02 1.0 0.00e+00 0.0 7.3e+02 1.1e+03 7.0e+00  0  0  1  0  3   1  0  2  0  5     0       0      0 0.00e+00    8 6.87e+00  0
PCGAMG Gal l02         1 1.0 1.0135e-02 1.0 0.00e+00 0.0 5.7e+02 6.9e+02 7.0e+00  0  0  1  0  3   0  0  2  0  5     0       0      0 0.00e+00    8 3.80e-01  0
PCGAMG Opt l02         1 1.0 7.0045e-03 1.0 0.00e+00 0.0 5.7e+02 3.8e+02 7.0e+00  0  0  1  0  3   0  0  2  0  5     0       0      0 0.00e+00    8 3.52e-01  0
PCSetUp                1 1.0 2.5197e+00 1.0 7.92e+08 1.1 1.6e+04 2.2e+04 1.4e+02  6  8 28 40 64  82 15 46 78 100  2358       0      6 1.97e-01   70 4.46e+02 99
PCApply               19 1.0 6.8626e-02 1.0 3.17e+09 1.1 1.7e+04 4.8e+03 0.0e+00  0 31 31  9  0   2 62 51 18  0 346845       0      2 4.35e-03    0 0.00e+00 100

--- Event Stage 3: Hot Solve

DMPlexResidualFE       1 1.0 4.2613e-01 1.0 4.08e+08 1.0 0.0e+00 0.0e+00 0.0e+00  1  4  0  0  0  74  9  0  0  0  7661       0      0 0.00e+00    2 1.72e+00  0
SFBcastBegin           1 1.0 8.9403e-05 1.7 0.00e+00 0.0 1.9e+01 1.5e+04 0.0e+00  0  0  0  0  0   0  0  0  0  0     0       0      0 0.00e+00    0 0.00e+00  0
SFBcastEnd             1 1.0 5.9522e-04 76.3 0.00e+00 0.0 0.0e+00 0.0e+00 0.0e+00  0  0  0  0  0   0  0  0  0  0     0       0      0 0.00e+00    0 0.00e+00  0
SFReduceBegin          4 1.0 1.1832e-02 1.1 0.00e+00 0.0 1.4e+02 1.5e+05 0.0e+00  0  0  0  2  0   2  0  1 16  0     0       0      0 0.00e+00    0 0.00e+00  0
SFReduceEnd            4 1.0 4.0247e-03 6.1 9.51e+03 0.0 0.0e+00 0.0e+00 0.0e+00  0  0  0  0  0   0  0  0  0  0     9       0      0 0.00e+00    0 0.00e+00 100
SFPack               396 1.0 1.1979e-03 1.1 0.00e+00 0.0 0.0e+00 0.0e+00 0.0e+00  0  0  0  0  0   0  0  0  0  0     0       0      0 0.00e+00    0 0.00e+00  0
SFUnpack             396 1.0 3.4260e-04 1.4 3.16e+04 1.4 0.0e+00 0.0e+00 0.0e+00  0  0  0  0  0   0  0  0  0  0   592       0      0 0.00e+00    0 0.00e+00 100
VecTDot              109 1.0 8.2799e-03 1.2 1.25e+07 1.1 0.0e+00 0.0e+00 0.0e+00  0  0  0  0  0   1  0  0  0  0 11489       0      0 0.00e+00    0 0.00e+00 100
VecNorm               53 1.0 4.6358e-03 1.8 6.14e+06 1.1 0.0e+00 0.0e+00 0.0e+00  0  0  0  0  0   1  0  0  0  0 10095       0      0 0.00e+00    0 0.00e+00 100
VecCopy              179 1.0 1.0082e-03 1.0 0.00e+00 0.0 0.0e+00 0.0e+00 0.0e+00  0  0  0  0  0   0  0  0  0  0     0       0      0 0.00e+00    0 0.00e+00  0
VecSet                83 1.0 3.3697e-04 1.2 0.00e+00 0.0 0.0e+00 0.0e+00 0.0e+00  0  0  0  0  0   0  0  0  0  0     0       0      0 0.00e+00    0 0.00e+00  0
VecAXPY              100 1.0 4.3853e-04 1.1 1.19e+07 1.1 0.0e+00 0.0e+00 0.0e+00  0  0  0  0  0   0  0  0  0  0 206473       0      0 0.00e+00    0 0.00e+00 100
VecAYPX              387 1.0 1.7434e-03 1.1 2.82e+07 1.1 0.0e+00 0.0e+00 0.0e+00  0  0  0  0  0   0  1  0  0  0 123201       0      0 0.00e+00    0 0.00e+00 100
VecAXPBYCZ           114 1.0 4.9170e-04 1.1 1.90e+07 1.1 0.0e+00 0.0e+00 0.0e+00  0  0  0  0  0   0  0  0  0  0 294966       0      0 0.00e+00    0 0.00e+00 100
VecPointwiseMult      19 1.0 9.1356e-05 2.8 3.42e+02 0.0 0.0e+00 0.0e+00 0.0e+00  0  0  0  0  0   0  0  0  0  0     4       0      0 0.00e+00    0 0.00e+00 100
VecReciprocal          1 1.0 5.5610e-06 3.3 0.00e+00 0.0 0.0e+00 0.0e+00 0.0e+00  0  0  0  0  0   0  0  0  0  0     0       0      0 0.00e+00    0 0.00e+00  0
VecScatterBegin      391 1.0 5.6941e-02 1.1 0.00e+00 0.0 2.0e+04 5.5e+03 0.0e+00  0  0 36 13  0   9  0 99 84  0     0       0      0 0.00e+00    0 0.00e+00  0
VecScatterEnd        391 1.0 1.5658e-02 1.8 2.23e+04 1.2 0.0e+00 0.0e+00 0.0e+00  0  0  0  0  0   2  0  0  0  0    11       0      0 0.00e+00    0 0.00e+00 100
MatMult              998 1.0 5.8362e-02 1.0 3.91e+09 1.1 1.6e+04 7.0e+03 0.0e+00  0 38 28 12  0  10 83 77 82  0 503367       0      0 0.00e+00    0 0.00e+00 100
MatMultAdd            57 1.0 6.1609e-03 1.1 1.14e+08 1.1 2.2e+03 6.0e+02 0.0e+00  0  1  4  0  0   1  2 11  1  0 139796       0      0 0.00e+00    0 0.00e+00 100
MatMultTranspose      57 1.0 9.7746e-03 1.2 1.14e+08 1.1 2.2e+03 6.0e+02 0.0e+00  0  1  4  0  0   1  2 11  1  0 88129       0      0 0.00e+00    0 0.00e+00 100
MatResidual           57 1.0 1.2114e-02 1.0 7.17e+08 1.1 3.2e+03 6.3e+03 0.0e+00  0  7  6  2  0   2 15 16 15  0 444182       0      0 0.00e+00    0 0.00e+00 100
MatAssemblyBegin       3 1.0 7.0100e-07 1.9 0.00e+00 0.0 0.0e+00 0.0e+00 0.0e+00  0  0  0  0  0   0  0  0  0  0     0       0      0 0.00e+00    0 0.00e+00  0
MatAssemblyEnd         3 1.0 2.0650e-06 1.5 0.00e+00 0.0 0.0e+00 0.0e+00 0.0e+00  0  0  0  0  0   0  0  0  0  0     0       0      0 0.00e+00    0 0.00e+00  0
MatPtAPNumeric         3 1.0 1.8787e-02 1.1 0.00e+00 0.0 1.2e+02 1.8e+05 0.0e+00  0  0  0  2  0   3  0  1 15  0     0       0      0 0.00e+00    0 0.00e+00  0
MatSetValuesCOO        3 1.0 1.3585e-02 1.2 0.00e+00 0.0 1.2e+02 1.8e+05 0.0e+00  0  0  0  2  0   2  0  1 15  0     0       0      0 0.00e+00    0 0.00e+00  0
KSPSetUp               1 1.0 3.8100e-07 2.4 0.00e+00 0.0 0.0e+00 0.0e+00 0.0e+00  0  0  0  0  0   0  0  0  0  0     0       0      0 0.00e+00    0 0.00e+00  0
KSPSolve               1 1.0 7.7031e-02 1.0 3.88e+09 1.1 1.8e+04 5.5e+03 0.0e+00  0 37 33 11  0  13 82 91 76  0 378164       0      0 0.00e+00    0 0.00e+00 100
SNESSolve              1 1.0 5.7617e-01 1.0 4.68e+09 1.1 2.0e+04 6.5e+03 0.0e+00  1 46 36 15  0 100 100 100 100  0 61388       0      5 4.05e+00    6 1.35e+02 91
SNESFunctionEval       1 1.0 4.5260e-01 1.0 4.09e+08 1.0 3.8e+01 1.5e+04 0.0e+00  1  4  0  0  0  78  9  0  0  0  7231       0      2 1.72e+00    3 2.59e+00  0
PCSetUp_GAMG+          1 1.0 4.8050e-02 1.0 3.95e+08 1.1 1.8e+03 1.7e+04 0.0e+00  0  4  3  4  0   8  8  9 24  0 61688       0      3 2.33e+00    3 1.33e+02 100
PCGAMG Gal l00         1 1.0 1.4519e-02 1.1 0.00e+00 0.0 5.3e+01 2.9e+05 0.0e+00  0  0  0  2  0   2  0  0 12  0     0       0      0 0.00e+00    0 0.00e+00  0
PCGAMG Gal l01         1 1.0 4.1290e-03 1.0 0.00e+00 0.0 5.6e+01 8.6e+04 0.0e+00  0  0  0  1  0   1  0  0  4  0     0       0      0 0.00e+00    0 0.00e+00  0
PCGAMG Gal l02         1 1.0 2.3622e-04 1.5 0.00e+00 0.0 7.0e+00 2.2e+03 0.0e+00  0  0  0  0  0   0  0  0  0  0     0       0      0 0.00e+00    0 0.00e+00  0
PCSetUp                1 1.0 4.8053e-02 1.0 3.95e+08 1.1 1.8e+03 1.7e+04 0.0e+00  0  4  3  4  0   8  8  9 24  0 61684       0      3 2.33e+00    3 1.33e+02 100
PCApply               19 1.0 6.5839e-02 1.0 3.17e+09 1.1 1.7e+04 4.8e+03 0.0e+00  0 31 31  9  0  11 67 86 63  0 361530       0      0 0.00e+00    0 0.00e+00 100
---------------------------------------------------------------------------------------------------------------------------------------------------------------

Object Type          Creations   Destructions. Reports information only for process 0.

--- Event Stage 0: Main Stage

           Container     2             40
    Distributed Mesh     0             38
            DM Label     0             57
          Quadrature     1            236
           Index Set    27            124
   IS L to G Mapping     0             97
             Section     0            114
   Star Forest Graph     1             76
     Discrete System     0             38
           Weak Form     0             39
    GraphPartitioner     0             15
              Vector     3             71
        Linear Space     0              6
          Dual Space     0             16
            FE Space     0              4
              Matrix     7             73
      Matrix Coarsen     0              1
   Matrix Null Space     0              1
                SNES     0              1
              DMSNES     0              1
       Krylov Solver     0              8
     DMKSP interface     0              1
       Field over DM     1              1
      Preconditioner     0              5
              Viewer     0              1

--- Event Stage 1: Mesh Setup

           Container    93             61
    Distributed Mesh   118             82
            DM Label   296            239
          Quadrature   533            298
           Index Set  1338           1241
   IS L to G Mapping   290            193
             Section   390            276
   Star Forest Graph   313            254
     Discrete System   175            139
           Weak Form   177            140
    GraphPartitioner    53             38
              Vector    78             51
  PetscDeviceContext     1              0
        Linear Space    12              6
          Dual Space    63             47
            FE Space     6              2
              Matrix   178            151
   Matrix Null Space     1              0
                SNES     1              0
              DMSNES     1              0
       Krylov Solver     1              0
       Field over DM     1              1
      Preconditioner     1              0
              Viewer     1              0

--- Event Stage 2: Solve 0

           Container    28             22
    Distributed Mesh     2              0
          Quadrature     1              1
           Index Set   137            137
             Section    12             12
   Star Forest Graph    86             70
     Discrete System     2              0
           Weak Form     2              0
              Vector   262            221
              Matrix   235            196
      Matrix Coarsen     3              2
       Krylov Solver    11              4
     DMKSP interface     1              0
      Preconditioner    11              7
         PetscRandom     3              3

--- Event Stage 3: Hot Solve

          Quadrature     1              1
           Index Set    33             33
              Vector     9              9
========================================================================================================================
Average time to get PetscTime(): 3.2e-08
Average time for MPI_Barrier(): 1.36604e-05
Average time for zero size MPI_Send(): 1.34699e-05
#PETSc Option Table entries:
-block_mat_type mpibaijkokkos # (source: command line)
-dm_mat_type mpiaij # (source: command line)
-dm_plex_box_faces 32,32,32 # (source: command line)
-dm_plex_dim 3 # (source: command line)
-dm_plex_simplex 0 # (source: command line)
-dm_vec_type kokkos # (source: command line)
-ksp_converged_reason # (source: command line)
-ksp_norm_type unpreconditioned # (source: command line)
-ksp_rtol 1e-6 # (source: command line)
-ksp_type cg # (source: command line)
-log_view # (source: command line)
-max_conv_its 1 # (source: command line)
-mg_coarse_pc_type jacobi # (source: command line)
-mg_levels_ksp_type chebyshev # (source: command line)
-mg_levels_pc_type pbjacobi # (source: command line)
-n_solves 2 # (source: command line)
-pc_gamg_agg_nsmooths 1 # (source: command line)
-pc_gamg_reuse_interpolation true # (source: command line)
-pc_gamg_type agg # (source: command line)
-pc_type gamg # (source: command line)
-petscpartitioner_simple_process_grid 2,2,2 # (source: command line)
-petscspace_degree 2 # (source: command line)
-run_type 1 # (source: command line)
-snes_lag_jacobian -2 # (source: command line)
-snes_type ksponly # (source: command line)
-use_mat_nearnullspace true # (source: command line)
#End of PETSc Option Table entries
Compiled without FORTRAN kernels
Compiled with full precision matrices (default)
sizeof(short) 2 sizeof(int) 4 sizeof(long) 8 sizeof(void*) 8 sizeof(PetscScalar) 8 sizeof(PetscInt) 4
Configure options: --with-kokkos-dir=/global/homes/m/madams/petsc/arch-perlmutter-opt-gcc-kokkos-cuda-notpl --with-kokkos-kernels-dir=/global/homes/m/madams/petsc/arch-perlmutter-opt-gcc-kokkos-cuda-notpl --with-triangle-dir=/global/homes/m/madams/petsc/arch-perlmutter-opt-gcc-kokkos-cuda-notpl --with-batch=0 --with-cc=cc --with-cxx=CC --with-fc=0 --with-debugging=0 --with-cuda=1 --with-cuda-arch=80 --with-kokkos-kernels-tpl=0 --with-make-np=8 --with-mpiexec=srun -G4 --gpu-bind=none PETSC_ARCH=arch-perlmutter-opt-gcc-kokkos-cuda-notpl
-----------------------------------------
Libraries compiled on 2026-06-22 14:37:25 on login21
Machine characteristics: Linux-6.4.0-150600.23.103_15.0.24-cray_shasta_c-x86_64-with-glibc2.3.4
Using PETSc directory: /global/u2/m/madams/petsc
Using PETSc arch: arch-perlmutter-opt-gcc-kokkos-cuda-notpl
-----------------------------------------

Using C compiler: cc  -fPIC -Wall -Wwrite-strings -Wno-unknown-pragmas -Wno-lto-type-mismatch -Wno-stringop-overflow -fstack-protector -fvisibility=hidden -g -O 
-----------------------------------------

Using include paths: -I/global/u2/m/madams/petsc/include -I/global/u2/m/madams/petsc/arch-perlmutter-opt-gcc-kokkos-cuda-notpl/include -I/global/homes/m/madams/petsc/arch-perlmutter-opt-gcc-kokkos-cuda-notpl/include -I/opt/nvidia/hpc_sdk/Linux_x86_64/25.5/cuda/12.9/include -I/opt/nvidia/hpc_sdk/Linux_x86_64/25.5/math_libs/12.9/include
-----------------------------------------

Using C linker: cc
Using libraries: -Wl,-rpath,/global/u2/m/madams/petsc/arch-perlmutter-opt-gcc-kokkos-cuda-notpl/lib -L/global/u2/m/madams/petsc/arch-perlmutter-opt-gcc-kokkos-cuda-notpl/lib -lpetsc -Wl,-rpath,/global/homes/m/madams/petsc/arch-perlmutter-opt-gcc-kokkos-cuda-notpl/lib -L/global/homes/m/madams/petsc/arch-perlmutter-opt-gcc-kokkos-cuda-notpl/lib -Wl,-rpath,/opt/nvidia/hpc_sdk/Linux_x86_64/25.5/cuda/12.9/lib64 -L/opt/nvidia/hpc_sdk/Linux_x86_64/25.5/cuda/12.9/lib64 -Wl,-rpath,/opt/nvidia/hpc_sdk/Linux_x86_64/25.5/math_libs/12.9/lib64 -L/opt/nvidia/hpc_sdk/Linux_x86_64/25.5/math_libs/12.9/lib64 -L/opt/nvidia/hpc_sdk/Linux_x86_64/25.5/cuda/12.9/lib64/stubs -lkokkoskernels -lkokkoscontainers -lkokkoscore -lkokkossimd -ltriangle -lcudart -lnvtx3interop -lcufft -lcublas -lcusparse -lcusolver -lcurand -lcuda -lnvidia-ml -lX11 -lstdc++ -lquadmath
-----------------------------------------

    Linear solve converged due to CONVERGED_RTOL iterations 19
    Linear solve converged due to CONVERGED_RTOL iterations 19
[0] 0) N=      750141, max displ=5.9664262e+01, error=8.950e-02
****************************************************************************************************************************************************************
***                                WIDEN YOUR WINDOW TO 160 CHARACTERS.  Use 'enscript -r -fCourier9' to print this document                                 ***
****************************************************************************************************************************************************************

------------------------------------------------------------------ PETSc Performance Summary: ------------------------------------------------------------------



      ##########################################################
      #                                                        #
      #                       WARNING!!!                       #
      #                                                        #
      #   This code was run with -log_view_gpu_time            #
      #   This provides accurate timing within the GPU kernels #
      #   but can slow down the entire computation by a        #
      #   measurable amount. For fastest runs we recommend     #
      #   not using this option.                               #
      #                                                        #
      ##########################################################


/global/homes/m/madams/petsc/arch-perlmutter-opt-gcc-kokkos-cuda-notpl/tests/snes/tutorials/ex56 on a arch-perlmutter-opt-gcc-kokkos-cuda-notpl named nid001161 with 8 processes and CUDA architecture 80, by madams on Mon Jun 22 07:54:31 2026
Using PETSc Development Git Revision: v3.25.2-340-g83d2bd4a8b4 Git Date: 2026-06-21 14:23:19 -0400

                         Max       Max/Min     Avg       Total
Time (sec):           4.553e+01     1.000   4.553e+01
Objects:              0.000e+00     0.000   0.000e+00
Flops:                1.026e+10     1.112   9.711e+09  7.769e+10
Flops/sec:            2.253e+08     1.112   2.133e+08  1.706e+09
MPI Msg Count:        7.400e+03     1.083   6.971e+03  5.577e+04
MPI Msg Len (bytes):  1.196e+08     1.123   1.579e+04  8.805e+08
MPI Reductions:       2.160e+02     1.000

Flop counting convention: 1 flop = 1 real number operation of type (multiply/divide/add/subtract)
                            e.g., VecAXPY() for real vectors of length N --> 2N flops
                            and VecAXPY() for complex vectors of length N --> 8N flops

Summary of Stages:   ----- Time ------  ----- Flop ------  --- Messages ---  -- Message Lengths --  -- Reductions --
                        Avg     %Total     Avg     %Total    Count   %Total     Avg         %Total    Count   %Total
 0:      Main Stage: 3.8734e+01  85.1%  3.6441e+09   4.7%  2.070e+02   0.4%  3.938e+05        9.3%  6.000e+00   2.8%
 1:      Mesh Setup: 3.0911e+00   6.8%  3.2729e+08   0.4%  1.682e+03   3.0%  1.296e+05       24.8%  5.400e+01  25.0%
 2:         Solve 0: 3.0983e+00   6.8%  3.8348e+10  49.4%  3.381e+04  60.6%  1.330e+04       51.0%  1.390e+02  64.4%
 3:       Hot Solve: 6.0597e-01   1.3%  3.5370e+10  45.5%  2.007e+04  36.0%  6.549e+03       14.9%  0.000e+00   0.0%

------------------------------------------------------------------------------------------------------------------------
See the 'Profiling' chapter of the users' manual for details on interpreting output.
Phase summary info:
   Count: number of times phase was executed
   Time and Flop: Max - maximum over all processes
                  Ratio - ratio of maximum to minimum over all processes
   Mess: number of messages sent
   AvgLen: average message length (bytes)
   Reduct: number of global reductions
   Global: entire computation
   Stage: stages of a computation. Set stages with PetscLogStagePush() and PetscLogStagePop().
      %T - percent time in this phase         %F - percent flop in this phase
      %M - percent messages in this phase     %L - percent message lengths in this phase
      %R - percent reductions in this phase
   Total Mflop/s: 1e-6 * (sum of flop over all processes)/(max time over all processes)
   GPU Mflop/s: 1e-6 * (sum of flop on GPU over all processes)/(max GPU time over all processes)
   CpuToGpu Count: total number of CPU to GPU copies per processor
   CpuToGpu Size (Mbytes): 1e-6 * (total size of CPU to GPU copies per processor)
   GpuToCpu Count: total number of GPU to CPU copies per processor
   GpuToCpu Size (Mbytes): 1e-6 * (total size of GPU to CPU copies per processor)
   GPU %F: percent flops on GPU in this event
------------------------------------------------------------------------------------------------------------------------
Event                Count      Time (sec)     Flop                              --- Global ---  --- Stage ----  Total   GPU    - CpuToGpu -   - GpuToCpu - GPU
                   Max Ratio  Max     Ratio   Max  Ratio  Mess   AvgLen  Reduct  %T %F %M %L %R  %T %F %M %L %R Mflop/s Mflop/s Count   Size   Count   Size  %F
---------------------------------------------------------------------------------------------------------------------------------------------------------------

--- Event Stage 0: Main Stage

BuildTwoSided          3 1.0 8.5646e-02 138.6 0.00e+00 0.0 9.4e+01 4.0e+00 0.0e+00  0  0  0  0  0   0  0 45  0  0     0       0      0 0.00e+00    0 0.00e+00  0
BuildTwoSidedF         1 1.0 8.9655e-02 205.9 0.00e+00 0.0 3.8e+01 2.1e+06 0.0e+00  0  0  0  9  0   0  0 18 99  0     0       0      0 0.00e+00    0 0.00e+00  0
DMPlexJacobianFE       1 1.0 3.7355e+01 1.0 4.39e+08 1.0 3.8e+01 2.1e+06 0.0e+00 82  5  0  9  0  96 96 18 99  0    94       0      0 0.00e+00    1 8.62e-01  0
SFSetGraph             2 1.0 9.1039e-04 1.1 0.00e+00 0.0 0.0e+00 0.0e+00 0.0e+00  0  0  0  0  0   0  0  0  0  0     0       0      0 0.00e+00    0 0.00e+00  0
SFSetUp                2 1.0 3.4790e-03 1.0 0.00e+00 0.0 1.5e+02 4.0e+03 0.0e+00  0  0  0  0  0   0  0 72  1  0     0       0      0 0.00e+00    0 0.00e+00  0
SFBcastBegin           1 1.0 6.9949e-03 2.3 0.00e+00 0.0 1.9e+01 1.5e+04 0.0e+00  0  0  0  0  0   0  0  9  0  0     0       0      2 3.93e-01    0 0.00e+00  0
SFBcastEnd             1 1.0 3.8373e-03 69.3 0.00e+00 0.0 0.0e+00 0.0e+00 0.0e+00  0  0  0  0  0   0  0  0  0  0     0       0      1 1.81e-02    0 0.00e+00  0
SFPack                 1 1.0 2.7402e-03 18268.1 0.00e+00 0.0 0.0e+00 0.0e+00 0.0e+00  0  0  0  0  0   0  0  0  0  0     0       0      1 1.81e-02    0 0.00e+00  0
SFUnpack               1 1.0 6.1869e-05 281.2 0.00e+00 0.0 0.0e+00 0.0e+00 0.0e+00  0  0  0  0  0   0  0  0  0  0     0       0      1 1.81e-02    0 0.00e+00  0
VecNorm                1 1.0 2.5368e-04 1.1 0.00e+00 0.0 0.0e+00 0.0e+00 0.0e+00  0  0  0  0  0   0  0  0  0  0     0       0      0 0.00e+00    0 0.00e+00  0
VecSet                 2 1.0 3.5759e-05 1.0 0.00e+00 0.0 0.0e+00 0.0e+00 0.0e+00  0  0  0  0  0   0  0  0  0  0     0       0      0 0.00e+00    0 0.00e+00  0
DCtxDestroy            1 1.0 2.2373e-05 1.1 0.00e+00 0.0 0.0e+00 0.0e+00 0.0e+00  0  0  0  0  0   0  0  0  0  0     0       0      0 0.00e+00    0 0.00e+00  0
MatMult              721 1.0 1.6573e-04 1.0 5.84e+04 1.0 0.0e+00 0.0e+00 0.0e+00  0  0  0  0  0   0  0  0  0  0  2819       0      0 0.00e+00    0 0.00e+00  0
MatConvert             1 1.0 1.3033e+00 1.1 0.00e+00 0.0 1.1e+02 4.0e+03 3.0e+00  3  0  0  0  1   3  0 54  1 50     0       0      0 0.00e+00    1 6.48e+00  0
MatScale               1 1.0 2.6246e-04 1.1 1.80e+07 1.1 0.0e+00 0.0e+00 0.0e+00  0  0  0  0  0   0  4  0  0  0 516742   656885      0 0.00e+00    0 0.00e+00 100
MatAssemblyBegin       2 1.0 8.9687e-02 1.1 0.00e+00 0.0 3.8e+01 2.1e+06 0.0e+00  0  0  0  9  0   0  0 18 99  0     0       0      0 0.00e+00    0 0.00e+00  0
MatAssemblyEnd         2 1.0 1.4728e-01 1.2 1.28e+06 0.0 1.1e+02 4.0e+03 1.0e+00  0  0  0  0  0   0  0 54  1 17    33       0      0 0.00e+00    1 6.48e+00  0
MatSetValues     2004472 1.1 7.9361e-01 1.1 2.42e+07 1.1 0.0e+00 0.0e+00 0.0e+00  2  0  0  0  0   2  5  0  0  0   236       0      0 0.00e+00    0 0.00e+00  0
MatGetRow         196608 1.1 4.7106e-02 1.1 0.00e+00 0.0 0.0e+00 0.0e+00 0.0e+00  0  0  0  0  0   0  0  0  0  0     0       0      0 0.00e+00    0 0.00e+00  0
MatZeroEntries         1 1.0 3.2418e-03 1.2 0.00e+00 0.0 0.0e+00 0.0e+00 0.0e+00  0  0  0  0  0   0  0  0  0  0     0       0      0 0.00e+00    0 0.00e+00  0
SNESJacobianEval       1 1.0 3.7392e+01 1.0 4.40e+08 1.0 9.5e+01 8.5e+05 1.0e+00 82  5  0  9  0  96 96 46 99 17    94       0      4 1.27e+00    2 1.72e+00  0

--- Event Stage 1: Mesh Setup

BuildTwoSided         23 1.0 4.0963e-01 7.5 0.00e+00 0.0 3.7e+02 4.0e+00 0.0e+00  0  0  1  0  0   5  0 22  0  0     0       0      0 0.00e+00    0 0.00e+00  0
BuildTwoSidedF         1 1.0 2.8054e-02 399.7 0.00e+00 0.0 0.0e+00 0.0e+00 0.0e+00  0  0  0  0  0   0  0  0  0  0     0       0      0 0.00e+00    0 0.00e+00  0
DMCreateMat            1 1.0 1.1489e+00 1.0 0.00e+00 0.0 4.7e+02 3.9e+05 4.0e+00  3  0  1 21  2  37  0 28 84  7     0       0      0 0.00e+00    0 0.00e+00  0
DMProjectFunc          6 1.0 3.8203e-01 1.0 3.46e+07 1.0 0.0e+00 0.0e+00 1.0e+00  1  0  0  0  0  12 85  0  0  2   724       0      0 0.00e+00    6 5.17e+00  0
DMPlexCrFromOpts       1 1.0 3.9185e-02 1.0 0.00e+00 0.0 0.0e+00 0.0e+00 0.0e+00  0  0  0  0  0   1  0  0  0  0     0       0      0 0.00e+00    0 0.00e+00  0
Mesh Partition         1 1.0 9.1473e-02 1.0 0.00e+00 0.0 3.5e+01 1.5e+05 3.0e+00  0  0  0  1  1   3  0  2  2  6     0       0      0 0.00e+00    0 0.00e+00  0
Mesh Migration         1 1.0 5.5516e-01 1.0 0.00e+00 0.0 2.0e+02 1.1e+05 1.6e+01  1  0  0  2  7  18  0 12 10 30     0       0      0 0.00e+00    0 0.00e+00  0
DMPlexPartSelf         1 1.0 3.6429e-02 4445.2 0.00e+00 0.0 0.0e+00 0.0e+00 0.0e+00  0  0  0  0  0   0  0  0  0  0     0       0      0 0.00e+00    0 0.00e+00  0
DMPlexPartLblInv       1 1.0 4.1140e-02 10.1 0.00e+00 0.0 0.0e+00 0.0e+00 2.0e+00  0  0  0  0  1   1  0  0  1  4     0       0      0 0.00e+00    0 0.00e+00  0
DMPlexPartLblSF        1 1.0 4.3026e-03 1.3 0.00e+00 0.0 1.4e+01 7.2e+04 0.0e+00  0  0  0  0  0   0  0  1  0  0     0       0      0 0.00e+00    0 0.00e+00  0
DMPlexPartStrtSF       1 1.0 4.3058e-02 1.0 0.00e+00 0.0 7.0e+00 2.9e+05 0.0e+00  0  0  0  0  0   1  0  0  1  0     0       0      0 0.00e+00    0 0.00e+00  0
DMPlexPointSF          1 1.0 8.2077e-01 1.0 0.00e+00 0.0 1.4e+01 3.6e+05 0.0e+00  2  0  0  1  0  27  0  1  2  0     0       0      0 0.00e+00    0 0.00e+00  0
DMPlexInterp          36 1.0 2.6336e-03 1.0 0.00e+00 0.0 0.0e+00 0.0e+00 0.0e+00  0  0  0  0  0   0  0  0  0  0     0       0      0 0.00e+00    0 0.00e+00  0
DMPlexDistribute       1 1.0 1.4676e+00 1.0 0.00e+00 0.0 2.5e+02 1.3e+05 2.1e+01  3  0  0  4 10  47  0 15 15 39     0       0      0 0.00e+00    0 0.00e+00  0
DMPlexDistCones        1 1.0 1.4309e-02 1.0 0.00e+00 0.0 4.2e+01 2.6e+05 0.0e+00  0  0  0  1  0   0  0  2  5  0     0       0      0 0.00e+00    0 0.00e+00  0
DMPlexDistLabels       1 1.0 3.3719e-02 1.0 0.00e+00 0.0 1.0e+02 7.9e+04 1.4e+01  0  0  0  1  6   1  0  6  4 26     0       0      0 0.00e+00    0 0.00e+00  0
DMPlexDistField        1 1.0 5.0129e-01 1.0 0.00e+00 0.0 4.9e+01 3.9e+04 0.0e+00  1  0  0  0  0  16  0  3  1  0     0       0      0 0.00e+00    0 0.00e+00  0
DMPlexStratify        53 1.0 3.9235e-02 2.8 0.00e+00 0.0 0.0e+00 0.0e+00 0.0e+00  0  0  0  0  0   1  0  0  0  0     0       0      0 0.00e+00    0 0.00e+00  0
DMPlexSymmetrize      53 1.0 1.3179e-02 11.3 0.00e+00 0.0 0.0e+00 0.0e+00 0.0e+00  0  0  0  0  0   0  0  0  0  0     0       0      0 0.00e+00    0 0.00e+00  0
DMPlexPrealloc         1 1.0 1.1463e+00 1.0 0.00e+00 0.0 4.7e+02 3.9e+05 4.0e+00  3  0  1 21  2  37  0 28 84  7     0       0      0 0.00e+00    0 0.00e+00  0
DMPlexGenerate         1 1.0 3.9147e-02 1.0 0.00e+00 0.0 0.0e+00 0.0e+00 0.0e+00  0  0  0  0  0   1  0  0  0  0     0       0      0 0.00e+00    0 0.00e+00  0
SFSetGraph            27 1.0 1.4453e-02 5.3 0.00e+00 0.0 0.0e+00 0.0e+00 0.0e+00  0  0  0  0  0   0  0  0  0  0     0       0      0 0.00e+00    0 0.00e+00  0
SFSetUp               22 1.0 4.9756e-01 4.9 0.00e+00 0.0 7.3e+02 9.3e+04 0.0e+00  0  0  1  8  0   7  0 44 31  0     0       0      0 0.00e+00    0 0.00e+00  0
SFBcastBegin          49 1.0 7.8335e-03 11.5 0.00e+00 0.0 6.8e+02 6.4e+04 0.0e+00  0  0  1  5  0   0  0 40 20  0     0       0      0 0.00e+00    0 0.00e+00  0
SFBcastEnd            49 1.0 8.9880e-01 25.5 0.00e+00 0.0 0.0e+00 0.0e+00 0.0e+00  2  0  0  0  0  24  0  0  0  0     0       0      0 0.00e+00    0 0.00e+00  0
SFReduceBegin         11 1.0 1.0714e-01 175.0 0.00e+00 0.0 2.0e+02 3.3e+05 0.0e+00  0  0  0  7  0   1  0 12 30  0     0       0      0 0.00e+00    0 0.00e+00  0
SFReduceEnd           11 1.0 7.4098e-01 99.2 0.00e+00 0.0 0.0e+00 0.0e+00 0.0e+00  0  0  0  0  0   5  0  0  0  0     0       0      0 0.00e+00    0 0.00e+00  0
SFFetchOpBegin         2 1.0 8.4981e-04 27.5 0.00e+00 0.0 3.8e+01 5.4e+05 0.0e+00  0  0  0  2  0   0  0  2  9  0     0       0      0 0.00e+00    0 0.00e+00  0
SFFetchOpEnd           2 1.0 5.8017e-03 2.9 0.00e+00 0.0 3.8e+01 5.4e+05 0.0e+00  0  0  0  2  0   0  0  2  9  0     0       0      0 0.00e+00    0 0.00e+00  0
SFCreateEmbed          3 1.0 1.7205e-02 28.2 0.00e+00 0.0 4.5e+01 6.7e+03 0.0e+00  0  0  0  0  0   0  0  3  0  0     0       0      0 0.00e+00    0 0.00e+00  0
SFDistSection          9 1.0 9.7004e-03 1.9 0.00e+00 0.0 3.1e+02 3.0e+04 0.0e+00  0  0  1  1  0   0  0 19  4  0     0       0      0 0.00e+00    0 0.00e+00  0
SFSectionSF           11 1.0 4.4697e-01 10.8 0.00e+00 0.0 2.9e+02 8.6e+04 0.0e+00  0  0  1  3  0   5  0 17 11  0     0       0      0 0.00e+00    0 0.00e+00  0
SFRemoteOff            2 1.0 1.6938e-02 18.1 0.00e+00 0.0 7.6e+01 3.4e+03 0.0e+00  0  0  0  0  0   0  0  5  0  0     0       0      0 0.00e+00    0 0.00e+00  0
SFPack                62 1.0 8.6664e-03 15.4 0.00e+00 0.0 0.0e+00 0.0e+00 0.0e+00  0  0  0  0  0   0  0  0  0  0     0       0      0 0.00e+00    0 0.00e+00  0
SFUnpack              64 1.0 7.1765e-01 248.8 0.00e+00 0.0 0.0e+00 0.0e+00 0.0e+00  0  0  0  0  0   3  0  0  0  0     0       0      0 0.00e+00    0 0.00e+00  0
VecMDot                5 1.0 5.9200e-03 1.0 2.95e+06 1.1 0.0e+00 0.0e+00 0.0e+00  0  0  0  0  0   0  7  0  0  0  3801    4521      0 0.00e+00    6 8.00e-05 100
VecNorm                6 1.0 3.6660e-03 4.4 1.18e+06 1.1 0.0e+00 0.0e+00 0.0e+00  0  0  0  0  0   0  3  0  0  0  2455   16392      0 0.00e+00    0 0.00e+00 100
VecScale               6 1.0 2.7191e-04 1.1 5.90e+05 1.1 0.0e+00 0.0e+00 0.0e+00  0  0  0  0  0   0  1  0  0  0 16553   21881      0 0.00e+00    0 0.00e+00 100
VecCopy                1 1.0 6.9030e-06 1.2 0.00e+00 0.0 0.0e+00 0.0e+00 0.0e+00  0  0  0  0  0   0  0  0  0  0     0       0      0 0.00e+00    0 0.00e+00  0
VecSet                 8 1.0 2.3659e-04 1.1 0.00e+00 0.0 0.0e+00 0.0e+00 0.0e+00  0  0  0  0  0   0  0  0  0  0     0       0      0 0.00e+00    0 0.00e+00  0
VecAXPY                7 1.0 6.7186e-04 1.1 1.38e+06 1.1 0.0e+00 0.0e+00 0.0e+00  0  0  0  0  0   0  3  0  0  0 15631   17695      0 0.00e+00    0 0.00e+00 100
VecNormalize           6 1.0 3.9393e-03 3.6 1.77e+06 1.1 0.0e+00 0.0e+00 0.0e+00  0  0  0  0  0   0  4  0  0  0  3428   18100      0 0.00e+00    0 0.00e+00 100
DCtxCreate             1 1.0 2.0590e-05 1.7 0.00e+00 0.0 0.0e+00 0.0e+00 0.0e+00  0  0  0  0  0   0  0  0  0  0     0       0      0 0.00e+00    0 0.00e+00  0
DCtxSetUp              1 1.0 9.8090e-06 1.4 0.00e+00 0.0 0.0e+00 0.0e+00 0.0e+00  0  0  0  0  0   0  0  0  0  0     0       0      0 0.00e+00    0 0.00e+00  0
DCtxSetDevice          1 1.0 2.3034e-05 1.8 0.00e+00 0.0 0.0e+00 0.0e+00 0.0e+00  0  0  0  0  0   0  0  0  0  0     0       0      0 0.00e+00    0 0.00e+00  0
DualSpaceSetUp         6 1.0 1.4712e-02 1.0 3.61e+03 1.0 0.0e+00 0.0e+00 0.0e+00  0  0  0  0  0   0  0  0  0  0     2       0      0 0.00e+00    0 0.00e+00  0
FESetUp                6 1.0 5.9676e-04 1.1 0.00e+00 0.0 0.0e+00 0.0e+00 0.0e+00  0  0  0  0  0   0  0  0  0  0     0       0      0 0.00e+00    0 0.00e+00  0
MatMult            24576 1.0 5.6855e-03 1.0 1.99e+06 1.0 0.0e+00 0.0e+00 0.0e+00  0  0  0  0  0   0  5  0  0  0  2801       0      0 0.00e+00    0 0.00e+00  0
MatAssemblyBegin      68 1.0 2.8095e-02 248.0 0.00e+00 0.0 0.0e+00 0.0e+00 0.0e+00  0  0  0  0  0   0  0  0  0  0     0       0      0 0.00e+00    0 0.00e+00  0
MatAssemblyEnd        68 1.0 1.6134e-02 1.0 0.00e+00 0.0 1.1e+02 4.0e+03 1.0e+00  0  0  0  0  0   1  0  7  0  2     0       0      0 0.00e+00    0 0.00e+00  0
MatSetPreallCOO       36 1.0 7.5467e-05 1.1 0.00e+00 0.0 0.0e+00 0.0e+00 0.0e+00  0  0  0  0  0   0  0  0  0  0     0       0      0 0.00e+00    0 0.00e+00  0
MatSetValuesCOO       36 1.0 4.6761e-05 1.1 0.00e+00 0.0 0.0e+00 0.0e+00 0.0e+00  0  0  0  0  0   0  0  0  0  0     0       0      0 0.00e+00    0 0.00e+00  0

--- Event Stage 2: Solve 0

BuildTwoSided        193 1.0 1.2343e-01 9.4 0.00e+00 0.0 3.1e+03 4.0e+00 0.0e+00  0  0  6  0  0   2  0  9  0  0     0       0      0 0.00e+00    0 0.00e+00  0
BuildTwoSidedF       117 1.0 1.1622e-01 17.8 0.00e+00 0.0 6.8e+02 2.8e+05 0.0e+00  0  0  1 21  0   2  0  2 42  0     0       0      0 0.00e+00    0 0.00e+00  0
DMPlexResidualFE       1 1.0 4.2925e-01 1.0 4.08e+08 1.0 0.0e+00 0.0e+00 0.0e+00  1  4  0  0  0  14  9  0  0  0  7605       0      0 0.00e+00    2 1.72e+00  0
SFSetGraph            82 1.0 7.8363e-04 1.8 0.00e+00 0.0 0.0e+00 0.0e+00 0.0e+00  0  0  0  0  0   0  0  0  0  0     0       0      0 0.00e+00    0 0.00e+00  0
SFSetUp               76 1.0 1.5616e-02 1.1 0.00e+00 0.0 5.6e+03 6.3e+02 0.0e+00  0  0 10  0  0   0  0 17  1  0     0       0      0 0.00e+00    0 0.00e+00  0
SFBcastBegin          46 1.0 5.6252e-03 1.3 0.00e+00 0.0 2.5e+03 2.1e+04 0.0e+00  0  0  5  6  0   0  0  8 12  0     0       0      0 0.00e+00    0 0.00e+00  0
SFBcastEnd            46 1.0 3.5507e-03 1.8 0.00e+00 0.0 0.0e+00 0.0e+00 0.0e+00  0  0  0  0  0   0  0  0  0  0     0       0      0 0.00e+00    0 0.00e+00  0
SFReduceBegin         24 1.0 1.3535e-02 3.5 0.00e+00 0.0 5.6e+02 3.8e+04 0.0e+00  0  0  1  2  0   0  0  2  5  0     0       0      0 0.00e+00    0 0.00e+00  0
SFReduceEnd           24 1.0 1.9842e-02 6.7 9.51e+03 0.0 0.0e+00 0.0e+00 0.0e+00  0  0  0  0  0   0  0  0  0  0     2       0      0 0.00e+00    0 0.00e+00 100
SFFetchOpBegin         6 1.0 1.5107e-04 2.0 0.00e+00 0.0 1.2e+02 4.0e+00 0.0e+00  0  0  0  0  0   0  0  0  0  0     0       0      0 0.00e+00    0 0.00e+00  0
SFFetchOpEnd           6 1.0 2.6830e-04 1.7 0.00e+00 0.0 1.2e+02 4.0e+00 0.0e+00  0  0  0  0  0   0  0  0  0  0     0       0      0 0.00e+00    0 0.00e+00  0
SFCreateEmbed          6 1.0 8.6341e-04 1.2 0.00e+00 0.0 3.4e+02 2.4e+02 0.0e+00  0  0  1  0  0   0  0  1  0  0     0       0      0 0.00e+00    0 0.00e+00  0
SFSectionSF            6 1.0 2.7376e-03 1.1 0.00e+00 0.0 6.7e+02 1.9e+03 0.0e+00  0  0  1  0  0   0  0  2  0  0     0       0      0 0.00e+00    0 0.00e+00  0
SFRemoteOff            6 1.0 1.6207e-03 1.1 0.00e+00 0.0 6.7e+02 6.1e+02 0.0e+00  0  0  1  0  0   0  0  2  0  0     0       0      0 0.00e+00    0 0.00e+00  0
SFPack               599 1.0 2.8097e-03 1.3 0.00e+00 0.0 0.0e+00 0.0e+00 0.0e+00  0  0  0  0  0   0  0  0  0  0     0       0      3 6.51e-02    0 0.00e+00  0
SFUnpack             605 1.0 4.7600e-04 1.3 3.16e+04 1.4 0.0e+00 0.0e+00 0.0e+00  0  0  0  0  0   0  0  0  0  0   426       0      2 4.35e-03    0 0.00e+00 100
VecTDot              178 1.0 1.3595e-02 1.2 1.71e+07 1.1 0.0e+00 0.0e+00 0.0e+00  0  0  0  0  0   0  0  0  0  0  9580   31078      0 0.00e+00    0 0.00e+00 100
VecNorm               53 1.0 7.1857e-03 2.2 6.14e+06 1.1 0.0e+00 0.0e+00 0.0e+00  0  0  0  0  0   0  0  0  0  0  6513   41465      0 0.00e+00    0 0.00e+00 100
VecCopy              185 1.0 3.4251e-03 1.0 0.00e+00 0.0 0.0e+00 0.0e+00 0.0e+00  0  0  0  0  0   0  0  0  0  0     0       0      0 0.00e+00    0 0.00e+00  0
VecSet                86 1.0 1.4820e-03 1.1 0.00e+00 0.0 0.0e+00 0.0e+00 0.0e+00  0  0  0  0  0   0  0  0  0  0     0       0      0 0.00e+00    0 0.00e+00  0
VecAXPY              160 1.0 2.8894e-03 1.0 1.59e+07 1.1 0.0e+00 0.0e+00 0.0e+00  0  0  0  0  0   0  0  0  0  0 41905   99286      0 0.00e+00    0 0.00e+00 100
VecAYPX              414 1.0 7.3082e-03 1.0 3.00e+07 1.1 0.0e+00 0.0e+00 0.0e+00  0  0  0  0  0   0  1  0  0  0 31270   75573      0 0.00e+00    0 0.00e+00 100
VecAXPBYCZ           114 1.0 2.2441e-03 1.0 1.90e+07 1.1 0.0e+00 0.0e+00 0.0e+00  0  0  0  0  0   0  0  0  0  0 64629   138009      0 0.00e+00    0 0.00e+00 100
VecAssemblyBegin      98 1.0 1.6842e-02 6.1 0.00e+00 0.0 0.0e+00 0.0e+00 0.0e+00  0  0  0  0  0   0  0  0  0  0     0       0      0 0.00e+00    0 0.00e+00  0
VecAssemblyEnd        98 1.0 4.4515e-05 1.2 0.00e+00 0.0 0.0e+00 0.0e+00 0.0e+00  0  0  0  0  0   0  0  0  0  0     0       0      0 0.00e+00    0 0.00e+00  0
VecPointwiseMult      52 1.0 9.2738e-04 1.1 1.10e+06 1.1 0.0e+00 0.0e+00 0.0e+00  0  0  0  0  0   0  0  0  0  0  9055   21970      0 0.00e+00    0 0.00e+00 100
VecReciprocal         10 1.0 2.2185e-04 1.1 0.00e+00 0.0 0.0e+00 0.0e+00 0.0e+00  0  0  0  0  0   0  0  0  0  0     0       0      0 0.00e+00    0 0.00e+00  0
VecSetValues      765059 1.1 4.8720e-02 1.2 0.00e+00 0.0 0.0e+00 0.0e+00 0.0e+00  0  0  0  0  0   1  0  0  0  0     0       0      0 0.00e+00    0 0.00e+00  0
VecScatterBegin      523 1.0 4.5727e-02 1.4 0.00e+00 0.0 2.4e+04 5.8e+03 0.0e+00  0  0 43 16  0   1  0 71 31  0     0       0      6 1.97e-01    0 0.00e+00  0
VecScatterEnd        523 1.0 3.2119e-02 2.2 2.23e+04 1.2 0.0e+00 0.0e+00 0.0e+00  0  0  0  0  0   1  0  0  0  0     5       0      2 4.35e-03    0 0.00e+00 100
MatMult             1028 1.0 8.3001e-02 1.0 4.29e+09 1.1 1.7e+04 6.9e+03 0.0e+00  0 41 31 13  0   3 84 51 26  0 387879   717202      6 1.97e-01    0 0.00e+00 100
MatMultAdd            57 1.0 1.6840e-02 1.1 1.14e+08 1.1 2.2e+03 6.0e+02 0.0e+00  0  1  4  0  0   1  2  7  0  0 51143   386402      0 0.00e+00    0 0.00e+00 100
MatMultTranspose      57 1.0 2.0997e-02 1.2 1.14e+08 1.1 2.2e+03 6.0e+02 0.0e+00  0  1  4  0  0   1  2  7  0  0 41026   171168      2 4.35e-03    0 0.00e+00 100
MatConvert            14 1.0 7.5949e-01 1.0 0.00e+00 0.0 6.8e+02 1.3e+02 3.3e+01  2  0  1  0 15  24  0  2  0 24     0       0      0 0.00e+00    9 2.53e+01  0
MatScale               9 1.0 4.1947e-03 1.1 7.04e+06 1.1 1.7e+02 1.9e+03 0.0e+00  0  0  0  0  0   0  0  0  0  0 12657   47827      0 0.00e+00    0 0.00e+00 43
MatResidual           57 1.0 1.4212e-02 1.0 7.17e+08 1.1 3.2e+03 6.3e+03 0.0e+00  0  7  6  2  0   0 14  9  4  0 378614   673570      0 0.00e+00    0 0.00e+00 100
MatAssemblyBegin      56 1.0 1.3788e-01 1.5 0.00e+00 0.0 6.8e+02 2.8e+05 0.0e+00  0  0  1 21  0   4  0  2 42  0     0       0      0 0.00e+00    0 0.00e+00  0
MatAssemblyEnd        56 1.0 2.4431e-01 1.3 0.00e+00 0.0 2.1e+03 4.6e+02 3.1e+01  0  0  4  0 14   7  0  6  0 22     0       0      0 0.00e+00    7 2.93e+00  0
MatSetValues     4013238 1.1 6.6386e-01 1.1 2.62e+06 1.1 0.0e+00 0.0e+00 0.0e+00  1  0  0  0  0  20  0  0  0  0    30       0      0 0.00e+00    0 0.00e+00  0
MatGetRow         399885 1.1 4.1892e-02 1.1 0.00e+00 0.0 0.0e+00 0.0e+00 0.0e+00  0  0  0  0  0   1  0  0  0  0     0       0      0 0.00e+00    0 0.00e+00  0
MatCreateSubMat        1 1.0 2.7286e-03 1.0 0.00e+00 0.0 6.2e+01 2.3e+01 1.1e+01  0  0  0  0  5   0  0  0  0  8     0       0      0 0.00e+00    1 5.72e-03  0
MatCoarsen             3 1.0 1.3113e-02 1.0 0.00e+00 0.0 1.5e+03 1.5e+03 1.8e+01  0  0  3  0  8   0  0  4  1 13     0       0      0 0.00e+00    0 0.00e+00  0
MatAXPY                6 1.0 8.7806e-01 1.0 2.62e+06 1.1 9.7e+02 2.6e+02 3.0e+01  2  0  2  0 14  28  0  3  0 22    23       0      0 0.00e+00    8 2.53e+01  0
MatTranspose           7 1.0 5.2714e-02 1.0 0.00e+00 0.0 1.4e+03 9.4e+03 1.5e+01  0  0  2  1  7   2  0  4  3 11     0       0      0 0.00e+00    0 0.00e+00  0
MatMatMultSym          3 1.0 1.6291e-01 1.0 0.00e+00 0.0 2.0e+03 3.6e+03 2.1e+01  0  0  4  1 10   5  0  6  2 15     0       0      0 0.00e+00   24 2.00e+02  0
MatMatMultNum          3 1.0 1.0110e-06 2.0 0.00e+00 0.0 0.0e+00 0.0e+00 0.0e+00  0  0  0  0  0   0  0  0  0  0     0       0      0 0.00e+00    0 0.00e+00  0
MatPtAPSymbolic        3 1.0 2.4203e-01 1.1 0.00e+00 0.0 3.0e+03 2.3e+04 2.1e+01  1  0  5  8 10   7  0  9 15 15     0       0      0 0.00e+00   24 2.11e+02  0
MatPtAPNumeric         3 1.0 7.8200e-07 2.0 0.00e+00 0.0 0.0e+00 0.0e+00 0.0e+00  0  0  0  0  0   0  0  0  0  0     0       0      0 0.00e+00    0 0.00e+00  0
MatTrnMatMultSym       1 1.0 8.7311e-01 1.0 0.00e+00 0.0 3.9e+02 5.5e+05 4.0e+00  2  0  1 24  2  28  0  1 48  3     0       0      0 0.00e+00    0 0.00e+00  0
MatGetLocalMat         1 1.0 2.8329e-03 1.1 0.00e+00 0.0 0.0e+00 0.0e+00 0.0e+00  0  0  0  0  0   0  0  0  0  0     0       0      0 0.00e+00    0 0.00e+00  0
MatCreateGraph         3 1.0 1.6648e-01 1.0 6.07e+06 1.1 2.0e+03 6.6e+03 2.1e+01  0  0  4  2 10   5  0  6  3 15   274       0      0 0.00e+00    4 5.21e+00  0
MatSetPreallCOO        6 1.0 3.5825e-02 1.0 0.00e+00 0.0 1.9e+03 5.2e+02 2.4e+01  0  0  3  0 11   1  0  6  0 17     0       0      0 0.00e+00   18 3.21e+01  0
MatSetValuesCOO        6 1.0 1.5626e-02 2.7 0.00e+00 0.0 1.2e+02 1.8e+05 0.0e+00  0  0  0  2  0   0  0  0  5  0     0       0      0 0.00e+00    0 0.00e+00  0
KSPSetUp               1 1.0 4.4292e-04 1.5 0.00e+00 0.0 0.0e+00 0.0e+00 0.0e+00  0  0  0  0  0   0  0  0  0  0     0       0      0 0.00e+00    0 0.00e+00  0
KSPSolve               1 1.0 1.2291e-01 1.0 3.88e+09 1.1 1.8e+04 5.5e+03 0.0e+00  0 37 33 11  0   4 76 54 22  0 237008   567278      2 4.35e-03    0 0.00e+00 100
SNESSolve              1 1.0 3.0978e+00 1.0 5.08e+09 1.1 3.4e+04 1.3e+04 1.4e+02  7 49 61 51 64 100 100 100 100 100 12379   218733     10 1.93e+00   73 4.49e+02 91
SNESSetUp              1 1.0 1.1416e-03 3.0 0.00e+00 0.0 0.0e+00 0.0e+00 0.0e+00  0  0  0  0  0   0  0  0  0  0     0       0      0 0.00e+00    0 0.00e+00  0
SNESFunctionEval       1 1.0 4.5755e-01 1.0 4.09e+08 1.0 3.8e+01 1.5e+04 0.0e+00  1  4  0  0  0  15  9  0  0  0  7153     981      2 1.72e+00    3 2.59e+00  0
PCSetUp_GAMG+          1 1.0 2.5181e+00 1.0 7.92e+08 1.1 1.6e+04 2.2e+04 1.4e+02  6  8 28 40 64  81 15 46 78 100  2359   53740      6 1.97e-01   70 4.46e+02 99
 PCGAMGCreateG         3 1.0 1.6649e-01 1.0 6.07e+06 1.1 2.0e+03 6.6e+03 2.1e+01  0  0  4  2 10   5  0  6  3 15   274       0      0 0.00e+00    4 5.21e+00  0
 GAMG Coarsen          6 1.0 9.1410e-01 1.0 0.00e+00 0.0 2.2e+03 1.0e+05 2.2e+01  2  0  4 25 10  29  0  6 49 16     0       0      0 0.00e+00    0 0.00e+00  0
  GAMG MIS/Agg         3 1.0 8.8750e-01 1.0 0.00e+00 0.0 1.9e+03 1.2e+05 2.2e+01  2  0  3 25 10  29  0  6 48 16     0       0      0 0.00e+00    0 0.00e+00  0
 PCGAMGProl            3 1.0 1.7468e-01 1.0 0.00e+00 0.0 2.2e+03 8.2e+03 9.0e+00  0  0  4  2  4   6  0  7  4  6     0       0      0 0.00e+00    3 2.66e-01  0
  GAMG Prol-col        3 1.0 8.6522e-02 1.0 0.00e+00 0.0 2.0e+03 7.2e+03 0.0e+00  0  0  4  2  0   3  0  6  3  0     0       0      0 0.00e+00    0 0.00e+00  0
  GAMG Prol-lift       3 1.0 8.4271e-02 1.0 0.00e+00 0.0 2.6e+02 1.6e+04 3.0e+00  0  0  0  0  1   3  0  1  1  2     0       0      0 0.00e+00    3 2.66e-01  0
 PCGAMGOptProl         3 1.0 1.0026e+00 1.0 3.91e+08 1.1 4.3e+03 4.1e+03 4.8e+01  2  4  8  2 22  32  8 13  4 35  2924   64910      6 1.97e-01   32 2.25e+02 100
  GAMG smooth          3 1.0 9.7436e-01 1.0 3.59e+06 1.1 2.6e+03 2.8e+03 4.8e+01  2  0  5  1 22  31  0  8  2 35    28     611      0 0.00e+00   32 2.25e+02 83
 PCGAMGCreateL         3 1.0 2.4595e-01 1.1 0.00e+00 0.0 3.1e+03 2.2e+04 3.8e+01  1  0  6  8 18   8  0  9 15 27     0       0      0 0.00e+00   25 2.11e+02  0
  GAMG PtAP            3 1.0 2.4205e-01 1.1 0.00e+00 0.0 3.0e+03 2.3e+04 2.1e+01  1  0  5  8 10   7  0  9 15 15     0       0      0 0.00e+00   24 2.11e+02  0
  GAMG Reduce          1 1.0 3.8376e-02 1.3 0.00e+00 0.0 6.4e+02 6.1e+02 2.4e+01  0  0  1  0 11   1  0  2  0 17     0       0      0 0.00e+00    9 3.86e-01  0
PCGAMG Squ l00         1 1.0 8.7311e-01 1.0 0.00e+00 0.0 3.9e+02 5.5e+05 4.0e+00  2  0  1 24  2  28  0  1 48  3     0       0      0 0.00e+00    0 0.00e+00  0
PCGAMG Gal l00         1 1.0 1.8483e-01 1.1 0.00e+00 0.0 1.2e+03 4.4e+04 7.0e+00  0  0  2  6  3   6  0  4 12  5     0       0      0 0.00e+00    8 2.01e+02  0
PCGAMG Opt l00         1 1.0 1.4588e-01 1.0 0.00e+00 0.0 7.2e+02 8.7e+03 7.0e+00  0  0  1  1  3   5  0  2  1  5     0       0      0 0.00e+00    8 1.92e+02  0
PCGAMG Gal l01         1 1.0 2.3055e-02 1.0 0.00e+00 0.0 1.2e+03 1.1e+04 7.0e+00  0  0  2  2  3   1  0  4  3  5     0       0      0 0.00e+00    8 9.74e+00  0
PCGAMG Opt l01         1 1.0 1.0000e-02 1.0 0.00e+00 0.0 7.3e+02 1.1e+03 7.0e+00  0  0  1  0  3   0  0  2  0  5     0       0      0 0.00e+00    8 6.87e+00  0
PCGAMG Gal l02         1 1.0 3.4431e-02 1.4 0.00e+00 0.0 5.7e+02 6.9e+02 7.0e+00  0  0  1  0  3   1  0  2  0  5     0       0      0 0.00e+00    8 3.80e-01  0
PCGAMG Opt l02         1 1.0 7.1635e-03 1.0 0.00e+00 0.0 5.7e+02 3.8e+02 7.0e+00  0  0  1  0  3   0  0  2  0  5     0       0      0 0.00e+00    8 3.52e-01  0
PCSetUp                1 1.0 2.5182e+00 1.0 7.92e+08 1.1 1.6e+04 2.2e+04 1.4e+02  6  8 28 40 64  81 15 46 78 100  2359   53740      6 1.97e-01   70 4.46e+02 99
PCApply               19 1.0 1.1022e-01 1.0 3.17e+09 1.1 1.7e+04 4.8e+03 0.0e+00  0 31 31  9  0   4 62 51 18  0 215959   546589      2 4.35e-03    0 0.00e+00 100

--- Event Stage 3: Hot Solve

DMPlexResidualFE       1 1.0 4.2715e-01 1.0 4.08e+08 1.0 0.0e+00 0.0e+00 0.0e+00  1  4  0  0  0  70  9  0  0  0  7643       0      0 0.00e+00    2 1.72e+00  0
SFBcastBegin           1 1.0 8.1688e-05 1.5 0.00e+00 0.0 1.9e+01 1.5e+04 0.0e+00  0  0  0  0  0   0  0  0  0  0     0       0      0 0.00e+00    0 0.00e+00  0
SFBcastEnd             1 1.0 4.9949e-04 38.9 0.00e+00 0.0 0.0e+00 0.0e+00 0.0e+00  0  0  0  0  0   0  0  0  0  0     0       0      0 0.00e+00    0 0.00e+00  0
SFReduceBegin          4 1.0 1.9634e-04 1.4 0.00e+00 0.0 1.4e+02 1.5e+05 0.0e+00  0  0  0  2  0   0  0  1 16  0     0       0      0 0.00e+00    0 0.00e+00  0
SFReduceEnd            4 1.0 8.3470e-03 12.8 9.51e+03 0.0 0.0e+00 0.0e+00 0.0e+00  0  0  0  0  0   1  0  0  0  0     4       0      0 0.00e+00    0 0.00e+00 100
SFPack               396 1.0 1.1346e-03 1.1 0.00e+00 0.0 0.0e+00 0.0e+00 0.0e+00  0  0  0  0  0   0  0  0  0  0     0       0      0 0.00e+00    0 0.00e+00  0
SFUnpack             396 1.0 3.3717e-04 1.3 3.16e+04 1.4 0.0e+00 0.0e+00 0.0e+00  0  0  0  0  0   0  0  0  0  0   601       0      0 0.00e+00    0 0.00e+00 100
VecTDot              109 1.0 8.1631e-03 1.2 1.25e+07 1.1 0.0e+00 0.0e+00 0.0e+00  0  0  0  0  0   1  0  0  0  0 11653   38650      0 0.00e+00    0 0.00e+00 100
VecNorm               53 1.0 5.0482e-03 1.5 6.14e+06 1.1 0.0e+00 0.0e+00 0.0e+00  0  0  0  0  0   1  0  0  0  0  9270   41611      0 0.00e+00    0 0.00e+00 100
VecCopy              179 1.0 3.2596e-03 1.0 0.00e+00 0.0 0.0e+00 0.0e+00 0.0e+00  0  0  0  0  0   1  0  0  0  0     0       0      0 0.00e+00    0 0.00e+00  0
VecSet                83 1.0 1.4129e-03 1.1 0.00e+00 0.0 0.0e+00 0.0e+00 0.0e+00  0  0  0  0  0   0  0  0  0  0     0       0      0 0.00e+00    0 0.00e+00  0
VecAXPY              100 1.0 1.7647e-03 1.1 1.19e+07 1.1 0.0e+00 0.0e+00 0.0e+00  0  0  0  0  0   0  0  0  0  0 51308   123248      0 0.00e+00    0 0.00e+00 100
VecAYPX              387 1.0 6.7769e-03 1.0 2.82e+07 1.1 0.0e+00 0.0e+00 0.0e+00  0  0  0  0  0   1  1  0  0  0 31694   78021      0 0.00e+00    0 0.00e+00 100
VecAXPBYCZ           114 1.0 1.9728e-03 1.0 1.90e+07 1.1 0.0e+00 0.0e+00 0.0e+00  0  0  0  0  0   0  0  0  0  0 73517   176810      0 0.00e+00    0 0.00e+00 100
VecPointwiseMult      19 1.0 3.2855e-04 1.3 3.42e+02 0.0 0.0e+00 0.0e+00 0.0e+00  0  0  0  0  0   0  0  0  0  0     1       3      0 0.00e+00    0 0.00e+00 100
VecReciprocal          1 1.0 1.9207e-05 1.5 0.00e+00 0.0 0.0e+00 0.0e+00 0.0e+00  0  0  0  0  0   0  0  0  0  0     0       0      0 0.00e+00    0 0.00e+00  0
VecScatterBegin      391 1.0 2.1865e-02 1.3 0.00e+00 0.0 2.0e+04 5.5e+03 0.0e+00  0  0 36 13  0   3  0 99 84  0     0       0      0 0.00e+00    0 0.00e+00  0
VecScatterEnd        391 1.0 1.5795e-02 1.8 2.23e+04 1.2 0.0e+00 0.0e+00 0.0e+00  0  0  0  0  0   2  0  0  0  0    11       0      0 0.00e+00    0 0.00e+00 100
MatMult              998 1.0 6.8596e-02 1.0 3.91e+09 1.1 1.6e+04 7.0e+03 0.0e+00  0 38 28 12  0  11 83 77 82  0 428268   723182      0 0.00e+00    0 0.00e+00 100
MatMultAdd            57 1.0 8.3353e-03 1.1 1.14e+08 1.1 2.2e+03 6.0e+02 0.0e+00  0  1  4  0  0   1  2 11  1  0 103327   394091      0 0.00e+00    0 0.00e+00 100
MatMultTranspose      57 1.0 1.0577e-02 1.2 1.14e+08 1.1 2.2e+03 6.0e+02 0.0e+00  0  1  4  0  0   2  2 11  1  0 81443   174356      0 0.00e+00    0 0.00e+00 100
MatResidual           57 1.0 1.4314e-02 1.0 7.17e+08 1.1 3.2e+03 6.3e+03 0.0e+00  0  7  6  2  0   2 15 16 15  0 375905   675195      0 0.00e+00    0 0.00e+00 100
MatAssemblyBegin       3 1.0 8.0100e-07 1.7 0.00e+00 0.0 0.0e+00 0.0e+00 0.0e+00  0  0  0  0  0   0  0  0  0  0     0       0      0 0.00e+00    0 0.00e+00  0
MatAssemblyEnd         3 1.0 2.0440e-06 1.3 0.00e+00 0.0 0.0e+00 0.0e+00 0.0e+00  0  0  0  0  0   0  0  0  0  0     0       0      0 0.00e+00    0 0.00e+00  0
MatPtAPNumeric         3 1.0 1.7923e-02 1.0 0.00e+00 0.0 1.2e+02 1.8e+05 0.0e+00  0  0  0  2  0   3  0  1 15  0     0       0      0 0.00e+00    0 0.00e+00  0
MatSetValuesCOO        3 1.0 2.3496e-03 3.3 0.00e+00 0.0 1.2e+02 1.8e+05 0.0e+00  0  0  0  2  0   0  0  1 15  0     0       0      0 0.00e+00    0 0.00e+00  0
KSPSetUp               1 1.0 3.4100e-07 2.0 0.00e+00 0.0 0.0e+00 0.0e+00 0.0e+00  0  0  0  0  0   0  0  0  0  0     0       0      0 0.00e+00    0 0.00e+00  0
KSPSolve               1 1.0 1.0181e-01 1.0 3.88e+09 1.1 1.8e+04 5.5e+03 0.0e+00  0 37 33 11  0  17 82 91 76  0 286129   574815      0 0.00e+00    0 0.00e+00 100
SNESSolve              1 1.0 6.0597e-01 1.0 4.68e+09 1.1 2.0e+04 6.5e+03 0.0e+00  1 46 36 15  0 100 100 100 100  0 58370   430200      5 4.05e+00    6 1.35e+02 91
SNESFunctionEval       1 1.0 4.5349e-01 1.0 4.09e+08 1.0 3.8e+01 1.5e+04 0.0e+00  1  4  0  0  0  75  9  0  0  0  7217    1259      2 1.72e+00    3 2.59e+00  0
PCSetUp_GAMG+          1 1.0 5.0796e-02 1.0 3.95e+08 1.1 1.8e+03 1.7e+04 0.0e+00  0  4  3  4  0   8  8  9 24  0 58353   123531      3 2.33e+00    3 1.33e+02 100
PCGAMG Gal l00         1 1.0 1.3484e-02 1.0 0.00e+00 0.0 5.3e+01 2.9e+05 0.0e+00  0  0  0  2  0   2  0  0 12  0     0       0      0 0.00e+00    0 0.00e+00  0
PCGAMG Gal l01         1 1.0 4.2425e-03 1.0 0.00e+00 0.0 5.6e+01 8.6e+04 0.0e+00  0  0  0  1  0   1  0  0  4  0     0       0      0 0.00e+00    0 0.00e+00  0
PCGAMG Gal l02         1 1.0 2.7763e-04 1.4 0.00e+00 0.0 7.0e+00 2.2e+03 0.0e+00  0  0  0  0  0   0  0  0  0  0     0       0      0 0.00e+00    0 0.00e+00  0
PCSetUp                1 1.0 5.0798e-02 1.0 3.95e+08 1.1 1.8e+03 1.7e+04 0.0e+00  0  4  3  4  0   8  8  9 24  0 58350   123531      3 2.33e+00    3 1.33e+02 100
PCApply               19 1.0 8.9109e-02 1.0 3.17e+09 1.1 1.7e+04 4.8e+03 0.0e+00  0 31 31  9  0  15 67 86 63  0 267117   555403      0 0.00e+00    0 0.00e+00 100
---------------------------------------------------------------------------------------------------------------------------------------------------------------

Object Type          Creations   Destructions. Reports information only for process 0.

--- Event Stage 0: Main Stage

           Container     2             40
    Distributed Mesh     0             38
            DM Label     0             57
          Quadrature     1            236
           Index Set    27            124
   IS L to G Mapping     0             97
             Section     0            114
   Star Forest Graph     1             76
     Discrete System     0             38
           Weak Form     0             39
    GraphPartitioner     0             15
              Vector     3             71
        Linear Space     0              6
          Dual Space     0             16
            FE Space     0              4
              Matrix     7             73
      Matrix Coarsen     0              1
   Matrix Null Space     0              1
                SNES     0              1
              DMSNES     0              1
       Krylov Solver     0              8
     DMKSP interface     0              1
       Field over DM     1              1
      Preconditioner     0              5
              Viewer     0              1

--- Event Stage 1: Mesh Setup

           Container    93             61
    Distributed Mesh   118             82
            DM Label   296            239
          Quadrature   533            298
           Index Set  1338           1241
   IS L to G Mapping   290            193
             Section   390            276
   Star Forest Graph   313            254
     Discrete System   175            139
           Weak Form   177            140
    GraphPartitioner    53             38
              Vector    78             51
  PetscDeviceContext     1              0
        Linear Space    12              6
          Dual Space    63             47
            FE Space     6              2
              Matrix   178            151
   Matrix Null Space     1              0
                SNES     1              0
              DMSNES     1              0
       Krylov Solver     1              0
       Field over DM     1              1
      Preconditioner     1              0
              Viewer     1              0

--- Event Stage 2: Solve 0

           Container    28             22
    Distributed Mesh     2              0
          Quadrature     1              1
           Index Set   137            137
             Section    12             12
   Star Forest Graph    86             70
     Discrete System     2              0
           Weak Form     2              0
              Vector   262            221
              Matrix   235            196
      Matrix Coarsen     3              2
       Krylov Solver    11              4
     DMKSP interface     1              0
      Preconditioner    11              7
         PetscRandom     3              3

--- Event Stage 3: Hot Solve

          Quadrature     1              1
           Index Set    33             33
              Vector     9              9
========================================================================================================================
Average time to get PetscTime(): 3.11e-08
Average time for MPI_Barrier(): 1.49528e-05
Average time for zero size MPI_Send(): 1.44216e-05
#PETSc Option Table entries:
-block_mat_type mpibaijkokkos # (source: command line)
-dm_mat_type mpiaij # (source: command line)
-dm_plex_box_faces 32,32,32 # (source: command line)
-dm_plex_dim 3 # (source: command line)
-dm_plex_simplex 0 # (source: command line)
-dm_vec_type kokkos # (source: command line)
-ksp_converged_reason # (source: command line)
-ksp_norm_type unpreconditioned # (source: command line)
-ksp_rtol 1e-6 # (source: command line)
-ksp_type cg # (source: command line)
-log_view # (source: command line)
-log_view_gpu_time # (source: command line)
-max_conv_its 1 # (source: command line)
-mg_coarse_pc_type jacobi # (source: command line)
-mg_levels_ksp_type chebyshev # (source: command line)
-mg_levels_pc_type pbjacobi # (source: command line)
-n_solves 2 # (source: command line)
-pc_gamg_agg_nsmooths 1 # (source: command line)
-pc_gamg_reuse_interpolation true # (source: command line)
-pc_gamg_type agg # (source: command line)
-pc_type gamg # (source: command line)
-petscpartitioner_simple_process_grid 2,2,2 # (source: command line)
-petscspace_degree 2 # (source: command line)
-run_type 1 # (source: command line)
-snes_lag_jacobian -2 # (source: command line)
-snes_type ksponly # (source: command line)
-use_mat_nearnullspace true # (source: command line)
#End of PETSc Option Table entries
Compiled without FORTRAN kernels
Compiled with full precision matrices (default)
sizeof(short) 2 sizeof(int) 4 sizeof(long) 8 sizeof(void*) 8 sizeof(PetscScalar) 8 sizeof(PetscInt) 4
Configure options: --with-kokkos-dir=/global/homes/m/madams/petsc/arch-perlmutter-opt-gcc-kokkos-cuda-notpl --with-kokkos-kernels-dir=/global/homes/m/madams/petsc/arch-perlmutter-opt-gcc-kokkos-cuda-notpl --with-triangle-dir=/global/homes/m/madams/petsc/arch-perlmutter-opt-gcc-kokkos-cuda-notpl --with-batch=0 --with-cc=cc --with-cxx=CC --with-fc=0 --with-debugging=0 --with-cuda=1 --with-cuda-arch=80 --with-kokkos-kernels-tpl=0 --with-make-np=8 --with-mpiexec=srun -G4 --gpu-bind=none PETSC_ARCH=arch-perlmutter-opt-gcc-kokkos-cuda-notpl
-----------------------------------------
Libraries compiled on 2026-06-22 14:37:25 on login21
Machine characteristics: Linux-6.4.0-150600.23.103_15.0.24-cray_shasta_c-x86_64-with-glibc2.3.4
Using PETSc directory: /global/u2/m/madams/petsc
Using PETSc arch: arch-perlmutter-opt-gcc-kokkos-cuda-notpl
-----------------------------------------

Using C compiler: cc  -fPIC -Wall -Wwrite-strings -Wno-unknown-pragmas -Wno-lto-type-mismatch -Wno-stringop-overflow -fstack-protector -fvisibility=hidden -g -O 
-----------------------------------------

Using include paths: -I/global/u2/m/madams/petsc/include -I/global/u2/m/madams/petsc/arch-perlmutter-opt-gcc-kokkos-cuda-notpl/include -I/global/homes/m/madams/petsc/arch-perlmutter-opt-gcc-kokkos-cuda-notpl/include -I/opt/nvidia/hpc_sdk/Linux_x86_64/25.5/cuda/12.9/include -I/opt/nvidia/hpc_sdk/Linux_x86_64/25.5/math_libs/12.9/include
-----------------------------------------

Using C linker: cc
Using libraries: -Wl,-rpath,/global/u2/m/madams/petsc/arch-perlmutter-opt-gcc-kokkos-cuda-notpl/lib -L/global/u2/m/madams/petsc/arch-perlmutter-opt-gcc-kokkos-cuda-notpl/lib -lpetsc -Wl,-rpath,/global/homes/m/madams/petsc/arch-perlmutter-opt-gcc-kokkos-cuda-notpl/lib -L/global/homes/m/madams/petsc/arch-perlmutter-opt-gcc-kokkos-cuda-notpl/lib -Wl,-rpath,/opt/nvidia/hpc_sdk/Linux_x86_64/25.5/cuda/12.9/lib64 -L/opt/nvidia/hpc_sdk/Linux_x86_64/25.5/cuda/12.9/lib64 -Wl,-rpath,/opt/nvidia/hpc_sdk/Linux_x86_64/25.5/math_libs/12.9/lib64 -L/opt/nvidia/hpc_sdk/Linux_x86_64/25.5/math_libs/12.9/lib64 -L/opt/nvidia/hpc_sdk/Linux_x86_64/25.5/cuda/12.9/lib64/stubs -lkokkoskernels -lkokkoscontainers -lkokkoscore -lkokkossimd -ltriangle -lcudart -lnvtx3interop -lcufft -lcublas -lcusparse -lcusolver -lcurand -lcuda -lnvidia-ml -lX11 -lstdc++ -lquadmath
-----------------------------------------

    Linear solve converged due to CONVERGED_RTOL iterations 19
    Linear solve converged due to CONVERGED_RTOL iterations 19
[0] 0) N=      750141, max displ=5.9664262e+01, error=8.950e-02
****************************************************************************************************************************************************************
***                                WIDEN YOUR WINDOW TO 160 CHARACTERS.  Use 'enscript -r -fCourier9' to print this document                                 ***
****************************************************************************************************************************************************************

------------------------------------------------------------------ PETSc Performance Summary: ------------------------------------------------------------------

/global/homes/m/madams/petsc/arch-perlmutter-opt-gcc-kokkos-cuda-notpl/tests/snes/tutorials/ex56 on a arch-perlmutter-opt-gcc-kokkos-cuda-notpl named nid001161 with 8 processes and CUDA architecture 80, by madams on Mon Jun 22 07:55:27 2026
Using PETSc Development Git Revision: v3.25.2-340-g83d2bd4a8b4 Git Date: 2026-06-21 14:23:19 -0400

                         Max       Max/Min     Avg       Total
Time (sec):           4.917e+01     1.000   4.916e+01
Objects:              0.000e+00     0.000   0.000e+00
Flops:                1.026e+10     1.112   9.712e+09  7.770e+10
Flops/sec:            2.087e+08     1.112   1.976e+08  1.581e+09
MPI Msg Count:        6.924e+03     1.084   6.514e+03  5.211e+04
MPI Msg Len (bytes):  1.261e+08     1.116   1.794e+04  9.346e+08
MPI Reductions:       1.520e+02     1.000

Flop counting convention: 1 flop = 1 real number operation of type (multiply/divide/add/subtract)
                            e.g., VecAXPY() for real vectors of length N --> 2N flops
                            and VecAXPY() for complex vectors of length N --> 8N flops

Summary of Stages:   ----- Time ------  ----- Flop ------  --- Messages ---  -- Message Lengths --  -- Reductions --
                        Avg     %Total     Avg     %Total    Count   %Total     Avg         %Total    Count   %Total
 0:      Main Stage: 3.9206e+01  79.8%  3.6441e+09   4.7%  9.500e+01   0.2%  8.534e+05        8.7%  3.000e+00   2.0%
 1:      Mesh Setup: 3.0546e+00   6.2%  3.3029e+08   0.4%  1.682e+03   3.2%  1.296e+05       23.3%  5.400e+01  35.5%
 2:         Solve 0: 6.1594e+00  12.5%  3.8355e+10  49.4%  3.009e+04  57.7%  1.530e+04       49.3%  7.800e+01  51.3%
 3:       Hot Solve: 7.3766e-01   1.5%  3.5370e+10  45.5%  2.024e+04  38.8%  8.648e+03       18.7%  0.000e+00   0.0%

------------------------------------------------------------------------------------------------------------------------
See the 'Profiling' chapter of the users' manual for details on interpreting output.
Phase summary info:
   Count: number of times phase was executed
   Time and Flop: Max - maximum over all processes
                  Ratio - ratio of maximum to minimum over all processes
   Mess: number of messages sent
   AvgLen: average message length (bytes)
   Reduct: number of global reductions
   Global: entire computation
   Stage: stages of a computation. Set stages with PetscLogStagePush() and PetscLogStagePop().
      %T - percent time in this phase         %F - percent flop in this phase
      %M - percent messages in this phase     %L - percent message lengths in this phase
      %R - percent reductions in this phase
   Total Mflop/s: 1e-6 * (sum of flop over all processes)/(max time over all processes)
   GPU Mflop/s: 1e-6 * (sum of flop on GPU over all processes)/(max GPU time over all processes)
   CpuToGpu Count: total number of CPU to GPU copies per processor
   CpuToGpu Size (Mbytes): 1e-6 * (total size of CPU to GPU copies per processor)
   GpuToCpu Count: total number of GPU to CPU copies per processor
   GpuToCpu Size (Mbytes): 1e-6 * (total size of GPU to CPU copies per processor)
   GPU %F: percent flops on GPU in this event
------------------------------------------------------------------------------------------------------------------------
Event                Count      Time (sec)     Flop                              --- Global ---  --- Stage ----  Total   GPU    - CpuToGpu -   - GpuToCpu - GPU
                   Max Ratio  Max     Ratio   Max  Ratio  Mess   AvgLen  Reduct  %T %F %M %L %R  %T %F %M %L %R Mflop/s Mflop/s Count   Size   Count   Size  %F
---------------------------------------------------------------------------------------------------------------------------------------------------------------

--- Event Stage 0: Main Stage

BuildTwoSided          2 1.0 8.6676e-02 334.3 0.00e+00 0.0 3.8e+01 4.0e+00 0.0e+00  0  0  0  0  0   0  0 40  0  0     0       0      0 0.00e+00    0 0.00e+00  0
BuildTwoSidedF         1 1.0 9.0251e-02 181.7 0.00e+00 0.0 3.8e+01 2.1e+06 0.0e+00  0  0  0  9  0   0  0 40 99  0     0       0      0 0.00e+00    0 0.00e+00  0
DMPlexJacobianFE       1 1.0 4.0941e+01 1.1 4.39e+08 1.0 3.8e+01 2.1e+06 0.0e+00 79  5  0  9  0 100 96 40 99  0    85       0      0 0.00e+00    3 1.36e+02  0
SFSetGraph             1 1.0 7.8283e-04 1.0 0.00e+00 0.0 0.0e+00 0.0e+00 0.0e+00  0  0  0  0  0   0  0  0  0  0     0       0      0 0.00e+00    0 0.00e+00  0
SFSetUp                1 1.0 2.7347e-03 1.1 0.00e+00 0.0 3.8e+01 3.8e+03 0.0e+00  0  0  0  0  0   0  0 40  0  0     0       0      0 0.00e+00    0 0.00e+00  0
SFBcastBegin           1 1.0 4.1158e-03 1.3 0.00e+00 0.0 1.9e+01 1.5e+04 0.0e+00  0  0  0  0  0   0  0 20  0  0     0       0      2 3.93e-01    0 0.00e+00  0
SFBcastEnd             1 1.0 2.6913e-03 2.1 0.00e+00 0.0 0.0e+00 0.0e+00 0.0e+00  0  0  0  0  0   0  0  0  0  0     0       0      1 1.81e-02    0 0.00e+00  0
SFPack                 1 1.0 2.5099e-03 19306.7 0.00e+00 0.0 0.0e+00 0.0e+00 0.0e+00  0  0  0  0  0   0  0  0  0  0     0       0      1 1.81e-02    0 0.00e+00  0
SFUnpack               1 1.0 5.8904e-05 196.3 0.00e+00 0.0 0.0e+00 0.0e+00 0.0e+00  0  0  0  0  0   0  0  0  0  0     0       0      1 1.81e-02    0 0.00e+00  0
VecNorm                1 1.0 2.3041e-04 1.1 0.00e+00 0.0 0.0e+00 0.0e+00 0.0e+00  0  0  0  0  0   0  0  0  0  0     0       0      0 0.00e+00    0 0.00e+00  0
VecSet                 2 1.0 1.2174e-05 1.2 0.00e+00 0.0 0.0e+00 0.0e+00 0.0e+00  0  0  0  0  0   0  0  0  0  0     0       0      0 0.00e+00    0 0.00e+00  0
DCtxDestroy            1 1.0 2.6602e-05 1.2 0.00e+00 0.0 0.0e+00 0.0e+00 0.0e+00  0  0  0  0  0   0  0  0  0  0     0       0      0 0.00e+00    0 0.00e+00  0
MatMult              721 1.0 1.6993e-04 1.0 5.84e+04 1.0 0.0e+00 0.0e+00 0.0e+00  0  0  0  0  0   0  0  0  0  0  2749       0      0 0.00e+00    0 0.00e+00  0
MatScale               1 1.0 1.3696e-05 1.8 1.80e+07 1.1 0.0e+00 0.0e+00 0.0e+00  0  0  0  0  0   0  4  0  0  0 9902381       0      0 0.00e+00    0 0.00e+00 100
MatAssemblyBegin       1 1.0 9.0279e-02 1.0 0.00e+00 0.0 3.8e+01 2.1e+06 0.0e+00  0  0  0  9  0   0  0 40 99  0     0       0      0 0.00e+00    0 0.00e+00  0
MatAssemblyEnd         1 1.0 3.6128e+00 3157.8 1.28e+06 0.0 0.0e+00 0.0e+00 0.0e+00  4  0  0  0  0   4  0  0  0  0     1       0      0 0.00e+00    0 0.00e+00  0
MatSetValues        4096 1.0 3.3334e-01 1.1 2.42e+07 1.1 0.0e+00 0.0e+00 0.0e+00  1  0  0  0  0   1  5  0  0  0   562       0      0 0.00e+00    2 1.36e+02  0
MatZeroEntries         1 1.0 1.4118e-05 1.1 0.00e+00 0.0 0.0e+00 0.0e+00 0.0e+00  0  0  0  0  0   0  0  0  0  0     0       0      0 0.00e+00    0 0.00e+00  0
SNESJacobianEval       1 1.0 4.0974e+01 1.1 4.40e+08 1.0 9.5e+01 8.5e+05 1.0e+00 80  5  0  9  1 100 96 100 100 33    86       0      4 1.27e+00    4 1.37e+02  0

--- Event Stage 1: Mesh Setup

BuildTwoSided         23 1.0 3.3849e-01 7.0 0.00e+00 0.0 3.7e+02 4.0e+00 0.0e+00  0  0  1  0  0   4  0 22  0  0     0       0      0 0.00e+00    0 0.00e+00  0
BuildTwoSidedF         1 1.0 2.3639e-02 345.4 0.00e+00 0.0 0.0e+00 0.0e+00 0.0e+00  0  0  0  0  0   0  0  0  0  0     0       0      0 0.00e+00    0 0.00e+00  0
DMCreateMat            1 1.0 1.1702e+00 1.0 0.00e+00 0.0 4.7e+02 3.9e+05 4.0e+00  2  0  1 20  3  38  0 28 84  7     0       0      0 0.00e+00    0 0.00e+00  0
DMProjectFunc          6 1.0 3.7888e-01 1.0 3.46e+07 1.0 0.0e+00 0.0e+00 1.0e+00  1  0  0  0  1  12 84  0  0  2   730       0      0 0.00e+00    6 5.17e+00  0
DMPlexCrFromOpts       1 1.0 3.4737e-02 1.0 0.00e+00 0.0 0.0e+00 0.0e+00 0.0e+00  0  0  0  0  0   1  0  0  0  0     0       0      0 0.00e+00    0 0.00e+00  0
Mesh Partition         1 1.0 8.8445e-02 1.0 0.00e+00 0.0 3.5e+01 1.5e+05 3.0e+00  0  0  0  1  2   3  0  2  2  6     0       0      0 0.00e+00    0 0.00e+00  0
Mesh Migration         1 1.0 5.2402e-01 1.0 0.00e+00 0.0 2.0e+02 1.1e+05 1.6e+01  1  0  0  2 11  17  0 12 10 30     0       0      0 0.00e+00    0 0.00e+00  0
DMPlexPartSelf         1 1.0 3.4795e-02 4173.6 0.00e+00 0.0 0.0e+00 0.0e+00 0.0e+00  0  0  0  0  0   0  0  0  0  0     0       0      0 0.00e+00    0 0.00e+00  0
DMPlexPartLblInv       1 1.0 3.9304e-02 10.1 0.00e+00 0.0 0.0e+00 0.0e+00 2.0e+00  0  0  0  0  1   1  0  0  1  4     0       0      0 0.00e+00    0 0.00e+00  0
DMPlexPartLblSF        1 1.0 4.2968e-03 1.3 0.00e+00 0.0 1.4e+01 7.2e+04 0.0e+00  0  0  0  0  0   0  0  1  0  0     0       0      0 0.00e+00    0 0.00e+00  0
DMPlexPartStrtSF       1 1.0 4.1825e-02 1.0 0.00e+00 0.0 7.0e+00 2.9e+05 0.0e+00  0  0  0  0  0   1  0  0  1  0     0       0      0 0.00e+00    0 0.00e+00  0
DMPlexPointSF          1 1.0 8.0538e-01 1.0 0.00e+00 0.0 1.4e+01 3.6e+05 0.0e+00  2  0  0  1  0  26  0  1  2  0     0       0      0 0.00e+00    0 0.00e+00  0
DMPlexInterp          36 1.0 2.6899e-03 1.1 0.00e+00 0.0 0.0e+00 0.0e+00 0.0e+00  0  0  0  0  0   0  0  0  0  0     0       0      0 0.00e+00    0 0.00e+00  0
DMPlexDistribute       1 1.0 1.4181e+00 1.0 0.00e+00 0.0 2.5e+02 1.3e+05 2.1e+01  3  0  0  3 14  46  0 15 15 39     0       0      0 0.00e+00    0 0.00e+00  0
DMPlexDistCones        1 1.0 1.3362e-02 1.0 0.00e+00 0.0 4.2e+01 2.6e+05 0.0e+00  0  0  0  1  0   0  0  2  5  0     0       0      0 0.00e+00    0 0.00e+00  0
DMPlexDistLabels       1 1.0 3.4814e-02 1.0 0.00e+00 0.0 1.0e+02 7.9e+04 1.4e+01  0  0  0  1  9   1  0  6  4 26     0       0      0 0.00e+00    0 0.00e+00  0
DMPlexDistField        1 1.0 4.6996e-01 1.0 0.00e+00 0.0 4.9e+01 3.9e+04 0.0e+00  1  0  0  0  0  15  0  3  1  0     0       0      0 0.00e+00    0 0.00e+00  0
DMPlexStratify        53 1.0 3.4829e-02 3.6 0.00e+00 0.0 0.0e+00 0.0e+00 0.0e+00  0  0  0  0  0   1  0  0  0  0     0       0      0 0.00e+00    0 0.00e+00  0
DMPlexSymmetrize      53 1.0 1.3100e-02 11.3 0.00e+00 0.0 0.0e+00 0.0e+00 0.0e+00  0  0  0  0  0   0  0  0  0  0     0       0      0 0.00e+00    0 0.00e+00  0
DMPlexPrealloc         1 1.0 1.1671e+00 1.0 0.00e+00 0.0 4.7e+02 3.9e+05 4.0e+00  2  0  1 20  3  38  0 28 84  7     0       0      0 0.00e+00    0 0.00e+00  0
DMPlexGenerate         1 1.0 3.4701e-02 1.0 0.00e+00 0.0 0.0e+00 0.0e+00 0.0e+00  0  0  0  0  0   1  0  0  0  0     0       0      0 0.00e+00    0 0.00e+00  0
SFSetGraph            27 1.0 1.3945e-02 5.0 0.00e+00 0.0 0.0e+00 0.0e+00 0.0e+00  0  0  0  0  0   0  0  0  0  0     0       0      0 0.00e+00    0 0.00e+00  0
SFSetUp               22 1.0 4.2954e-01 4.2 0.00e+00 0.0 7.3e+02 9.3e+04 0.0e+00  0  0  1  7  0   6  0 44 31  0     0       0      0 0.00e+00    0 0.00e+00  0
SFBcastBegin          49 1.0 7.1787e-03 10.3 0.00e+00 0.0 6.8e+02 6.4e+04 0.0e+00  0  0  1  5  0   0  0 40 20  0     0       0      0 0.00e+00    0 0.00e+00  0
SFBcastEnd            49 1.0 8.8248e-01 24.5 0.00e+00 0.0 0.0e+00 0.0e+00 0.0e+00  1  0  0  0  0  24  0  0  0  0     0       0      0 0.00e+00    0 0.00e+00  0
SFReduceBegin         11 1.0 1.0311e-01 167.3 0.00e+00 0.0 2.0e+02 3.3e+05 0.0e+00  0  0  0  7  0   0  0 12 30  0     0       0      0 0.00e+00    0 0.00e+00  0
SFReduceEnd           11 1.0 7.3031e-01 96.7 0.00e+00 0.0 0.0e+00 0.0e+00 0.0e+00  0  0  0  0  0   5  0  0  0  0     0       0      0 0.00e+00    0 0.00e+00  0
SFFetchOpBegin         2 1.0 1.0215e-03 39.2 0.00e+00 0.0 3.8e+01 5.4e+05 0.0e+00  0  0  0  2  0   0  0  2  9  0     0       0      0 0.00e+00    0 0.00e+00  0
SFFetchOpEnd           2 1.0 6.1651e-03 2.8 0.00e+00 0.0 3.8e+01 5.4e+05 0.0e+00  0  0  0  2  0   0  0  2  9  0     0       0      0 0.00e+00    0 0.00e+00  0
SFCreateEmbed          3 1.0 1.8195e-02 30.1 0.00e+00 0.0 4.5e+01 6.7e+03 0.0e+00  0  0  0  0  0   0  0  3  0  0     0       0      0 0.00e+00    0 0.00e+00  0
SFDistSection          9 1.0 1.0159e-02 1.9 0.00e+00 0.0 3.1e+02 3.0e+04 0.0e+00  0  0  1  1  0   0  0 19  4  0     0       0      0 0.00e+00    0 0.00e+00  0
SFSectionSF           11 1.0 3.8053e-01 8.6 0.00e+00 0.0 2.9e+02 8.6e+04 0.0e+00  0  0  1  3  0   5  0 17 11  0     0       0      0 0.00e+00    0 0.00e+00  0
SFRemoteOff            2 1.0 1.7929e-02 20.0 0.00e+00 0.0 7.6e+01 3.4e+03 0.0e+00  0  0  0  0  0   0  0  5  0  0     0       0      0 0.00e+00    0 0.00e+00  0
SFPack                62 1.0 8.3125e-03 14.5 0.00e+00 0.0 0.0e+00 0.0e+00 0.0e+00  0  0  0  0  0   0  0  0  0  0     0       0      0 0.00e+00    0 0.00e+00  0
SFUnpack              64 1.0 7.0634e-01 242.2 0.00e+00 0.0 0.0e+00 0.0e+00 0.0e+00  0  0  0  0  0   3  0  0  0  0     0       0      0 0.00e+00    0 0.00e+00  0
VecMDot                5 1.0 2.3140e-03 1.0 2.95e+06 1.1 0.0e+00 0.0e+00 0.0e+00  0  0  0  0  0   0  7  0  0  0  9725       0      0 0.00e+00    6 9.60e-05 100
VecNorm                6 1.0 3.1698e-03 3.8 1.18e+06 1.1 0.0e+00 0.0e+00 0.0e+00  0  0  0  0  0   0  3  0  0  0  2840       0      0 0.00e+00    0 0.00e+00 100
VecScale               6 1.0 2.1683e-04 1.3 5.90e+05 1.1 0.0e+00 0.0e+00 0.0e+00  0  0  0  0  0   0  1  0  0  0 20758       0      0 0.00e+00    0 0.00e+00 100
VecCopy                1 1.0 8.4360e-06 1.3 0.00e+00 0.0 0.0e+00 0.0e+00 0.0e+00  0  0  0  0  0   0  0  0  0  0     0       0      0 0.00e+00    0 0.00e+00  0
VecSet                 8 1.0 9.7209e-05 1.3 0.00e+00 0.0 0.0e+00 0.0e+00 0.0e+00  0  0  0  0  0   0  0  0  0  0     0       0      0 0.00e+00    0 0.00e+00  0
VecAXPY                9 1.0 6.3265e-04 1.1 1.77e+06 1.1 0.0e+00 0.0e+00 0.0e+00  0  0  0  0  0   0  4  0  0  0 21343       0      0 0.00e+00    0 0.00e+00 100
VecNormalize           6 1.0 3.3993e-03 3.4 1.77e+06 1.1 0.0e+00 0.0e+00 0.0e+00  0  0  0  0  0   0  4  0  0  0  3972       0      0 0.00e+00    0 0.00e+00 100
DCtxCreate             1 1.0 1.8546e-05 1.6 0.00e+00 0.0 0.0e+00 0.0e+00 0.0e+00  0  0  0  0  0   0  0  0  0  0     0       0      0 0.00e+00    0 0.00e+00  0
DCtxSetUp              1 1.0 9.4080e-06 1.3 0.00e+00 0.0 0.0e+00 0.0e+00 0.0e+00  0  0  0  0  0   0  0  0  0  0     0       0      0 0.00e+00    0 0.00e+00  0
DCtxSetDevice          1 1.0 1.5280e-05 1.2 0.00e+00 0.0 0.0e+00 0.0e+00 0.0e+00  0  0  0  0  0   0  0  0  0  0     0       0      0 0.00e+00    0 0.00e+00  0
DualSpaceSetUp         6 1.0 1.4899e-02 1.0 3.61e+03 1.0 0.0e+00 0.0e+00 0.0e+00  0  0  0  0  0   0  0  0  0  0     2       0      0 0.00e+00    0 0.00e+00  0
FESetUp                6 1.0 5.8968e-04 1.1 0.00e+00 0.0 0.0e+00 0.0e+00 0.0e+00  0  0  0  0  0   0  0  0  0  0     0       0      0 0.00e+00    0 0.00e+00  0
MatMult            24576 1.0 5.7379e-03 1.1 1.99e+06 1.0 0.0e+00 0.0e+00 0.0e+00  0  0  0  0  0   0  5  0  0  0  2775       0      0 0.00e+00    0 0.00e+00  0
MatAssemblyBegin      68 1.0 2.3683e-02 217.6 0.00e+00 0.0 0.0e+00 0.0e+00 0.0e+00  0  0  0  0  0   0  0  0  0  0     0       0      0 0.00e+00    0 0.00e+00  0
MatAssemblyEnd        68 1.0 2.9498e-02 1.0 0.00e+00 0.0 1.1e+02 4.0e+03 1.0e+00  0  0  0  0  1   1  0  7  0  2     0       0      0 0.00e+00    0 0.00e+00  0
MatSetPreallCOO       36 1.0 7.9646e-05 1.2 0.00e+00 0.0 0.0e+00 0.0e+00 0.0e+00  0  0  0  0  0   0  0  0  0  0     0       0      0 0.00e+00    0 0.00e+00  0
MatSetValuesCOO       36 1.0 4.5920e-05 1.1 0.00e+00 0.0 0.0e+00 0.0e+00 0.0e+00  0  0  0  0  0   0  0  0  0  0     0       0      0 0.00e+00    0 0.00e+00  0

--- Event Stage 2: Solve 0

BuildTwoSided        149 1.0 1.9744e-01 14.0 0.00e+00 0.0 1.6e+03 4.0e+00 0.0e+00  0  0  3  0  0   2  0  5  0  0     0       0      0 0.00e+00    0 0.00e+00  0
BuildTwoSidedF       110 1.0 1.4186e-01 20.3 0.00e+00 0.0 2.3e+02 1.9e+04 0.0e+00  0  0  0  0  0   1  0  1  1  0     0       0      0 0.00e+00    0 0.00e+00  0
DMPlexResidualFE       1 1.0 4.3408e-01 1.0 4.08e+08 1.0 0.0e+00 0.0e+00 0.0e+00  1  4  0  0  0   7  9  0  0  0  7521       0      0 0.00e+00    2 1.72e+00  0
SFSetGraph            39 1.0 1.9716e-04 1.4 0.00e+00 0.0 0.0e+00 0.0e+00 0.0e+00  0  0  0  0  0   0  0  0  0  0     0       0      0 0.00e+00    0 0.00e+00  0
SFSetUp               39 1.0 8.5050e-02 1.6 0.00e+00 0.0 2.9e+03 2.8e+04 0.0e+00  0  0  6  8  0   1  0 10 17  0     0       0      0 0.00e+00    0 0.00e+00  0
SFBcastBegin          34 1.0 2.1834e-02 2.6 0.00e+00 0.0 1.9e+03 4.2e+04 0.0e+00  0  0  4  8  0   0  0  6 17  0     0       0      0 0.00e+00    0 0.00e+00  0
SFBcastEnd            34 1.0 3.6254e+00 240.9 0.00e+00 0.0 0.0e+00 0.0e+00 0.0e+00  4  0  0  0  0  30  0  0  0  0     0       0      0 0.00e+00    0 0.00e+00  0
SFReduceBegin         11 1.0 7.1949e-03 1.6 0.00e+00 0.0 3.9e+02 4.1e+05 0.0e+00  0  0  1 17  0   0  0  1 35  0     0       0      0 0.00e+00    0 0.00e+00  0
SFReduceEnd           11 1.0 3.6771e-02 4.1 9.51e+03 0.0 0.0e+00 0.0e+00 0.0e+00  0  0  0  0  0   0  0  0  0  0     1       0      0 0.00e+00    0 0.00e+00 100
SFPack               568 1.0 1.8525e-03 1.2 0.00e+00 0.0 0.0e+00 0.0e+00 0.0e+00  0  0  0  0  0   0  0  0  0  0     0       0      7 1.32e-01    0 0.00e+00  0
SFUnpack             568 1.0 5.4869e-04 1.5 3.16e+04 1.4 0.0e+00 0.0e+00 0.0e+00  0  0  0  0  0   0  0  0  0  0   369       0      2 4.35e-03    0 0.00e+00 100
VecTDot              178 1.0 2.8273e-02 1.1 1.71e+07 1.1 0.0e+00 0.0e+00 0.0e+00  0  0  0  0  0   0  0  0  0  0  4606       0      0 0.00e+00    0 0.00e+00 100
VecNorm               53 1.0 7.9796e-03 2.7 6.14e+06 1.1 0.0e+00 0.0e+00 0.0e+00  0  0  0  0  0   0  0  0  0  0  5865       0      0 0.00e+00    0 0.00e+00 100
VecCopy              185 1.0 1.0571e-03 1.0 0.00e+00 0.0 0.0e+00 0.0e+00 0.0e+00  0  0  0  0  0   0  0  0  0  0     0       0      0 0.00e+00    0 0.00e+00  0
VecSet                86 1.0 4.0985e-04 1.3 0.00e+00 0.0 0.0e+00 0.0e+00 0.0e+00  0  0  0  0  0   0  0  0  0  0     0       0      0 0.00e+00    0 0.00e+00  0
VecAXPY              160 1.0 7.1814e-04 1.1 1.59e+07 1.1 0.0e+00 0.0e+00 0.0e+00  0  0  0  0  0   0  0  0  0  0 168601       0      0 0.00e+00    0 0.00e+00 100
VecAYPX              414 1.0 1.7311e-03 1.1 3.00e+07 1.1 0.0e+00 0.0e+00 0.0e+00  0  0  0  0  0   0  1  0  0  0 132013       0      0 0.00e+00    0 0.00e+00 100
VecAXPBYCZ           114 1.0 7.4462e-04 1.1 1.90e+07 1.1 0.0e+00 0.0e+00 0.0e+00  0  0  0  0  0   0  0  0  0  0 194776       0      0 0.00e+00    0 0.00e+00 100
VecAssemblyBegin      98 1.0 1.1593e-01 20.4 0.00e+00 0.0 0.0e+00 0.0e+00 0.0e+00  0  0  0  0  0   1  0  0  0  0     0       0      0 0.00e+00    0 0.00e+00  0
VecAssemblyEnd        98 1.0 1.2544e-04 1.2 0.00e+00 0.0 0.0e+00 0.0e+00 0.0e+00  0  0  0  0  0   0  0  0  0  0     0       0      0 0.00e+00    0 0.00e+00  0
VecPointwiseMult      52 1.0 3.0081e-04 1.5 1.10e+06 1.1 0.0e+00 0.0e+00 0.0e+00  0  0  0  0  0   0  0  0  0  0 27915       0      0 0.00e+00    0 0.00e+00 100
VecReciprocal         10 1.0 1.7179e-03 1.7 0.00e+00 0.0 0.0e+00 0.0e+00 0.0e+00  0  0  0  0  0   0  0  0  0  0     0       0      0 0.00e+00    0 0.00e+00  0
VecSetValues      765059 1.1 1.2670e+00 1.1 0.00e+00 0.0 0.0e+00 0.0e+00 0.0e+00  2  0  0  0  0  20  0  0  0  0     0       0      0 0.00e+00    0 0.00e+00  0
VecScatterBegin      523 1.0 1.3170e-01 2.3 0.00e+00 0.0 2.4e+04 5.8e+03 0.0e+00  0  0 46 15  0   2  0 80 30  0     0       0     52 7.90e+00    0 0.00e+00  0
VecScatterEnd        523 1.0 1.7599e-01 2.2 2.23e+04 1.2 0.0e+00 0.0e+00 0.0e+00  0  0  0  0  0   2  0  0  0  0     1       0      2 4.35e-03    0 0.00e+00 100
MatMult             1028 1.0 1.1076e-01 1.8 4.29e+09 1.1 1.7e+04 6.9e+03 0.0e+00  0 41 33 13  0   1 84 57 26  0 290675       0      4 6.55e+00    0 0.00e+00 100
MatMultAdd            57 1.0 8.1471e-03 1.5 1.14e+08 1.1 2.2e+03 6.0e+02 0.0e+00  0  1  4  0  0   0  2  7  0  0 105714       0      0 0.00e+00    0 0.00e+00 100
MatMultTranspose      57 1.0 9.4838e-02 2.0 1.14e+08 1.1 2.2e+03 6.0e+02 0.0e+00  0  1  4  0  0   1  2  7  0  0  9083       0      2 4.35e-03    0 0.00e+00 100
MatScale               9 1.0 4.3995e-02 3.0 1.00e+07 1.1 1.7e+02 1.9e+03 0.0e+00  0  0  0  0  0   1  0  1  0  0  1722       0      9 1.04e+00    0 0.00e+00 100
MatResidual           57 1.0 1.2172e-02 1.2 7.17e+08 1.1 3.2e+03 6.3e+03 0.0e+00  0  7  6  2  0   0 14 11  4  0 442053       0      0 0.00e+00    0 0.00e+00 100
MatAssemblyBegin      47 1.0 2.6310e-02 7.1 0.00e+00 0.0 2.3e+02 1.9e+04 0.0e+00  0  0  0  0  0   0  0  1  1  0     0       0      0 0.00e+00    0 0.00e+00  0
MatAssemblyEnd        47 1.0 1.0299e-01 2.0 0.00e+00 0.0 1.5e+03 4.9e+02 2.3e+01  0  0  3  0 15   1  0  5  0 29     0       0      0 0.00e+00    0 0.00e+00  0
MatSetValues      137311 1.1 3.6884e-01 1.1 6.01e+05 1.1 0.0e+00 0.0e+00 0.0e+00  1  0  0  0  0   6  0  0  0  0    12       0      0 0.00e+00    6 2.27e+01  0
MatGetValues       33075 1.1 6.5625e-02 1.1 0.00e+00 0.0 0.0e+00 0.0e+00 0.0e+00  0  0  0  0  0   1  0  0  0  0     0       0      0 0.00e+00    0 0.00e+00  0
MatGetRow         466752 1.1 9.0539e-01 1.1 0.00e+00 0.0 0.0e+00 0.0e+00 0.0e+00  2  0  0  0  0  14  0  0  0  0     0       0      0 0.00e+00   10 2.04e+01  0
MatCreateSubMat        1 1.0 1.2107e-03 1.0 0.00e+00 0.0 1.4e+01 3.3e+01 5.0e+00  0  0  0  0  3   0  0  0  0  6     0       0      0 0.00e+00    0 0.00e+00  0
MatCoarsen             3 1.0 4.8119e-02 3.0 0.00e+00 0.0 1.5e+03 1.5e+03 1.8e+01  0  0  3  0 12   1  0  5  1 23     0       0      2 1.88e-03    0 0.00e+00  0
MatAXPY                3 1.0 6.7968e-01 1.1 6.01e+05 1.1 0.0e+00 0.0e+00 0.0e+00  1  0  0  0  0  11  0  0  0  0     7       0      0 0.00e+00    6 2.27e+01  0
MatTranspose           2 1.0 2.5254e-03 1.0 0.00e+00 0.0 1.8e+02 4.0e+01 6.0e+00  0  0  0  0  4   0  0  1  0  8     0       0      2 1.88e-03    0 0.00e+00  0
MatMatMultSym          3 1.0 9.2983e-02 1.0 0.00e+00 0.0 1.3e+03 1.1e+04 9.0e+00  0  0  2  1  6   2  0  4  3 12     0       0      6 4.58e+00    0 0.00e+00  0
MatMatMultNum          3 1.0 7.4100e-07 1.3 0.00e+00 0.0 0.0e+00 0.0e+00 0.0e+00  0  0  0  0  0   0  0  0  0  0     0       0      0 0.00e+00    0 0.00e+00  0
MatPtAPSymbolic        3 1.0 4.3496e-01 1.1 0.00e+00 0.0 2.2e+03 5.9e+04 1.8e+01  1  0  4 14 12   7  0  7 28 23     0       0      6 2.27e+01    0 0.00e+00  0
MatPtAPNumeric         3 1.0 7.6100e-07 1.3 0.00e+00 0.0 0.0e+00 0.0e+00 0.0e+00  0  0  0  0  0   0  0  0  0  0     0       0      0 0.00e+00    0 0.00e+00  0
MatTrnMatMultSym       1 1.0 1.5494e-01 1.1 0.00e+00 0.0 4.5e+02 3.8e+05 3.0e+00  0  0  1 18  2   2  0  1 37  4     0       0      0 0.00e+00    0 0.00e+00  0
MatCreateGraph         3 1.0 6.6033e-01 1.0 4.04e+06 1.1 5.0e+02 9.7e+02 9.0e+00  1  0  1  0  6  11  0  2  0 12    46       0     12 1.55e+01    7 5.46e+00 100
KSPSetUp               1 1.0 1.5301e-03 4.0 0.00e+00 0.0 0.0e+00 0.0e+00 0.0e+00  0  0  0  0  0   0  0  0  0  0     0       0      0 0.00e+00    0 0.00e+00  0
KSPSolve               1 1.0 1.9508e-01 1.0 3.88e+09 1.1 1.8e+04 5.5e+03 0.0e+00  0 37 35 11  0   3 76 61 22  0 149322       0      2 4.35e-03    0 0.00e+00 100
SNESSolve              1 1.0 7.9110e+00 1.8 5.08e+09 1.1 3.0e+04 1.5e+04 7.8e+01 13 49 58 49 51 100 100 100 100 100  4848       0     78 1.88e+02   52 5.26e+01 91
SNESSetUp              1 1.0 1.4690e-03 4.4 0.00e+00 0.0 0.0e+00 0.0e+00 0.0e+00  0  0  0  0  0   0  0  0  0  0     0       0      0 0.00e+00    0 0.00e+00  0
SNESFunctionEval       1 1.0 4.0665e+00 8.8 4.09e+08 1.0 3.8e+01 1.5e+04 0.0e+00  5  4  0  0  0  38  9  0  0  0   805       0      2 1.72e+00    3 2.59e+00  0
PCSetUp_GAMG+          1 1.0 3.6493e+00 1.0 7.92e+08 1.1 1.2e+04 3.0e+04 7.8e+01  7  8 23 39 51  59 16 39 78 100  1630       0     74 1.86e+02   49 5.00e+01 100
 PCGAMGCreateG         3 1.0 6.6034e-01 1.0 4.04e+06 1.1 5.0e+02 9.7e+02 9.0e+00  1  0  1  0  6  11  0  2  0 12    46       0     12 1.55e+01    7 5.46e+00 100
 GAMG Coarsen          6 1.0 5.6720e-01 1.0 0.00e+00 0.0 2.2e+03 8.0e+04 2.1e+01  1  0  4 19 14   9  0  7 39 27     0       0      7 1.05e+00   11 1.56e+01  0
  GAMG MIS/Agg         3 1.0 2.0555e-01 1.1 0.00e+00 0.0 1.9e+03 9.0e+04 2.1e+01  0  0  4 19 14   3  0  6 38 27     0       0      2 1.88e-03    0 0.00e+00  0
 PCGAMGProl            3 1.0 1.1289e+00 1.0 0.00e+00 0.0 2.2e+03 8.2e+03 9.0e+00  2  0  4  2  6  18  0  7  4 12     0       0     38 6.52e+00   19 1.77e+00  0
  GAMG Prol-col        3 1.0 1.1044e+00 1.0 0.00e+00 0.0 2.0e+03 7.2e+03 0.0e+00  2  0  4  2  0  18  0  7  3  0     0       0     38 6.52e+00   19 1.77e+00  0
  GAMG Prol-lift       3 1.0 2.3009e-02 1.0 0.00e+00 0.0 2.6e+02 1.6e+04 3.0e+00  0  0  0  0  2   0  0  1  1  4     0       0      0 0.00e+00    0 0.00e+00  0
 PCGAMGOptProl         3 1.0 8.1514e-01 1.1 3.94e+08 1.1 2.9e+03 8.1e+03 9.0e+00  2  4  6  3  6  13  8 10  5 12  3624       0     11 1.40e+02    6 2.27e+01 100
  GAMG smooth          3 1.0 7.7533e-01 1.1 6.59e+06 1.1 1.3e+03 1.1e+04 9.0e+00  2  0  2  1  6  12  0  4  3 12    64       0      6 4.58e+00    6 2.27e+01 91
 PCGAMGCreateL         3 1.0 4.3742e-01 1.1 0.00e+00 0.0 2.2e+03 5.8e+04 2.9e+01  1  0  4 14 19   7  0  7 28 37     0       0      6 2.27e+01    0 0.00e+00  0
  GAMG PtAP            3 1.0 4.3499e-01 1.1 0.00e+00 0.0 2.2e+03 5.9e+04 1.8e+01  1  0  4 14 12   7  0  7 28 23     0       0      6 2.27e+01    0 0.00e+00  0
  GAMG Reduce          1 1.0 1.9225e-02 1.0 0.00e+00 0.0 4.4e+02 1.8e+03 1.7e+01  0  0  1  0 11   0  0  1  0 22     0       0      2 6.44e-03    0 0.00e+00  0
PCGAMG Squ l00         1 1.0 1.5494e-01 1.1 0.00e+00 0.0 4.5e+02 3.8e+05 3.0e+00  0  0  1 18  2   2  0  1 37  4     0       0      0 0.00e+00    0 0.00e+00  0
PCGAMG Gal l00         1 1.0 3.4363e-01 1.1 0.00e+00 0.0 8.8e+02 1.2e+05 6.0e+00  1  0  2 11  4   5  0  3 22  8     0       0      2 2.20e+01    0 0.00e+00  0
PCGAMG Opt l00         1 1.0 4.9863e-02 1.0 0.00e+00 0.0 4.4e+02 2.5e+04 3.0e+00  0  0  1  1  2   1  0  1  2  4     0       0      2 4.50e+00    0 0.00e+00  0
PCGAMG Gal l01         1 1.0 7.5071e-02 1.0 0.00e+00 0.0 9.0e+02 3.0e+04 6.0e+00  0  0  2  3  4   1  0  3  6  8     0       0      2 6.63e-01    0 0.00e+00  0
PCGAMG Opt l01         1 1.0 3.0430e-02 1.0 0.00e+00 0.0 4.5e+02 3.4e+03 3.0e+00  0  0  1  0  2   0  0  1  0  4     0       0      2 7.55e-02    0 0.00e+00  0
PCGAMG Gal l02         1 1.0 1.6777e-02 1.0 0.00e+00 0.0 4.1e+02 1.9e+03 6.0e+00  0  0  1  0  4   0  0  1  0  8     0       0      2 6.44e-03    0 0.00e+00  0
PCGAMG Opt l02         1 1.0 1.2731e-02 1.0 0.00e+00 0.0 3.7e+02 1.1e+03 3.0e+00  0  0  1  0  2   0  0  1  0  4     0       0      2 3.71e-03    0 0.00e+00  0
PCSetUp                1 1.0 3.6493e+00 1.0 7.92e+08 1.1 1.2e+04 3.0e+04 7.8e+01  7  8 23 39 51  59 16 39 78 100  1630       0     74 1.86e+02   49 5.00e+01 100
PCApply               19 1.0 1.8038e-01 1.0 3.17e+09 1.1 1.7e+04 4.8e+03 0.0e+00  0 31 33  9  0   3 62 57 18  0 131958       0      2 4.35e-03    0 0.00e+00 100

--- Event Stage 3: Hot Solve

DMPlexResidualFE       1 1.0 4.3581e-01 1.0 4.08e+08 1.0 0.0e+00 0.0e+00 0.0e+00  1  4  0  0  0  58  9  0  0  0  7491       0      0 0.00e+00    2 1.72e+00  0
SFBcastBegin           4 1.0 2.6727e-03 1.8 0.00e+00 0.0 1.9e+02 2.3e+05 0.0e+00  0  0  0  5  0   0  0  1 25  0     0       0      0 0.00e+00    0 0.00e+00  0
SFBcastEnd             4 1.0 5.0453e-02 5.2 0.00e+00 0.0 0.0e+00 0.0e+00 0.0e+00  0  0  0  0  0   4  0  0  0  0     0       0      0 0.00e+00    0 0.00e+00  0
SFReduceBegin          4 1.0 1.8311e-03 7.0 0.00e+00 0.0 1.4e+02 1.5e+05 0.0e+00  0  0  0  2  0   0  0  1 12  0     0       0      0 0.00e+00    0 0.00e+00  0
SFReduceEnd            4 1.0 6.8199e-02 11.9 9.51e+03 0.0 0.0e+00 0.0e+00 0.0e+00  0  0  0  0  0   4  0  0  0  0     1       0      0 0.00e+00    0 0.00e+00 100
SFPack               399 1.0 1.1706e-03 1.1 0.00e+00 0.0 0.0e+00 0.0e+00 0.0e+00  0  0  0  0  0   0  0  0  0  0     0       0      0 0.00e+00    0 0.00e+00  0
SFUnpack             399 1.0 3.3209e-04 1.4 3.16e+04 1.4 0.0e+00 0.0e+00 0.0e+00  0  0  0  0  0   0  0  0  0  0   610       0      0 0.00e+00    0 0.00e+00 100
VecTDot              109 1.0 1.8163e-02 1.0 1.25e+07 1.1 0.0e+00 0.0e+00 0.0e+00  0  0  0  0  0   2  0  0  0  0  5237       0      0 0.00e+00    0 0.00e+00 100
VecNorm               53 1.0 3.7480e-03 1.4 6.14e+06 1.1 0.0e+00 0.0e+00 0.0e+00  0  0  0  0  0   0  0  0  0  0 12486       0      0 0.00e+00    0 0.00e+00 100
VecCopy              179 1.0 9.6879e-04 1.0 0.00e+00 0.0 0.0e+00 0.0e+00 0.0e+00  0  0  0  0  0   0  0  0  0  0     0       0      0 0.00e+00    0 0.00e+00  0
VecSet                83 1.0 3.5077e-04 1.2 0.00e+00 0.0 0.0e+00 0.0e+00 0.0e+00  0  0  0  0  0   0  0  0  0  0     0       0      0 0.00e+00    0 0.00e+00  0
VecAXPY              100 1.0 4.1075e-04 1.1 1.19e+07 1.1 0.0e+00 0.0e+00 0.0e+00  0  0  0  0  0   0  0  0  0  0 220440       0      0 0.00e+00    0 0.00e+00 100
VecAYPX              387 1.0 1.5098e-03 1.1 2.82e+07 1.1 0.0e+00 0.0e+00 0.0e+00  0  0  0  0  0   0  1  0  0  0 142265       0      0 0.00e+00    0 0.00e+00 100
VecAXPBYCZ           114 1.0 4.8689e-04 1.1 1.90e+07 1.1 0.0e+00 0.0e+00 0.0e+00  0  0  0  0  0   0  0  0  0  0 297879       0      0 0.00e+00    0 0.00e+00 100
VecPointwiseMult      19 1.0 8.8311e-05 2.6 3.42e+02 0.0 0.0e+00 0.0e+00 0.0e+00  0  0  0  0  0   0  0  0  0  0     4       0      0 0.00e+00    0 0.00e+00 100
VecReciprocal          1 1.0 5.2500e-06 3.8 0.00e+00 0.0 0.0e+00 0.0e+00 0.0e+00  0  0  0  0  0   0  0  0  0  0     0       0      0 0.00e+00    0 0.00e+00  0
VecScatterBegin      391 1.0 4.1533e-02 1.3 0.00e+00 0.0 2.0e+04 5.5e+03 0.0e+00  0  0 38 12  0   5  0 98 63  0     0       0      0 0.00e+00    0 0.00e+00  0
VecScatterEnd        391 1.0 1.6915e-02 2.4 2.23e+04 1.2 0.0e+00 0.0e+00 0.0e+00  0  0  0  0  0   2  0  0  0  0    10       0      0 0.00e+00    0 0.00e+00 100
MatMult              998 1.0 3.5138e-02 1.0 3.91e+09 1.1 1.6e+04 7.0e+03 0.0e+00  0 38 30 12  0   5 83 77 62  0 836056       0      0 0.00e+00    0 0.00e+00 100
MatMultAdd            57 1.0 5.5209e-03 1.2 1.14e+08 1.1 2.2e+03 6.0e+02 0.0e+00  0  1  4  0  0   1  2 11  1  0 156001       0      0 0.00e+00    0 0.00e+00 100
MatMultTranspose      57 1.0 1.3618e-02 1.1 1.14e+08 1.1 2.2e+03 6.0e+02 0.0e+00  0  1  4  0  0   2  2 11  1  0 63256       0      0 0.00e+00    0 0.00e+00 100
MatResidual           57 1.0 1.0200e-02 1.0 7.17e+08 1.1 3.2e+03 6.3e+03 0.0e+00  0  7  6  2  0   1 15 16 11  0 527515       0      0 0.00e+00    0 0.00e+00 100
MatPtAPNumeric         3 1.0 1.9976e-01 1.0 0.00e+00 0.0 2.8e+02 2.3e+05 0.0e+00  0  0  1  7  0  27  0  1 37  0     0       0      0 0.00e+00    0 0.00e+00  0
KSPSetUp               1 1.0 2.0100e-07 1.2 0.00e+00 0.0 0.0e+00 0.0e+00 0.0e+00  0  0  0  0  0   0  0  0  0  0     0       0      0 0.00e+00    0 0.00e+00  0
KSPSolve               1 1.0 6.9091e-02 1.0 3.88e+09 1.1 1.8e+04 5.5e+03 0.0e+00  0 37 35 11  0   9 82 90 57  0 421623       0      0 0.00e+00    0 0.00e+00 100
SNESSolve              1 1.0 7.3765e-01 1.0 4.68e+09 1.1 2.0e+04 8.6e+03 0.0e+00  2 46 39 19  0 100 100 100 100  0 47950       0      5 4.05e+00    3 2.59e+00 91
SNESFunctionEval       1 1.0 4.6292e-01 1.0 4.09e+08 1.0 3.8e+01 1.5e+04 0.0e+00  1  4  0  0  0  62  9  0  0  0  7070       0      2 1.72e+00    3 2.59e+00  0
PCSetUp_GAMG+          1 1.0 2.1227e-01 1.0 3.95e+08 1.1 2.0e+03 3.8e+04 0.0e+00  0  4  4  8  0  28  8 10 43  0 13964       0      3 2.33e+00    0 0.00e+00 100
PCGAMG Gal l00         1 1.0 1.5158e-01 1.5 0.00e+00 0.0 1.1e+02 4.6e+05 0.0e+00  0  0  0  5  0  17  0  1 29  0     0       0      0 0.00e+00    0 0.00e+00  0
PCGAMG Gal l01         1 1.0 8.7883e-02 2.6 0.00e+00 0.0 1.1e+02 1.2e+05 0.0e+00  0  0  0  1  0   8  0  1  8  0     0       0      0 0.00e+00    0 0.00e+00  0
PCGAMG Gal l02         1 1.0 1.3716e-02 3.4 0.00e+00 0.0 6.3e+01 5.9e+03 0.0e+00  0  0  0  0  0   1  0  0  0  0     0       0      0 0.00e+00    0 0.00e+00  0
PCSetUp                1 1.0 2.1227e-01 1.0 3.95e+08 1.1 2.0e+03 3.8e+04 0.0e+00  0  4  4  8  0  28  8 10 43  0 13964       0      3 2.33e+00    0 0.00e+00 100
PCApply               19 1.0 5.4495e-02 1.0 3.17e+09 1.1 1.7e+04 4.8e+03 0.0e+00  0 31 33  9  0   7 67 85 47  0 436787       0      0 0.00e+00    0 0.00e+00 100
---------------------------------------------------------------------------------------------------------------------------------------------------------------

Object Type          Creations   Destructions. Reports information only for process 0.

--- Event Stage 0: Main Stage

           Container     2             34
    Distributed Mesh     0             38
            DM Label     0             57
          Quadrature     1            236
           Index Set    25            125
   IS L to G Mapping     0             97
             Section     0            114
   Star Forest Graph     0             78
     Discrete System     0             38
           Weak Form     0             39
    GraphPartitioner     0             15
              Vector     1             72
        Linear Space     0              6
          Dual Space     0             16
            FE Space     0              4
              Matrix     0             55
      Matrix Coarsen     0              1
   Matrix Null Space     0              1
                SNES     0              1
              DMSNES     0              1
       Krylov Solver     0              8
     DMKSP interface     0              1
       Field over DM     1              1
      Preconditioner     0              5
              Viewer     0              1

--- Event Stage 1: Mesh Setup

           Container    93             61
    Distributed Mesh   118             82
            DM Label   296            239
          Quadrature   533            298
           Index Set  1338           1241
   IS L to G Mapping   290            193
             Section   390            276
   Star Forest Graph   313            254
     Discrete System   175            139
           Weak Form   177            140
    GraphPartitioner    53             38
              Vector    78             51
  PetscDeviceContext     1              0
        Linear Space    12              6
          Dual Space    63             47
            FE Space     6              2
              Matrix   178            151
   Matrix Null Space     1              0
                SNES     1              0
              DMSNES     1              0
       Krylov Solver     1              0
       Field over DM     1              1
      Preconditioner     1              0
              Viewer     1              0

--- Event Stage 2: Solve 0

           Container     2              2
    Distributed Mesh     2              0
          Quadrature     1              1
           Index Set    91             88
   Star Forest Graph    43             24
     Discrete System     2              0
           Weak Form     2              0
              Vector   213            169
              Matrix    70             42
      Matrix Coarsen     3              2
       Krylov Solver    11              4
     DMKSP interface     1              0
      Preconditioner    11              7
         PetscRandom     3              3

--- Event Stage 3: Hot Solve

          Quadrature     1              1
           Index Set    33             33
              Vector     9              9
========================================================================================================================
Average time to get PetscTime(): 3.3e-08
Average time for MPI_Barrier(): 1.46644e-05
Average time for zero size MPI_Send(): 1.42087e-05
#PETSc Option Table entries:
-dm_mat_type mpiaijkokkos # (source: command line)
-dm_plex_box_faces 32,32,32 # (source: command line)
-dm_plex_dim 3 # (source: command line)
-dm_plex_simplex 0 # (source: command line)
-dm_vec_type kokkos # (source: command line)
-ksp_converged_reason # (source: command line)
-ksp_norm_type unpreconditioned # (source: command line)
-ksp_rtol 1e-6 # (source: command line)
-ksp_type cg # (source: command line)
-log_view # (source: command line)
-max_conv_its 1 # (source: command line)
-mg_coarse_pc_type jacobi # (source: command line)
-mg_levels_ksp_type chebyshev # (source: command line)
-mg_levels_pc_type pbjacobi # (source: command line)
-n_solves 2 # (source: command line)
-pc_gamg_agg_nsmooths 1 # (source: command line)
-pc_gamg_reuse_interpolation true # (source: command line)
-pc_gamg_type agg # (source: command line)
-pc_type gamg # (source: command line)
-petscpartitioner_simple_process_grid 2,2,2 # (source: command line)
-petscspace_degree 2 # (source: command line)
-run_type 1 # (source: command line)
-snes_lag_jacobian -2 # (source: command line)
-snes_type ksponly # (source: command line)
-use_mat_nearnullspace true # (source: command line)
#End of PETSc Option Table entries
Compiled without FORTRAN kernels
Compiled with full precision matrices (default)
sizeof(short) 2 sizeof(int) 4 sizeof(long) 8 sizeof(void*) 8 sizeof(PetscScalar) 8 sizeof(PetscInt) 4
Configure options: --with-kokkos-dir=/global/homes/m/madams/petsc/arch-perlmutter-opt-gcc-kokkos-cuda-notpl --with-kokkos-kernels-dir=/global/homes/m/madams/petsc/arch-perlmutter-opt-gcc-kokkos-cuda-notpl --with-triangle-dir=/global/homes/m/madams/petsc/arch-perlmutter-opt-gcc-kokkos-cuda-notpl --with-batch=0 --with-cc=cc --with-cxx=CC --with-fc=0 --with-debugging=0 --with-cuda=1 --with-cuda-arch=80 --with-kokkos-kernels-tpl=0 --with-make-np=8 --with-mpiexec=srun -G4 --gpu-bind=none PETSC_ARCH=arch-perlmutter-opt-gcc-kokkos-cuda-notpl
-----------------------------------------
Libraries compiled on 2026-06-22 14:37:25 on login21
Machine characteristics: Linux-6.4.0-150600.23.103_15.0.24-cray_shasta_c-x86_64-with-glibc2.3.4
Using PETSc directory: /global/u2/m/madams/petsc
Using PETSc arch: arch-perlmutter-opt-gcc-kokkos-cuda-notpl
-----------------------------------------

Using C compiler: cc  -fPIC -Wall -Wwrite-strings -Wno-unknown-pragmas -Wno-lto-type-mismatch -Wno-stringop-overflow -fstack-protector -fvisibility=hidden -g -O 
-----------------------------------------

Using include paths: -I/global/u2/m/madams/petsc/include -I/global/u2/m/madams/petsc/arch-perlmutter-opt-gcc-kokkos-cuda-notpl/include -I/global/homes/m/madams/petsc/arch-perlmutter-opt-gcc-kokkos-cuda-notpl/include -I/opt/nvidia/hpc_sdk/Linux_x86_64/25.5/cuda/12.9/include -I/opt/nvidia/hpc_sdk/Linux_x86_64/25.5/math_libs/12.9/include
-----------------------------------------

Using C linker: cc
Using libraries: -Wl,-rpath,/global/u2/m/madams/petsc/arch-perlmutter-opt-gcc-kokkos-cuda-notpl/lib -L/global/u2/m/madams/petsc/arch-perlmutter-opt-gcc-kokkos-cuda-notpl/lib -lpetsc -Wl,-rpath,/global/homes/m/madams/petsc/arch-perlmutter-opt-gcc-kokkos-cuda-notpl/lib -L/global/homes/m/madams/petsc/arch-perlmutter-opt-gcc-kokkos-cuda-notpl/lib -Wl,-rpath,/opt/nvidia/hpc_sdk/Linux_x86_64/25.5/cuda/12.9/lib64 -L/opt/nvidia/hpc_sdk/Linux_x86_64/25.5/cuda/12.9/lib64 -Wl,-rpath,/opt/nvidia/hpc_sdk/Linux_x86_64/25.5/math_libs/12.9/lib64 -L/opt/nvidia/hpc_sdk/Linux_x86_64/25.5/math_libs/12.9/lib64 -L/opt/nvidia/hpc_sdk/Linux_x86_64/25.5/cuda/12.9/lib64/stubs -lkokkoskernels -lkokkoscontainers -lkokkoscore -lkokkossimd -ltriangle -lcudart -lnvtx3interop -lcufft -lcublas -lcusparse -lcusolver -lcurand -lcuda -lnvidia-ml -lX11 -lstdc++ -lquadmath
-----------------------------------------

    Linear solve converged due to CONVERGED_RTOL iterations 19
    Linear solve converged due to CONVERGED_RTOL iterations 19
[0] 0) N=      750141, max displ=5.9664262e+01, error=8.950e-02
****************************************************************************************************************************************************************
***                                WIDEN YOUR WINDOW TO 160 CHARACTERS.  Use 'enscript -r -fCourier9' to print this document                                 ***
****************************************************************************************************************************************************************

------------------------------------------------------------------ PETSc Performance Summary: ------------------------------------------------------------------



      ##########################################################
      #                                                        #
      #                       WARNING!!!                       #
      #                                                        #
      #   This code was run with -log_view_gpu_time            #
      #   This provides accurate timing within the GPU kernels #
      #   but can slow down the entire computation by a        #
      #   measurable amount. For fastest runs we recommend     #
      #   not using this option.                               #
      #                                                        #
      ##########################################################


/global/homes/m/madams/petsc/arch-perlmutter-opt-gcc-kokkos-cuda-notpl/tests/snes/tutorials/ex56 on a arch-perlmutter-opt-gcc-kokkos-cuda-notpl named nid001161 with 8 processes and CUDA architecture 80, by madams on Mon Jun 22 07:56:23 2026
Using PETSc Development Git Revision: v3.25.2-340-g83d2bd4a8b4 Git Date: 2026-06-21 14:23:19 -0400

                         Max       Max/Min     Avg       Total
Time (sec):           4.945e+01     1.000   4.944e+01
Objects:              0.000e+00     0.000   0.000e+00
Flops:                1.026e+10     1.112   9.712e+09  7.770e+10
Flops/sec:            2.075e+08     1.112   1.965e+08  1.572e+09
MPI Msg Count:        6.924e+03     1.084   6.514e+03  5.211e+04
MPI Msg Len (bytes):  1.261e+08     1.116   1.794e+04  9.346e+08
MPI Reductions:       1.520e+02     1.000

Flop counting convention: 1 flop = 1 real number operation of type (multiply/divide/add/subtract)
                            e.g., VecAXPY() for real vectors of length N --> 2N flops
                            and VecAXPY() for complex vectors of length N --> 8N flops

Summary of Stages:   ----- Time ------  ----- Flop ------  --- Messages ---  -- Message Lengths --  -- Reductions --
                        Avg     %Total     Avg     %Total    Count   %Total     Avg         %Total    Count   %Total
 0:      Main Stage: 3.9235e+01  79.4%  3.6441e+09   4.7%  9.500e+01   0.2%  8.534e+05        8.7%  3.000e+00   2.0%
 1:      Mesh Setup: 3.0748e+00   6.2%  3.3029e+08   0.4%  1.682e+03   3.2%  1.296e+05       23.3%  5.400e+01  35.5%
 2:         Solve 0: 6.3611e+00  12.9%  3.8355e+10  49.4%  3.009e+04  57.7%  1.530e+04       49.3%  7.800e+01  51.3%
 3:       Hot Solve: 7.6523e-01   1.5%  3.5370e+10  45.5%  2.024e+04  38.8%  8.648e+03       18.7%  0.000e+00   0.0%

------------------------------------------------------------------------------------------------------------------------
See the 'Profiling' chapter of the users' manual for details on interpreting output.
Phase summary info:
   Count: number of times phase was executed
   Time and Flop: Max - maximum over all processes
                  Ratio - ratio of maximum to minimum over all processes
   Mess: number of messages sent
   AvgLen: average message length (bytes)
   Reduct: number of global reductions
   Global: entire computation
   Stage: stages of a computation. Set stages with PetscLogStagePush() and PetscLogStagePop().
      %T - percent time in this phase         %F - percent flop in this phase
      %M - percent messages in this phase     %L - percent message lengths in this phase
      %R - percent reductions in this phase
   Total Mflop/s: 1e-6 * (sum of flop over all processes)/(max time over all processes)
   GPU Mflop/s: 1e-6 * (sum of flop on GPU over all processes)/(max GPU time over all processes)
   CpuToGpu Count: total number of CPU to GPU copies per processor
   CpuToGpu Size (Mbytes): 1e-6 * (total size of CPU to GPU copies per processor)
   GpuToCpu Count: total number of GPU to CPU copies per processor
   GpuToCpu Size (Mbytes): 1e-6 * (total size of GPU to CPU copies per processor)
   GPU %F: percent flops on GPU in this event
------------------------------------------------------------------------------------------------------------------------
Event                Count      Time (sec)     Flop                              --- Global ---  --- Stage ----  Total   GPU    - CpuToGpu -   - GpuToCpu - GPU
                   Max Ratio  Max     Ratio   Max  Ratio  Mess   AvgLen  Reduct  %T %F %M %L %R  %T %F %M %L %R Mflop/s Mflop/s Count   Size   Count   Size  %F
---------------------------------------------------------------------------------------------------------------------------------------------------------------

--- Event Stage 0: Main Stage

BuildTwoSided          2 1.0 8.6490e-02 277.2 0.00e+00 0.0 3.8e+01 4.0e+00 0.0e+00  0  0  0  0  0   0  0 40  0  0     0       0      0 0.00e+00    0 0.00e+00  0
BuildTwoSidedF         1 1.0 9.1006e-02 198.3 0.00e+00 0.0 3.8e+01 2.1e+06 0.0e+00  0  0  0  9  0   0  0 40 99  0     0       0      0 0.00e+00    0 0.00e+00  0
DMPlexJacobianFE       1 1.0 4.0954e+01 1.1 4.39e+08 1.0 3.8e+01 2.1e+06 0.0e+00 79  5  0  9  0 100 96 40 99  0    85       0      0 0.00e+00    3 1.36e+02  0
SFSetGraph             1 1.0 7.8015e-04 1.0 0.00e+00 0.0 0.0e+00 0.0e+00 0.0e+00  0  0  0  0  0   0  0  0  0  0     0       0      0 0.00e+00    0 0.00e+00  0
SFSetUp                1 1.0 2.9376e-03 1.1 0.00e+00 0.0 3.8e+01 3.8e+03 0.0e+00  0  0  0  0  0   0  0 40  0  0     0       0      0 0.00e+00    0 0.00e+00  0
SFBcastBegin           1 1.0 4.8721e-03 1.6 0.00e+00 0.0 1.9e+01 1.5e+04 0.0e+00  0  0  0  0  0   0  0 20  0  0     0       0      2 3.93e-01    0 0.00e+00  0
SFBcastEnd             1 1.0 2.7667e-03 3.8 0.00e+00 0.0 0.0e+00 0.0e+00 0.0e+00  0  0  0  0  0   0  0  0  0  0     0       0      1 1.81e-02    0 0.00e+00  0
SFPack                 1 1.0 2.4988e-03 19221.2 0.00e+00 0.0 0.0e+00 0.0e+00 0.0e+00  0  0  0  0  0   0  0  0  0  0     0       0      1 1.81e-02    0 0.00e+00  0
SFUnpack               1 1.0 5.4746e-05 260.7 0.00e+00 0.0 0.0e+00 0.0e+00 0.0e+00  0  0  0  0  0   0  0  0  0  0     0       0      1 1.81e-02    0 0.00e+00  0
VecNorm                1 1.0 2.9307e-04 1.1 0.00e+00 0.0 0.0e+00 0.0e+00 0.0e+00  0  0  0  0  0   0  0  0  0  0     0       0      0 0.00e+00    0 0.00e+00  0
VecSet                 2 1.0 3.8795e-05 1.1 0.00e+00 0.0 0.0e+00 0.0e+00 0.0e+00  0  0  0  0  0   0  0  0  0  0     0       0      0 0.00e+00    0 0.00e+00  0
DCtxDestroy            1 1.0 2.3616e-05 1.2 0.00e+00 0.0 0.0e+00 0.0e+00 0.0e+00  0  0  0  0  0   0  0  0  0  0     0       0      0 0.00e+00    0 0.00e+00  0
MatMult              721 1.0 1.7647e-04 1.1 5.84e+04 1.0 0.0e+00 0.0e+00 0.0e+00  0  0  0  0  0   0  0  0  0  0  2647       0      0 0.00e+00    0 0.00e+00  0
MatScale               1 1.0 2.2501e-04 1.1 1.80e+07 1.1 0.0e+00 0.0e+00 0.0e+00  0  0  0  0  0   0  4  0  0  0 602753   663466      0 0.00e+00    0 0.00e+00 100
MatAssemblyBegin       1 1.0 9.1028e-02 1.1 0.00e+00 0.0 3.8e+01 2.1e+06 0.0e+00  0  0  0  9  0   0  0 40 99  0     0       0      0 0.00e+00    0 0.00e+00  0
MatAssemblyEnd         1 1.0 3.6313e+00 2590.8 1.28e+06 0.0 0.0e+00 0.0e+00 0.0e+00  4  0  0  0  0   4  0  0  0  0     1       0      0 0.00e+00    0 0.00e+00  0
MatSetValues        4096 1.0 3.2984e-01 1.1 2.42e+07 1.1 0.0e+00 0.0e+00 0.0e+00  1  0  0  0  0   1  5  0  0  0   567       0      0 0.00e+00    2 1.36e+02  0
MatZeroEntries         1 1.0 1.4929e-05 1.2 0.00e+00 0.0 0.0e+00 0.0e+00 0.0e+00  0  0  0  0  0   0  0  0  0  0     0       0      0 0.00e+00    0 0.00e+00  0
SNESJacobianEval       1 1.0 4.0988e+01 1.1 4.40e+08 1.0 9.5e+01 8.5e+05 1.0e+00 79  5  0  9  1 100 96 100 100 33    86       0      4 1.27e+00    4 1.37e+02  0

--- Event Stage 1: Mesh Setup

BuildTwoSided         23 1.0 3.8598e-01 10.7 0.00e+00 0.0 3.7e+02 4.0e+00 0.0e+00  0  0  1  0  0   4  0 22  0  0     0       0      0 0.00e+00    0 0.00e+00  0
BuildTwoSidedF         1 1.0 2.5896e-02 343.1 0.00e+00 0.0 0.0e+00 0.0e+00 0.0e+00  0  0  0  0  0   0  0  0  0  0     0       0      0 0.00e+00    0 0.00e+00  0
DMCreateMat            1 1.0 1.1622e+00 1.0 0.00e+00 0.0 4.7e+02 3.9e+05 4.0e+00  2  0  1 20  3  38  0 28 84  7     0       0      0 0.00e+00    0 0.00e+00  0
DMProjectFunc          6 1.0 3.8491e-01 1.0 3.46e+07 1.0 0.0e+00 0.0e+00 1.0e+00  1  0  0  0  1  12 84  0  0  2   719       0      0 0.00e+00    6 5.17e+00  0
DMPlexCrFromOpts       1 1.0 3.7733e-02 1.0 0.00e+00 0.0 0.0e+00 0.0e+00 0.0e+00  0  0  0  0  0   1  0  0  0  0     0       0      0 0.00e+00    0 0.00e+00  0
Mesh Partition         1 1.0 9.0231e-02 1.0 0.00e+00 0.0 3.5e+01 1.5e+05 3.0e+00  0  0  0  1  2   3  0  2  2  6     0       0      0 0.00e+00    0 0.00e+00  0
Mesh Migration         1 1.0 5.3451e-01 1.0 0.00e+00 0.0 2.0e+02 1.1e+05 1.6e+01  1  0  0  2 11  17  0 12 10 30     0       0      0 0.00e+00    0 0.00e+00  0
DMPlexPartSelf         1 1.0 3.5342e-02 4338.6 0.00e+00 0.0 0.0e+00 0.0e+00 0.0e+00  0  0  0  0  0   0  0  0  0  0     0       0      0 0.00e+00    0 0.00e+00  0
DMPlexPartLblInv       1 1.0 3.9996e-02 10.0 0.00e+00 0.0 0.0e+00 0.0e+00 2.0e+00  0  0  0  0  1   1  0  0  1  4     0       0      0 0.00e+00    0 0.00e+00  0
DMPlexPartLblSF        1 1.0 4.3375e-03 1.3 0.00e+00 0.0 1.4e+01 7.2e+04 0.0e+00  0  0  0  0  0   0  0  1  0  0     0       0      0 0.00e+00    0 0.00e+00  0
DMPlexPartStrtSF       1 1.0 4.3093e-02 1.0 0.00e+00 0.0 7.0e+00 2.9e+05 0.0e+00  0  0  0  0  0   1  0  0  1  0     0       0      0 0.00e+00    0 0.00e+00  0
DMPlexPointSF          1 1.0 8.1261e-01 1.0 0.00e+00 0.0 1.4e+01 3.6e+05 0.0e+00  2  0  0  1  0  26  0  1  2  0     0       0      0 0.00e+00    0 0.00e+00  0
DMPlexInterp          36 1.0 2.5718e-03 1.0 0.00e+00 0.0 0.0e+00 0.0e+00 0.0e+00  0  0  0  0  0   0  0  0  0  0     0       0      0 0.00e+00    0 0.00e+00  0
DMPlexDistribute       1 1.0 1.4375e+00 1.0 0.00e+00 0.0 2.5e+02 1.3e+05 2.1e+01  3  0  0  3 14  47  0 15 15 39     0       0      0 0.00e+00    0 0.00e+00  0
DMPlexDistCones        1 1.0 1.3579e-02 1.0 0.00e+00 0.0 4.2e+01 2.6e+05 0.0e+00  0  0  0  1  0   0  0  2  5  0     0       0      0 0.00e+00    0 0.00e+00  0
DMPlexDistLabels       1 1.0 3.3203e-02 1.0 0.00e+00 0.0 1.0e+02 7.9e+04 1.4e+01  0  0  0  1  9   1  0  6  4 26     0       0      0 0.00e+00    0 0.00e+00  0
DMPlexDistField        1 1.0 4.8207e-01 1.0 0.00e+00 0.0 4.9e+01 3.9e+04 0.0e+00  1  0  0  0  0  16  0  3  1  0     0       0      0 0.00e+00    0 0.00e+00  0
DMPlexStratify        53 1.0 3.7737e-02 3.1 0.00e+00 0.0 0.0e+00 0.0e+00 0.0e+00  0  0  0  0  0   1  0  0  0  0     0       0      0 0.00e+00    0 0.00e+00  0
DMPlexSymmetrize      53 1.0 1.3603e-02 11.6 0.00e+00 0.0 0.0e+00 0.0e+00 0.0e+00  0  0  0  0  0   0  0  0  0  0     0       0      0 0.00e+00    0 0.00e+00  0
DMPlexPrealloc         1 1.0 1.1595e+00 1.0 0.00e+00 0.0 4.7e+02 3.9e+05 4.0e+00  2  0  1 20  3  38  0 28 84  7     0       0      0 0.00e+00    0 0.00e+00  0
DMPlexGenerate         1 1.0 3.7695e-02 1.0 0.00e+00 0.0 0.0e+00 0.0e+00 0.0e+00  0  0  0  0  0   1  0  0  0  0     0       0      0 0.00e+00    0 0.00e+00  0
SFSetGraph            27 1.0 1.4346e-02 5.3 0.00e+00 0.0 0.0e+00 0.0e+00 0.0e+00  0  0  0  0  0   0  0  0  0  0     0       0      0 0.00e+00    0 0.00e+00  0
SFSetUp               22 1.0 4.5999e-01 4.6 0.00e+00 0.0 7.3e+02 9.3e+04 0.0e+00  0  0  1  7  0   6  0 44 31  0     0       0      0 0.00e+00    0 0.00e+00  0
SFBcastBegin          49 1.0 6.8917e-03 9.8 0.00e+00 0.0 6.8e+02 6.4e+04 0.0e+00  0  0  1  5  0   0  0 40 20  0     0       0      0 0.00e+00    0 0.00e+00  0
SFBcastEnd            49 1.0 8.9027e-01 24.6 0.00e+00 0.0 0.0e+00 0.0e+00 0.0e+00  1  0  0  0  0  24  0  0  0  0     0       0      0 0.00e+00    0 0.00e+00  0
SFReduceBegin         11 1.0 1.0497e-01 166.4 0.00e+00 0.0 2.0e+02 3.3e+05 0.0e+00  0  0  0  7  0   1  0 12 30  0     0       0      0 0.00e+00    0 0.00e+00  0
SFReduceEnd           11 1.0 7.3633e-01 109.4 0.00e+00 0.0 0.0e+00 0.0e+00 0.0e+00  0  0  0  0  0   5  0  0  0  0     0       0      0 0.00e+00    0 0.00e+00  0
SFFetchOpBegin         2 1.0 1.0303e-03 37.1 0.00e+00 0.0 3.8e+01 5.4e+05 0.0e+00  0  0  0  2  0   0  0  2  9  0     0       0      0 0.00e+00    0 0.00e+00  0
SFFetchOpEnd           2 1.0 5.8105e-03 2.8 0.00e+00 0.0 3.8e+01 5.4e+05 0.0e+00  0  0  0  2  0   0  0  2  9  0     0       0      0 0.00e+00    0 0.00e+00  0
SFCreateEmbed          3 1.0 1.7943e-02 32.9 0.00e+00 0.0 4.5e+01 6.7e+03 0.0e+00  0  0  0  0  0   0  0  3  0  0     0       0      0 0.00e+00    0 0.00e+00  0
SFDistSection          9 1.0 9.4966e-03 1.9 0.00e+00 0.0 3.1e+02 3.0e+04 0.0e+00  0  0  1  1  0   0  0 19  4  0     0       0      0 0.00e+00    0 0.00e+00  0
SFSectionSF           11 1.0 4.2036e-01 10.4 0.00e+00 0.0 2.9e+02 8.6e+04 0.0e+00  0  0  1  3  0   5  0 17 11  0     0       0      0 0.00e+00    0 0.00e+00  0
SFRemoteOff            2 1.0 1.7762e-02 18.9 0.00e+00 0.0 7.6e+01 3.4e+03 0.0e+00  0  0  0  0  0   0  0  5  0  0     0       0      0 0.00e+00    0 0.00e+00  0
SFPack                62 1.0 7.9681e-03 14.0 0.00e+00 0.0 0.0e+00 0.0e+00 0.0e+00  0  0  0  0  0   0  0  0  0  0     0       0      0 0.00e+00    0 0.00e+00  0
SFUnpack              64 1.0 7.1169e-01 246.5 0.00e+00 0.0 0.0e+00 0.0e+00 0.0e+00  0  0  0  0  0   3  0  0  0  0     0       0      0 0.00e+00    0 0.00e+00  0
VecMDot                5 1.0 2.5151e-03 1.0 2.95e+06 1.1 0.0e+00 0.0e+00 0.0e+00  0  0  0  0  0   0  7  0  0  0  8948   14429      0 0.00e+00    6 9.60e-05 100
VecNorm                6 1.0 4.0054e-03 5.0 1.18e+06 1.1 0.0e+00 0.0e+00 0.0e+00  0  0  0  0  0   0  3  0  0  0  2247   15919      0 0.00e+00    0 0.00e+00 100
VecScale               6 1.0 2.7883e-04 1.1 5.90e+05 1.1 0.0e+00 0.0e+00 0.0e+00  0  0  0  0  0   0  1  0  0  0 16142   20881      0 0.00e+00    0 0.00e+00 100
VecCopy                1 1.0 6.8630e-06 1.1 0.00e+00 0.0 0.0e+00 0.0e+00 0.0e+00  0  0  0  0  0   0  0  0  0  0     0       0      0 0.00e+00    0 0.00e+00  0
VecSet                 8 1.0 2.3172e-04 1.1 0.00e+00 0.0 0.0e+00 0.0e+00 0.0e+00  0  0  0  0  0   0  0  0  0  0     0       0      0 0.00e+00    0 0.00e+00  0
VecAXPY                9 1.0 7.1256e-04 1.1 1.77e+06 1.1 0.0e+00 0.0e+00 0.0e+00  0  0  0  0  0   0  4  0  0  0 18949   21793      0 0.00e+00    0 0.00e+00 100
VecNormalize           6 1.0 4.2766e-03 3.9 1.77e+06 1.1 0.0e+00 0.0e+00 0.0e+00  0  0  0  0  0   0  4  0  0  0  3157   17288      0 0.00e+00    0 0.00e+00 100
DCtxCreate             1 1.0 1.6092e-05 1.4 0.00e+00 0.0 0.0e+00 0.0e+00 0.0e+00  0  0  0  0  0   0  0  0  0  0     0       0      0 0.00e+00    0 0.00e+00  0
DCtxSetUp              1 1.0 8.5970e-06 1.2 0.00e+00 0.0 0.0e+00 0.0e+00 0.0e+00  0  0  0  0  0   0  0  0  0  0     0       0      0 0.00e+00    0 0.00e+00  0
DCtxSetDevice          1 1.0 1.5200e-05 1.2 0.00e+00 0.0 0.0e+00 0.0e+00 0.0e+00  0  0  0  0  0   0  0  0  0  0     0       0      0 0.00e+00    0 0.00e+00  0
DualSpaceSetUp         6 1.0 1.4429e-02 1.0 3.61e+03 1.0 0.0e+00 0.0e+00 0.0e+00  0  0  0  0  0   0  0  0  0  0     2       0      0 0.00e+00    0 0.00e+00  0
FESetUp                6 1.0 6.3522e-04 1.1 0.00e+00 0.0 0.0e+00 0.0e+00 0.0e+00  0  0  0  0  0   0  0  0  0  0     0       0      0 0.00e+00    0 0.00e+00  0
MatMult            24576 1.0 5.8766e-03 1.0 1.99e+06 1.0 0.0e+00 0.0e+00 0.0e+00  0  0  0  0  0   0  5  0  0  0  2710       0      0 0.00e+00    0 0.00e+00  0
MatAssemblyBegin      68 1.0 2.5941e-02 220.1 0.00e+00 0.0 0.0e+00 0.0e+00 0.0e+00  0  0  0  0  0   0  0  0  0  0     0       0      0 0.00e+00    0 0.00e+00  0
MatAssemblyEnd        68 1.0 2.7586e-02 1.0 0.00e+00 0.0 1.1e+02 4.0e+03 1.0e+00  0  0  0  0  1   1  0  7  0  2     0       0      0 0.00e+00    0 0.00e+00  0
MatSetPreallCOO       36 1.0 7.9861e-05 1.2 0.00e+00 0.0 0.0e+00 0.0e+00 0.0e+00  0  0  0  0  0   0  0  0  0  0     0       0      0 0.00e+00    0 0.00e+00  0
MatSetValuesCOO       36 1.0 4.5515e-05 1.1 0.00e+00 0.0 0.0e+00 0.0e+00 0.0e+00  0  0  0  0  0   0  0  0  0  0     0       0      0 0.00e+00    0 0.00e+00  0

--- Event Stage 2: Solve 0

BuildTwoSided        149 1.0 2.0436e-01 12.8 0.00e+00 0.0 1.6e+03 4.0e+00 0.0e+00  0  0  3  0  0   2  0  5  0  0     0       0      0 0.00e+00    0 0.00e+00  0
BuildTwoSidedF       110 1.0 1.4981e-01 30.7 0.00e+00 0.0 2.3e+02 1.9e+04 0.0e+00  0  0  0  0  0   1  0  1  1  0     0       0      0 0.00e+00    0 0.00e+00  0
DMPlexResidualFE       1 1.0 4.2783e-01 1.0 4.08e+08 1.0 0.0e+00 0.0e+00 0.0e+00  1  4  0  0  0   7  9  0  0  0  7631       0      0 0.00e+00    2 1.72e+00  0
SFSetGraph            39 1.0 2.0807e-04 1.5 0.00e+00 0.0 0.0e+00 0.0e+00 0.0e+00  0  0  0  0  0   0  0  0  0  0     0       0      0 0.00e+00    0 0.00e+00  0
SFSetUp               39 1.0 8.4318e-02 1.6 0.00e+00 0.0 2.9e+03 2.8e+04 0.0e+00  0  0  6  8  0   1  0 10 17  0     0       0      0 0.00e+00    0 0.00e+00  0
SFBcastBegin          34 1.0 3.1315e-02 3.8 0.00e+00 0.0 1.9e+03 4.2e+04 0.0e+00  0  0  4  8  0   0  0  6 17  0     0       0      0 0.00e+00    0 0.00e+00  0
SFBcastEnd            34 1.0 3.6889e+00 169.1 0.00e+00 0.0 0.0e+00 0.0e+00 0.0e+00  4  0  0  0  0  30  0  0  0  0     0       0      0 0.00e+00    0 0.00e+00  0
SFReduceBegin         11 1.0 2.5290e-02 6.4 0.00e+00 0.0 3.9e+02 4.1e+05 0.0e+00  0  0  1 17  0   0  0  1 35  0     0       0      0 0.00e+00    0 0.00e+00  0
SFReduceEnd           11 1.0 5.8425e-02 19.2 9.51e+03 0.0 0.0e+00 0.0e+00 0.0e+00  0  0  0  0  0   0  0  0  0  0     1       0      0 0.00e+00    0 0.00e+00 100
SFPack               568 1.0 1.7664e-03 1.1 0.00e+00 0.0 0.0e+00 0.0e+00 0.0e+00  0  0  0  0  0   0  0  0  0  0     0       0      7 1.32e-01    0 0.00e+00  0
SFUnpack             568 1.0 4.9951e-04 1.4 3.16e+04 1.4 0.0e+00 0.0e+00 0.0e+00  0  0  0  0  0   0  0  0  0  0   406       0      2 4.35e-03    0 0.00e+00 100
VecTDot              178 1.0 1.8412e-02 1.4 1.71e+07 1.1 0.0e+00 0.0e+00 0.0e+00  0  0  0  0  0   0  0  0  0  0  7074   31005      0 0.00e+00    0 0.00e+00 100
VecNorm               53 1.0 7.9323e-03 2.2 6.14e+06 1.1 0.0e+00 0.0e+00 0.0e+00  0  0  0  0  0   0  0  0  0  0  5900   41335      0 0.00e+00    0 0.00e+00 100
VecCopy              185 1.0 3.4227e-03 1.0 0.00e+00 0.0 0.0e+00 0.0e+00 0.0e+00  0  0  0  0  0   0  0  0  0  0     0       0      0 0.00e+00    0 0.00e+00  0
VecSet                86 1.0 1.4965e-03 1.1 0.00e+00 0.0 0.0e+00 0.0e+00 0.0e+00  0  0  0  0  0   0  0  0  0  0     0       0      0 0.00e+00    0 0.00e+00  0
VecAXPY              160 1.0 2.8742e-03 1.1 1.59e+07 1.1 0.0e+00 0.0e+00 0.0e+00  0  0  0  0  0   0  0  0  0  0 42126   100032      0 0.00e+00    0 0.00e+00 100
VecAYPX              414 1.0 7.1604e-03 1.0 3.00e+07 1.1 0.0e+00 0.0e+00 0.0e+00  0  0  0  0  0   0  1  0  0  0 31915   79732      0 0.00e+00    0 0.00e+00 100
VecAXPBYCZ           114 1.0 2.2543e-03 1.1 1.90e+07 1.1 0.0e+00 0.0e+00 0.0e+00  0  0  0  0  0   0  0  0  0  0 64336   135703      0 0.00e+00    0 0.00e+00 100
VecAssemblyBegin      98 1.0 1.2546e-01 35.4 0.00e+00 0.0 0.0e+00 0.0e+00 0.0e+00  0  0  0  0  0   1  0  0  0  0     0       0      0 0.00e+00    0 0.00e+00  0
VecAssemblyEnd        98 1.0 1.2319e-04 1.2 0.00e+00 0.0 0.0e+00 0.0e+00 0.0e+00  0  0  0  0  0   0  0  0  0  0     0       0      0 0.00e+00    0 0.00e+00  0
VecPointwiseMult      52 1.0 9.2957e-04 1.1 1.10e+06 1.1 0.0e+00 0.0e+00 0.0e+00  0  0  0  0  0   0  0  0  0  0  9033   21143      0 0.00e+00    0 0.00e+00 100
VecReciprocal         10 1.0 1.8605e-03 1.7 0.00e+00 0.0 0.0e+00 0.0e+00 0.0e+00  0  0  0  0  0   0  0  0  0  0     0       0      0 0.00e+00    0 0.00e+00  0
VecSetValues      765059 1.1 1.2684e+00 1.1 0.00e+00 0.0 0.0e+00 0.0e+00 0.0e+00  2  0  0  0  0  19  0  0  0  0     0       0      0 0.00e+00    0 0.00e+00  0
VecScatterBegin      523 1.0 6.9775e-02 1.7 0.00e+00 0.0 2.4e+04 5.8e+03 0.0e+00  0  0 46 15  0   1  0 80 30  0     0       0     52 7.90e+00    0 0.00e+00  0
VecScatterEnd        523 1.0 1.1172e-01 1.8 2.23e+04 1.2 0.0e+00 0.0e+00 0.0e+00  0  0  0  0  0   1  0  0  0  0     1       0      2 4.35e-03    0 0.00e+00 100
MatMult             1028 1.0 1.1966e-01 1.6 4.29e+09 1.1 1.7e+04 6.9e+03 0.0e+00  0 41 33 13  0   2 84 57 26  0 269050   788751      4 6.55e+00    0 0.00e+00 100
MatMultAdd            57 1.0 8.8414e-03 1.1 1.14e+08 1.1 2.2e+03 6.0e+02 0.0e+00  0  1  4  0  0   0  2  7  0  0 97412   329704      0 0.00e+00    0 0.00e+00 100
MatMultTranspose      57 1.0 7.7183e-02 2.0 1.14e+08 1.1 2.2e+03 6.0e+02 0.0e+00  0  1  4  0  0   1  2  7  0  0 11161   171370      2 4.35e-03    0 0.00e+00 100
MatScale               9 1.0 8.5500e-03 1.5 1.00e+07 1.1 1.7e+02 1.9e+03 0.0e+00  0  0  0  0  0   0  0  1  0  0  8861   52935      9 1.04e+00    0 0.00e+00 100
MatResidual           57 1.0 1.6924e-02 1.3 7.17e+08 1.1 3.2e+03 6.3e+03 0.0e+00  0  7  6  2  0   0 14 11  4  0 317938   767012      0 0.00e+00    0 0.00e+00 100
MatAssemblyBegin      47 1.0 2.4721e-02 6.9 0.00e+00 0.0 2.3e+02 1.9e+04 0.0e+00  0  0  0  0  0   0  0  1  1  0     0       0      0 0.00e+00    0 0.00e+00  0
MatAssemblyEnd        47 1.0 2.1106e-01 4.3 0.00e+00 0.0 1.5e+03 4.9e+02 2.3e+01  0  0  3  0 15   2  0  5  0 29     0       0      0 0.00e+00    0 0.00e+00  0
MatSetValues      137311 1.1 3.7150e-01 1.1 6.01e+05 1.1 0.0e+00 0.0e+00 0.0e+00  1  0  0  0  0   6  0  0  0  0    12       0      0 0.00e+00    6 2.27e+01  0
MatGetValues       33075 1.1 6.7020e-02 1.1 0.00e+00 0.0 0.0e+00 0.0e+00 0.0e+00  0  0  0  0  0   1  0  0  0  0     0       0      0 0.00e+00    0 0.00e+00  0
MatGetRow         466752 1.1 8.9876e-01 1.1 0.00e+00 0.0 0.0e+00 0.0e+00 0.0e+00  2  0  0  0  0  14  0  0  0  0     0       0      0 0.00e+00   10 2.04e+01  0
MatCreateSubMat        1 1.0 1.2738e-03 1.0 0.00e+00 0.0 1.4e+01 3.3e+01 5.0e+00  0  0  0  0  3   0  0  0  0  6     0       0      0 0.00e+00    0 0.00e+00  0
MatCoarsen             3 1.0 4.6336e-02 3.0 0.00e+00 0.0 1.5e+03 1.5e+03 1.8e+01  0  0  3  0 12   1  0  5  1 23     0       0      2 1.88e-03    0 0.00e+00  0
MatAXPY                3 1.0 6.8138e-01 1.1 6.01e+05 1.1 0.0e+00 0.0e+00 0.0e+00  1  0  0  0  0  10  0  0  0  0     7       0      0 0.00e+00    6 2.27e+01  0
MatTranspose           2 1.0 2.6556e-03 1.0 0.00e+00 0.0 1.8e+02 4.0e+01 6.0e+00  0  0  0  0  4   0  0  1  0  8     0       0      2 1.88e-03    0 0.00e+00  0
MatMatMultSym          3 1.0 1.4482e-01 1.0 0.00e+00 0.0 1.3e+03 1.1e+04 9.0e+00  0  0  2  1  6   2  0  4  3 12     0       0      6 4.58e+00    0 0.00e+00  0
MatMatMultNum          3 1.0 7.0200e-07 1.3 0.00e+00 0.0 0.0e+00 0.0e+00 0.0e+00  0  0  0  0  0   0  0  0  0  0     0       0      0 0.00e+00    0 0.00e+00  0
MatPtAPSymbolic        3 1.0 5.6430e-01 1.2 0.00e+00 0.0 2.2e+03 5.9e+04 1.8e+01  1  0  4 14 12   8  0  7 28 23     0       0      6 2.27e+01    0 0.00e+00  0
MatPtAPNumeric         3 1.0 1.0020e-06 1.7 0.00e+00 0.0 0.0e+00 0.0e+00 0.0e+00  0  0  0  0  0   0  0  0  0  0     0       0      0 0.00e+00    0 0.00e+00  0
MatTrnMatMultSym       1 1.0 2.2442e-01 1.0 0.00e+00 0.0 4.5e+02 3.8e+05 3.0e+00  0  0  1 18  2   3  0  1 37  4     0       0      0 0.00e+00    0 0.00e+00  0
MatCreateGraph         3 1.0 6.1856e-01 1.0 4.04e+06 1.1 5.0e+02 9.7e+02 9.0e+00  1  0  1  0  6  10  0  2  0 12    49   10856     12 1.55e+01    7 5.46e+00 100
KSPSetUp               1 1.0 1.6604e-03 4.0 0.00e+00 0.0 0.0e+00 0.0e+00 0.0e+00  0  0  0  0  0   0  0  0  0  0     0       0      0 0.00e+00    0 0.00e+00  0
KSPSolve               1 1.0 2.0038e-01 1.0 3.88e+09 1.1 1.8e+04 5.5e+03 0.0e+00  0 37 35 11  0   3 76 61 22  0 145373   607888      2 4.35e-03    0 0.00e+00 100
SNESSolve              1 1.0 8.1190e+00 1.8 5.08e+09 1.1 3.0e+04 1.5e+04 7.8e+01 13 49 58 49 51 100 100 100 100 100  4724   543431     78 1.88e+02   52 5.26e+01 91
SNESSetUp              1 1.0 1.5831e-03 4.8 0.00e+00 0.0 0.0e+00 0.0e+00 0.0e+00  0  0  0  0  0   0  0  0  0  0     0       0      0 0.00e+00    0 0.00e+00  0
SNESFunctionEval       1 1.0 4.0898e+00 9.0 4.09e+08 1.0 3.8e+01 1.5e+04 0.0e+00  5  4  0  0  0  37  9  0  0  0   800     839      2 1.72e+00    3 2.59e+00  0
PCSetUp_GAMG+          1 1.0 3.8283e+00 1.0 7.92e+08 1.1 1.2e+04 3.0e+04 7.8e+01  8  8 23 39 51  60 16 39 78 100  1554   349282     74 1.86e+02   49 5.00e+01 100
 PCGAMGCreateG         3 1.0 6.1856e-01 1.0 4.04e+06 1.1 5.0e+02 9.7e+02 9.0e+00  1  0  1  0  6  10  0  2  0 12    49   10856     12 1.55e+01    7 5.46e+00 100
 GAMG Coarsen          6 1.0 6.0742e-01 1.0 0.00e+00 0.0 2.2e+03 8.0e+04 2.1e+01  1  0  4 19 14  10  0  7 39 27     0       0      7 1.05e+00   11 1.56e+01  0
  GAMG MIS/Agg         3 1.0 2.7574e-01 1.0 0.00e+00 0.0 1.9e+03 9.0e+04 2.1e+01  1  0  4 19 14   4  0  6 38 27     0       0      2 1.88e-03    0 0.00e+00  0
 PCGAMGProl            3 1.0 1.1334e+00 1.0 0.00e+00 0.0 2.2e+03 8.2e+03 9.0e+00  2  0  4  2  6  18  0  7  4 12     0       0     38 6.52e+00   19 1.77e+00  0
  GAMG Prol-col        3 1.0 1.1086e+00 1.0 0.00e+00 0.0 2.0e+03 7.2e+03 0.0e+00  2  0  4  2  0  17  0  7  3  0     0       0     38 6.52e+00   19 1.77e+00  0
  GAMG Prol-lift       3 1.0 2.3271e-02 1.0 0.00e+00 0.0 2.6e+02 1.6e+04 3.0e+00  0  0  0  0  2   0  0  1  1  4     0       0      0 0.00e+00    0 0.00e+00  0
 PCGAMGOptProl         3 1.0 8.7682e-01 1.1 3.94e+08 1.1 2.9e+03 8.1e+03 9.0e+00  2  4  6  3  6  13  8 10  5 12  3369   379241     11 1.40e+02    6 2.27e+01 100
  GAMG smooth          3 1.0 8.4136e-01 1.1 6.59e+06 1.1 1.3e+03 1.1e+04 9.0e+00  2  0  2  1  6  13  0  4  3 12    59   149189      6 4.58e+00    6 2.27e+01 91
 PCGAMGCreateL         3 1.0 5.6696e-01 1.2 0.00e+00 0.0 2.2e+03 5.8e+04 2.9e+01  1  0  4 14 19   8  0  7 28 37     0       0      6 2.27e+01    0 0.00e+00  0
  GAMG PtAP            3 1.0 5.6434e-01 1.2 0.00e+00 0.0 2.2e+03 5.9e+04 1.8e+01  1  0  4 14 12   8  0  7 28 23     0       0      6 2.27e+01    0 0.00e+00  0
  GAMG Reduce          1 1.0 1.9569e-02 1.0 0.00e+00 0.0 4.4e+02 1.8e+03 1.7e+01  0  0  1  0 11   0  0  1  0 22     0       0      2 6.44e-03    0 0.00e+00  0
PCGAMG Squ l00         1 1.0 2.2442e-01 1.0 0.00e+00 0.0 4.5e+02 3.8e+05 3.0e+00  0  0  1 18  2   3  0  1 37  4     0       0      0 0.00e+00    0 0.00e+00  0
PCGAMG Gal l00         1 1.0 4.1577e-01 1.2 0.00e+00 0.0 8.8e+02 1.2e+05 6.0e+00  1  0  2 11  4   6  0  3 22  8     0       0      2 2.20e+01    0 0.00e+00  0
PCGAMG Opt l00         1 1.0 1.1384e-01 1.0 0.00e+00 0.0 4.4e+02 2.5e+04 3.0e+00  0  0  1  1  2   2  0  1  2  4     0       0      2 4.50e+00    0 0.00e+00  0
PCGAMG Gal l01         1 1.0 1.3210e-01 1.0 0.00e+00 0.0 9.0e+02 3.0e+04 6.0e+00  0  0  2  3  4   2  0  3  6  8     0       0      2 6.63e-01    0 0.00e+00  0
PCGAMG Opt l01         1 1.0 1.8865e-02 1.0 0.00e+00 0.0 4.5e+02 3.4e+03 3.0e+00  0  0  1  0  2   0  0  1  0  4     0       0      2 7.55e-02    0 0.00e+00  0
PCGAMG Gal l02         1 1.0 1.6918e-02 1.0 0.00e+00 0.0 4.1e+02 1.9e+03 6.0e+00  0  0  1  0  4   0  0  1  0  8     0       0      2 6.44e-03    0 0.00e+00  0
PCGAMG Opt l02         1 1.0 1.2162e-02 1.0 0.00e+00 0.0 3.7e+02 1.1e+03 3.0e+00  0  0  1  0  2   0  0  1  0  4     0       0      2 3.71e-03    0 0.00e+00  0
PCSetUp                1 1.0 3.8283e+00 1.0 7.92e+08 1.1 1.2e+04 3.0e+04 7.8e+01  8  8 23 39 51  60 16 39 78 100  1554   349282     74 1.86e+02   49 5.00e+01 100
PCApply               19 1.0 1.8811e-01 1.0 3.17e+09 1.1 1.7e+04 4.8e+03 0.0e+00  0 31 33  9  0   3 62 57 18  0 126535   586727      2 4.35e-03    0 0.00e+00 100

--- Event Stage 3: Hot Solve

DMPlexResidualFE       1 1.0 4.2639e-01 1.0 4.08e+08 1.0 0.0e+00 0.0e+00 0.0e+00  1  4  0  0  0  55  9  0  0  0  7657       0      0 0.00e+00    2 1.72e+00  0
SFBcastBegin           4 1.0 2.8784e-03 1.9 0.00e+00 0.0 1.9e+02 2.3e+05 0.0e+00  0  0  0  5  0   0  0  1 25  0     0       0      0 0.00e+00    0 0.00e+00  0
SFBcastEnd             4 1.0 4.3123e-02 4.4 0.00e+00 0.0 0.0e+00 0.0e+00 0.0e+00  0  0  0  0  0   3  0  0  0  0     0       0      0 0.00e+00    0 0.00e+00  0
SFReduceBegin          4 1.0 2.3786e-03 9.2 0.00e+00 0.0 1.4e+02 1.5e+05 0.0e+00  0  0  0  2  0   0  0  1 12  0     0       0      0 0.00e+00    0 0.00e+00  0
SFReduceEnd            4 1.0 6.8307e-02 7.5 9.51e+03 0.0 0.0e+00 0.0e+00 0.0e+00  0  0  0  0  0   4  0  0  0  0     1       0      0 0.00e+00    0 0.00e+00 100
SFPack               399 1.0 1.1616e-03 1.1 0.00e+00 0.0 0.0e+00 0.0e+00 0.0e+00  0  0  0  0  0   0  0  0  0  0     0       0      0 0.00e+00    0 0.00e+00  0
SFUnpack             399 1.0 3.5135e-04 1.4 3.16e+04 1.4 0.0e+00 0.0e+00 0.0e+00  0  0  0  0  0   0  0  0  0  0   577       0      0 0.00e+00    0 0.00e+00 100
VecTDot              109 1.0 9.8330e-03 1.4 1.25e+07 1.1 0.0e+00 0.0e+00 0.0e+00  0  0  0  0  0   1  0  0  0  0  9674   38329      0 0.00e+00    0 0.00e+00 100
VecNorm               53 1.0 4.3036e-03 1.3 6.14e+06 1.1 0.0e+00 0.0e+00 0.0e+00  0  0  0  0  0   0  0  0  0  0 10874   41651      0 0.00e+00    0 0.00e+00 100
VecCopy              179 1.0 3.2737e-03 1.0 0.00e+00 0.0 0.0e+00 0.0e+00 0.0e+00  0  0  0  0  0   0  0  0  0  0     0       0      0 0.00e+00    0 0.00e+00  0
VecSet                83 1.0 1.4608e-03 1.1 0.00e+00 0.0 0.0e+00 0.0e+00 0.0e+00  0  0  0  0  0   0  0  0  0  0     0       0      0 0.00e+00    0 0.00e+00  0
VecAXPY              100 1.0 1.7626e-03 1.1 1.19e+07 1.1 0.0e+00 0.0e+00 0.0e+00  0  0  0  0  0   0  0  0  0  0 51371   125195      0 0.00e+00    0 0.00e+00 100
VecAYPX              387 1.0 6.6713e-03 1.0 2.82e+07 1.1 0.0e+00 0.0e+00 0.0e+00  0  0  0  0  0   1  1  0  0  0 32196   80573      0 0.00e+00    0 0.00e+00 100
VecAXPBYCZ           114 1.0 1.9841e-03 1.0 1.90e+07 1.1 0.0e+00 0.0e+00 0.0e+00  0  0  0  0  0   0  0  0  0  0 73098   177822      0 0.00e+00    0 0.00e+00 100
VecPointwiseMult      19 1.0 3.3964e-04 1.4 3.42e+02 0.0 0.0e+00 0.0e+00 0.0e+00  0  0  0  0  0   0  0  0  0  0     1       2      0 0.00e+00    0 0.00e+00 100
VecReciprocal          1 1.0 2.3015e-05 1.8 0.00e+00 0.0 0.0e+00 0.0e+00 0.0e+00  0  0  0  0  0   0  0  0  0  0     0       0      0 0.00e+00    0 0.00e+00  0
VecScatterBegin      391 1.0 2.1384e-02 1.2 0.00e+00 0.0 2.0e+04 5.5e+03 0.0e+00  0  0 38 12  0   2  0 98 63  0     0       0      0 0.00e+00    0 0.00e+00  0
VecScatterEnd        391 1.0 1.3866e-02 1.8 2.23e+04 1.2 0.0e+00 0.0e+00 0.0e+00  0  0  0  0  0   2  0  0  0  0    12       0      0 0.00e+00    0 0.00e+00 100
MatMult              998 1.0 6.2974e-02 1.1 3.91e+09 1.1 1.6e+04 7.0e+03 0.0e+00  0 38 30 12  0   8 83 77 62  0 466502   814750      0 0.00e+00    0 0.00e+00 100
MatMultAdd            57 1.0 8.6595e-03 1.1 1.14e+08 1.1 2.2e+03 6.0e+02 0.0e+00  0  1  4  0  0   1  2 11  1  0 99458   331957      0 0.00e+00    0 0.00e+00 100
MatMultTranspose      57 1.0 1.1825e-02 1.2 1.14e+08 1.1 2.2e+03 6.0e+02 0.0e+00  0  1  4  0  0   1  2 11  1  0 72845   172498      0 0.00e+00    0 0.00e+00 100
MatResidual           57 1.0 1.3319e-02 1.1 7.17e+08 1.1 3.2e+03 6.3e+03 0.0e+00  0  7  6  2  0   2 15 16 11  0 403994   765615      0 0.00e+00    0 0.00e+00 100
MatPtAPNumeric         3 1.0 1.9680e-01 1.0 0.00e+00 0.0 2.8e+02 2.3e+05 0.0e+00  0  0  1  7  0  26  0  1 37  0     0       0      0 0.00e+00    0 0.00e+00  0
KSPSetUp               1 1.0 2.7100e-07 2.7 0.00e+00 0.0 0.0e+00 0.0e+00 0.0e+00  0  0  0  0  0   0  0  0  0  0     0       0      0 0.00e+00    0 0.00e+00  0
KSPSolve               1 1.0 9.7645e-02 1.0 3.88e+09 1.1 1.8e+04 5.5e+03 0.0e+00  0 37 35 11  0  13 82 90 57  0 298328   611713      0 0.00e+00    0 0.00e+00 100
SNESSolve              1 1.0 7.6523e-01 1.0 4.68e+09 1.1 2.0e+04 8.6e+03 0.0e+00  2 46 39 19  0 100 100 100 100  0 46222   589807      5 4.05e+00    3 2.59e+00 91
SNESFunctionEval       1 1.0 4.5451e-01 1.0 4.09e+08 1.0 3.8e+01 1.5e+04 0.0e+00  1  4  0  0  0  59  9  0  0  0  7201    1147      2 1.72e+00    3 2.59e+00  0
PCSetUp_GAMG+          1 1.0 2.1323e-01 1.0 3.95e+08 1.1 2.0e+03 3.8e+04 0.0e+00  0  4  4  8  0  28  8 10 43  0 13901   439199      3 2.33e+00    0 0.00e+00 100
PCGAMG Gal l00         1 1.0 1.4690e-01 1.4 0.00e+00 0.0 1.1e+02 4.6e+05 0.0e+00  0  0  0  5  0  16  0  1 29  0     0       0      0 0.00e+00    0 0.00e+00  0
PCGAMG Gal l01         1 1.0 8.8339e-02 2.4 0.00e+00 0.0 1.1e+02 1.2e+05 0.0e+00  0  0  0  1  0   8  0  1  8  0     0       0      0 0.00e+00    0 0.00e+00  0
PCGAMG Gal l02         1 1.0 1.3625e-02 3.3 0.00e+00 0.0 6.3e+01 5.9e+03 0.0e+00  0  0  0  0  0   1  0  0  0  0     0       0      0 0.00e+00    0 0.00e+00  0
PCSetUp                1 1.0 2.1323e-01 1.0 3.95e+08 1.1 2.0e+03 3.8e+04 0.0e+00  0  4  4  8  0  28  8 10 43  0 13901   439199      3 2.33e+00    0 0.00e+00 100
PCApply               19 1.0 8.5273e-02 1.0 3.17e+09 1.1 1.7e+04 4.8e+03 0.0e+00  0 31 33  9  0  11 67 85 47  0 279133   591255      0 0.00e+00    0 0.00e+00 100
---------------------------------------------------------------------------------------------------------------------------------------------------------------

Object Type          Creations   Destructions. Reports information only for process 0.

--- Event Stage 0: Main Stage

           Container     2             34
    Distributed Mesh     0             38
            DM Label     0             57
          Quadrature     1            236
           Index Set    25            125
   IS L to G Mapping     0             97
             Section     0            114
   Star Forest Graph     0             78
     Discrete System     0             38
           Weak Form     0             39
    GraphPartitioner     0             15
              Vector     1             72
        Linear Space     0              6
          Dual Space     0             16
            FE Space     0              4
              Matrix     0             55
      Matrix Coarsen     0              1
   Matrix Null Space     0              1
                SNES     0              1
              DMSNES     0              1
       Krylov Solver     0              8
     DMKSP interface     0              1
       Field over DM     1              1
      Preconditioner     0              5
              Viewer     0              1

--- Event Stage 1: Mesh Setup

           Container    93             61
    Distributed Mesh   118             82
            DM Label   296            239
          Quadrature   533            298
           Index Set  1338           1241
   IS L to G Mapping   290            193
             Section   390            276
   Star Forest Graph   313            254
     Discrete System   175            139
           Weak Form   177            140
    GraphPartitioner    53             38
              Vector    78             51
  PetscDeviceContext     1              0
        Linear Space    12              6
          Dual Space    63             47
            FE Space     6              2
              Matrix   178            151
   Matrix Null Space     1              0
                SNES     1              0
              DMSNES     1              0
       Krylov Solver     1              0
       Field over DM     1              1
      Preconditioner     1              0
              Viewer     1              0

--- Event Stage 2: Solve 0

           Container     2              2
    Distributed Mesh     2              0
          Quadrature     1              1
           Index Set    91             88
   Star Forest Graph    43             24
     Discrete System     2              0
           Weak Form     2              0
              Vector   213            169
              Matrix    70             42
      Matrix Coarsen     3              2
       Krylov Solver    11              4
     DMKSP interface     1              0
      Preconditioner    11              7
         PetscRandom     3              3

--- Event Stage 3: Hot Solve

          Quadrature     1              1
           Index Set    33             33
              Vector     9              9
========================================================================================================================
Average time to get PetscTime(): 3.2e-08
Average time for MPI_Barrier(): 1.3939e-05
Average time for zero size MPI_Send(): 1.39056e-05
#PETSc Option Table entries:
-dm_mat_type mpiaijkokkos # (source: command line)
-dm_plex_box_faces 32,32,32 # (source: command line)
-dm_plex_dim 3 # (source: command line)
-dm_plex_simplex 0 # (source: command line)
-dm_vec_type kokkos # (source: command line)
-ksp_converged_reason # (source: command line)
-ksp_norm_type unpreconditioned # (source: command line)
-ksp_rtol 1e-6 # (source: command line)
-ksp_type cg # (source: command line)
-log_view # (source: command line)
-log_view_gpu_time # (source: command line)
-max_conv_its 1 # (source: command line)
-mg_coarse_pc_type jacobi # (source: command line)
-mg_levels_ksp_type chebyshev # (source: command line)
-mg_levels_pc_type pbjacobi # (source: command line)
-n_solves 2 # (source: command line)
-pc_gamg_agg_nsmooths 1 # (source: command line)
-pc_gamg_reuse_interpolation true # (source: command line)
-pc_gamg_type agg # (source: command line)
-pc_type gamg # (source: command line)
-petscpartitioner_simple_process_grid 2,2,2 # (source: command line)
-petscspace_degree 2 # (source: command line)
-run_type 1 # (source: command line)
-snes_lag_jacobian -2 # (source: command line)
-snes_type ksponly # (source: command line)
-use_mat_nearnullspace true # (source: command line)
#End of PETSc Option Table entries
Compiled without FORTRAN kernels
Compiled with full precision matrices (default)
sizeof(short) 2 sizeof(int) 4 sizeof(long) 8 sizeof(void*) 8 sizeof(PetscScalar) 8 sizeof(PetscInt) 4
Configure options: --with-kokkos-dir=/global/homes/m/madams/petsc/arch-perlmutter-opt-gcc-kokkos-cuda-notpl --with-kokkos-kernels-dir=/global/homes/m/madams/petsc/arch-perlmutter-opt-gcc-kokkos-cuda-notpl --with-triangle-dir=/global/homes/m/madams/petsc/arch-perlmutter-opt-gcc-kokkos-cuda-notpl --with-batch=0 --with-cc=cc --with-cxx=CC --with-fc=0 --with-debugging=0 --with-cuda=1 --with-cuda-arch=80 --with-kokkos-kernels-tpl=0 --with-make-np=8 --with-mpiexec=srun -G4 --gpu-bind=none PETSC_ARCH=arch-perlmutter-opt-gcc-kokkos-cuda-notpl
-----------------------------------------
Libraries compiled on 2026-06-22 14:37:25 on login21
Machine characteristics: Linux-6.4.0-150600.23.103_15.0.24-cray_shasta_c-x86_64-with-glibc2.3.4
Using PETSc directory: /global/u2/m/madams/petsc
Using PETSc arch: arch-perlmutter-opt-gcc-kokkos-cuda-notpl
-----------------------------------------

Using C compiler: cc  -fPIC -Wall -Wwrite-strings -Wno-unknown-pragmas -Wno-lto-type-mismatch -Wno-stringop-overflow -fstack-protector -fvisibility=hidden -g -O 
-----------------------------------------

Using include paths: -I/global/u2/m/madams/petsc/include -I/global/u2/m/madams/petsc/arch-perlmutter-opt-gcc-kokkos-cuda-notpl/include -I/global/homes/m/madams/petsc/arch-perlmutter-opt-gcc-kokkos-cuda-notpl/include -I/opt/nvidia/hpc_sdk/Linux_x86_64/25.5/cuda/12.9/include -I/opt/nvidia/hpc_sdk/Linux_x86_64/25.5/math_libs/12.9/include
-----------------------------------------

Using C linker: cc
Using libraries: -Wl,-rpath,/global/u2/m/madams/petsc/arch-perlmutter-opt-gcc-kokkos-cuda-notpl/lib -L/global/u2/m/madams/petsc/arch-perlmutter-opt-gcc-kokkos-cuda-notpl/lib -lpetsc -Wl,-rpath,/global/homes/m/madams/petsc/arch-perlmutter-opt-gcc-kokkos-cuda-notpl/lib -L/global/homes/m/madams/petsc/arch-perlmutter-opt-gcc-kokkos-cuda-notpl/lib -Wl,-rpath,/opt/nvidia/hpc_sdk/Linux_x86_64/25.5/cuda/12.9/lib64 -L/opt/nvidia/hpc_sdk/Linux_x86_64/25.5/cuda/12.9/lib64 -Wl,-rpath,/opt/nvidia/hpc_sdk/Linux_x86_64/25.5/math_libs/12.9/lib64 -L/opt/nvidia/hpc_sdk/Linux_x86_64/25.5/math_libs/12.9/lib64 -L/opt/nvidia/hpc_sdk/Linux_x86_64/25.5/cuda/12.9/lib64/stubs -lkokkoskernels -lkokkoscontainers -lkokkoscore -lkokkossimd -ltriangle -lcudart -lnvtx3interop -lcufft -lcublas -lcusparse -lcusolver -lcurand -lcuda -lnvidia-ml -lX11 -lstdc++ -lquadmath
-----------------------------------------

ALL_Q2_DONE
