  Linear solve converged due to CONVERGED_RTOL iterations 30
  Linear solve converged due to CONVERGED_RTOL iterations 30
  Linear solve converged due to CONVERGED_RTOL iterations 30
[0]main |b-Ax|/|b|=7.615732e-07, |b|=2.222509e+00, emax=9.989586e-01
****************************************************************************************************************************************************************
***                                WIDEN YOUR WINDOW TO 160 CHARACTERS.  Use 'enscript -r -fCourier9' to print this document                                 ***
****************************************************************************************************************************************************************

------------------------------------------------------------------ PETSc Performance Summary: ------------------------------------------------------------------

/global/homes/m/madams/petsc/arch-perlmutter-opt-gcc-kokkos-cuda/tests/ksp/ksp/tutorials/ex56 on a arch-perlmutter-opt-gcc-kokkos-cuda named nid001161 with 8 processes and CUDA architecture 80, by madams on Mon Jun 22 08:02:40 2026
Using PETSc Development Git Revision: v3.25.2-340-g83d2bd4a8b4 Git Date: 2026-06-21 14:23:19 -0400

                         Max       Max/Min     Avg       Total
Time (sec):           3.359e+00     1.001   3.357e+00
Objects:              0.000e+00     0.000   0.000e+00
Flops:                1.006e+10     1.020   9.962e+09  7.969e+10
Flops/sec:            2.995e+09     1.020   2.967e+09  2.374e+10
MPI Msg Count:        1.423e+04     1.095   1.336e+04  1.069e+05
MPI Msg Len (bytes):  7.245e+07     1.039   5.326e+03  5.693e+08
MPI Reductions:       2.230e+02     1.000

Flop counting convention: 1 flop = 1 real number operation of type (multiply/divide/add/subtract)
                            e.g., VecAXPY() for real vectors of length N --> 2N flops
                            and VecAXPY() for complex vectors of length N --> 8N flops

Summary of Stages:   ----- Time ------  ----- Flop ------  --- Messages ---  -- Message Lengths --  -- Reductions --
                        Avg     %Total     Avg     %Total    Count   %Total     Avg         %Total    Count   %Total
 0:      Main Stage: 9.7325e-01  29.0%  1.7301e+08   0.2%  2.630e+02   0.2%  7.069e+04        3.3%  9.000e+00   4.0%
 1:           Setup: 1.9068e+00  56.8%  3.1676e+09   4.0%  1.659e+04  15.5%  8.244e+03       24.0%  1.970e+02  88.3%
 2:           Solve: 1.5743e-01   4.7%  2.4879e+10  31.2%  2.940e+04  27.5%  4.329e+03       22.4%  0.000e+00   0.0%
 3:       2nd Setup: 3.6850e-02   1.1%  1.6548e+09   2.1%  1.822e+03   1.7%  1.761e+04        5.6%  0.000e+00   0.0%
 4:       2nd Solve: 1.4234e-01   4.2%  2.4879e+10  31.2%  2.940e+04  27.5%  4.329e+03       22.4%  0.000e+00   0.0%
 5:       3rd Setup: 2.8550e-07   0.0%  0.0000e+00   0.0%  0.000e+00   0.0%  0.000e+00        0.0%  0.000e+00   0.0%
 6:       3rd Solve: 1.4081e-01   4.2%  2.4941e+10  31.3%  2.940e+04  27.5%  4.329e+03       22.4%  0.000e+00   0.0%

------------------------------------------------------------------------------------------------------------------------
See the 'Profiling' chapter of the users' manual for details on interpreting output.
Phase summary info:
   Count: number of times phase was executed
   Time and Flop: Max - maximum over all processes
                  Ratio - ratio of maximum to minimum over all processes
   Mess: number of messages sent
   AvgLen: average message length (bytes)
   Reduct: number of global reductions
   Global: entire computation
   Stage: stages of a computation. Set stages with PetscLogStagePush() and PetscLogStagePop().
      %T - percent time in this phase         %F - percent flop in this phase
      %M - percent messages in this phase     %L - percent message lengths in this phase
      %R - percent reductions in this phase
   Total Mflop/s: 1e-6 * (sum of flop over all processes)/(max time over all processes)
   GPU Mflop/s: 1e-6 * (sum of flop on GPU over all processes)/(max GPU time over all processes)
   CpuToGpu Count: total number of CPU to GPU copies per processor
   CpuToGpu Size (Mbytes): 1e-6 * (total size of CPU to GPU copies per processor)
   GpuToCpu Count: total number of GPU to CPU copies per processor
   GpuToCpu Size (Mbytes): 1e-6 * (total size of GPU to CPU copies per processor)
   GPU %F: percent flops on GPU in this event
------------------------------------------------------------------------------------------------------------------------
Event                Count      Time (sec)     Flop                              --- Global ---  --- Stage ----  Total   GPU    - CpuToGpu -   - GpuToCpu - GPU
                   Max Ratio  Max     Ratio   Max  Ratio  Mess   AvgLen  Reduct  %T %F %M %L %R  %T %F %M %L %R Mflop/s Mflop/s Count   Size   Count   Size  %F
---------------------------------------------------------------------------------------------------------------------------------------------------------------

--- Event Stage 0: Main Stage

BuildTwoSided          4 1.0 3.0048e-02 50.5 0.00e+00 0.0 9.4e+01 5.6e+00 0.0e+00  0  0  0  0  0   2  0 36  0  0     0       0      0 0.00e+00    0 0.00e+00  0
BuildTwoSidedF         3 1.0 3.1538e-02 43.0 0.00e+00 0.0 9.5e+01 1.9e+05 0.0e+00  0  0  0  3  0   2  0 36 95  0     0       0      0 0.00e+00    0 0.00e+00  0
MatMult                1 1.0 2.4070e-04 1.1 1.54e+07 1.0 5.6e+01 1.1e+04 0.0e+00  0  0  0  0  0   0 71 21  3  0 512940       0      0 0.00e+00    0 0.00e+00 100
MatAssemblyBegin       1 1.0 3.0816e-02 3.4 0.00e+00 0.0 3.8e+01 4.6e+05 0.0e+00  1  0  0  3  0   2  0 14 93  0     0       0      0 0.00e+00    0 0.00e+00  0
MatAssemblyEnd         1 1.0 3.0440e-02 1.1 0.00e+00 0.0 1.1e+02 2.7e+03 1.0e+00  1  0  0  0  0   3  0 43  2 11     0       0      0 0.00e+00    1 1.93e+00  0
DCtxCreate             1 1.0 5.9165e-05 2.5 0.00e+00 0.0 0.0e+00 0.0e+00 0.0e+00  0  0  0  0  0   0  0  0  0  0     0       0      0 0.00e+00    0 0.00e+00  0
DCtxDestroy            1 1.0 2.5650e-05 1.1 0.00e+00 0.0 0.0e+00 0.0e+00 0.0e+00  0  0  0  0  0   0  0  0  0  0     0       0      0 0.00e+00    0 0.00e+00  0
DCtxSetUp              1 1.0 1.1913e-05 1.5 0.00e+00 0.0 0.0e+00 0.0e+00 0.0e+00  0  0  0  0  0   0  0  0  0  0     0       0      0 0.00e+00    0 0.00e+00  0
DCtxSetDevice          1 1.0 1.5400e-05 1.4 0.00e+00 0.0 0.0e+00 0.0e+00 0.0e+00  0  0  0  0  0   0  0  0  0  0     0       0      0 0.00e+00    0 0.00e+00  0
VecMDot                3 1.0 1.1703e-03 1.8 2.36e+06 1.0 0.0e+00 0.0e+00 0.0e+00  0  0  0  0  0   0 11  0  0  0 16128       0      0 0.00e+00    0 0.00e+00  0
VecNorm                5 1.0 3.7822e-04 1.1 9.83e+05 1.0 0.0e+00 0.0e+00 0.0e+00  0  0  0  0  0   0  5  0  0  0 20793       0      0 0.00e+00    0 0.00e+00 40
VecScale               3 1.0 5.3895e-05 1.1 2.95e+05 1.0 0.0e+00 0.0e+00 0.0e+00  0  0  0  0  0   0  1  0  0  0 43776       0      0 0.00e+00    0 0.00e+00  0
VecAXPY                1 1.0 6.0410e-06 1.2 1.97e+05 1.0 0.0e+00 0.0e+00 0.0e+00  0  0  0  0  0   0  1  0  0  0 260365       0      0 0.00e+00    0 0.00e+00 100
VecMAXPY               3 1.0 2.9297e-04 1.1 2.36e+06 1.0 0.0e+00 0.0e+00 0.0e+00  0  0  0  0  0   0 11  0  0  0 64425       0      0 0.00e+00    0 0.00e+00  0
VecAssemblyBegin       1 1.0 7.8032e-04 1.2 0.00e+00 0.0 5.7e+01 6.1e+03 0.0e+00  0  0  0  0  0   0  0 22  2  0     0       0      0 0.00e+00    0 0.00e+00  0
VecAssemblyEnd         1 1.0 9.7197e-05 6.5 0.00e+00 0.0 0.0e+00 0.0e+00 0.0e+00  0  0  0  0  0   0  0  0  0  0     0       0      0 0.00e+00    0 0.00e+00  0
VecScatterBegin        1 1.0 2.0188e-04 1.2 0.00e+00 0.0 5.6e+01 1.1e+04 0.0e+00  0  0  0  0  0   0  0 21  3  0     0       0      0 0.00e+00    0 0.00e+00  0
VecScatterEnd          1 1.0 4.2753e-05 5.9 0.00e+00 0.0 0.0e+00 0.0e+00 0.0e+00  0  0  0  0  0   0  0  0  0  0     0       0      0 0.00e+00    0 0.00e+00  0
VecNormalize           3 1.0 2.2756e-04 1.1 8.85e+05 1.0 0.0e+00 0.0e+00 0.0e+00  0  0  0  0  0   0  4  0  0  0 31103       0      0 0.00e+00    0 0.00e+00  0
SFSetGraph             1 1.0 7.7991e-05 1.1 0.00e+00 0.0 0.0e+00 0.0e+00 0.0e+00  0  0  0  0  0   0  0  0  0  0     0       0      0 0.00e+00    0 0.00e+00  0
SFSetUp                1 1.0 6.2015e-04 1.1 0.00e+00 0.0 1.1e+02 2.7e+03 0.0e+00  0  0  0  0  0   0  0 43  2  0     0       0      0 0.00e+00    0 0.00e+00  0
SFPack                 1 1.0 4.7690e-06 1.1 0.00e+00 0.0 0.0e+00 0.0e+00 0.0e+00  0  0  0  0  0   0  0  0  0  0     0       0      0 0.00e+00    0 0.00e+00  0
SFUnpack               1 1.0 1.8000e-07 1.5 0.00e+00 0.0 0.0e+00 0.0e+00 0.0e+00  0  0  0  0  0   0  0  0  0  0     0       0      0 0.00e+00    0 0.00e+00  0

--- Event Stage 1: Setup

BuildTwoSided        267 1.0 2.8770e-02 1.6 0.00e+00 0.0 3.4e+03 4.0e+00 0.0e+00  1  0  3  0  0   1  0 21  0  0     0       0      0 0.00e+00    0 0.00e+00  0
BuildTwoSidedF       162 1.0 2.0218e-02 2.1 0.00e+00 0.0 7.2e+02 4.8e+04 0.0e+00  0  0  1  6  0   1  0  4 26  0     0       0      0 0.00e+00    0 0.00e+00  0
MatMult               80 1.0 4.3312e-02 1.5 3.63e+08 1.0 3.4e+03 5.0e+03 0.0e+00  1  4  3  3  0   2 90 20 12  0 66137       0      7 1.22e-01    0 0.00e+00 100
MatConvert            20 1.0 7.1940e-01 1.0 0.00e+00 0.0 9.4e+02 1.5e+02 4.8e+01 21  0  1  0 22  38  0  6  0 24     0       0      0 0.00e+00   12 2.30e+01  0
MatScale              12 1.0 2.1376e-03 1.1 4.44e+06 1.0 1.7e+02 1.4e+03 0.0e+00  0  0  0  0  0   0  1  1  0  0 16562       0      0 0.00e+00    0 0.00e+00 60
MatAssemblyBegin      77 1.0 2.2151e-02 1.4 0.00e+00 0.0 7.2e+02 4.8e+04 0.0e+00  1  0  1  6  0   1  0  4 26  0     0       0      0 0.00e+00    0 0.00e+00  0
MatAssemblyEnd        77 1.0 9.6169e-02 1.4 0.00e+00 0.0 2.4e+03 3.1e+02 4.4e+01  3  0  2  0 20   5  0 15  1 22     0       0      0 0.00e+00   10 1.98e+00  0
MatSetValues     3689288 1.0 5.1160e-01 1.0 1.52e+06 1.0 0.0e+00 0.0e+00 0.0e+00 15  0  0  0  0  26  0  0  0  0    24       0      0 0.00e+00    0 0.00e+00  0
MatGetRow         411747 1.0 3.8989e-02 1.0 0.00e+00 0.0 0.0e+00 0.0e+00 0.0e+00  1  0  0  0  0   2  0  0  0  0     0       0      0 0.00e+00    0 0.00e+00  0
MatCreateSubMat        2 1.0 9.9220e-03 1.0 0.00e+00 0.0 1.7e+02 5.1e+01 2.2e+01  0  0  0  0 10   1  0  1  0 11     0       0      0 0.00e+00    2 1.18e-01  0
MatCoarsen             4 1.0 9.8396e-03 1.0 0.00e+00 0.0 1.7e+03 9.7e+02 2.7e+01  0  0  2  0 12   1  0 10  1 14     0       0      0 0.00e+00    0 0.00e+00  0
MatAXPY                8 1.0 7.9571e-01 1.0 1.52e+06 1.0 1.1e+03 2.3e+02 4.0e+01 24  0  1  0 18  42  0  7  0 20    15       0      0 0.00e+00   10 2.29e+01  0
MatTranspose           9 1.0 2.9255e-02 1.1 0.00e+00 0.0 1.4e+03 3.3e+03 2.1e+01  1  0  1  1  9   1  0  9  3 11     0       0      0 0.00e+00    0 0.00e+00  0
MatMatMultSym          4 1.0 3.1085e-01 1.0 0.00e+00 0.0 2.2e+03 2.7e+03 2.8e+01  9  0  2  1 13  16  0 13  4 14     0       0      0 0.00e+00   33 1.27e+02  0
MatMatMultNum          4 1.0 8.6000e-07 1.5 0.00e+00 0.0 0.0e+00 0.0e+00 0.0e+00  0  0  0  0  0   0  0  0  0  0     0       0      0 0.00e+00    0 0.00e+00  0
MatPtAPSymbolic        4 1.0 1.5234e-01 1.1 0.00e+00 0.0 3.1e+03 1.9e+04 2.8e+01  4  0  3 10 13   8  0 19 43 14     0       0      0 0.00e+00   33 1.46e+02  0
MatPtAPNumeric         4 1.0 1.0520e-06 1.5 0.00e+00 0.0 0.0e+00 0.0e+00 0.0e+00  0  0  0  0  0   0  0  0  0  0     0       0      0 0.00e+00    0 0.00e+00  0
MatTrnMatMultSym       1 1.0 1.7754e-01 1.0 0.00e+00 0.0 3.9e+02 9.2e+04 4.0e+00  5  0  0  6  2   9  0  2 26  2     0       0      0 0.00e+00    0 0.00e+00  0
MatGetLocalMat         1 1.0 1.2827e-03 1.1 0.00e+00 0.0 0.0e+00 0.0e+00 0.0e+00  0  0  0  0  0   0  0  0  0  0     0       0      0 0.00e+00    0 0.00e+00  0
MatCreateGraph         4 1.0 1.0373e-01 1.0 2.68e+06 1.0 2.0e+03 2.5e+03 2.8e+01  3  0  2  1 13   5  1 12  4 14   206       0      0 0.00e+00    6 9.88e+00  0
MatSetPreallCOO        8 1.0 4.6378e-02 1.0 0.00e+00 0.0 2.1e+03 5.7e+02 3.2e+01  1  0  2  0 14   2  0 13  1 16     0       0      0 0.00e+00   24 3.48e+01  0
MatSetValuesCOO        8 1.0 2.0285e-02 1.5 0.00e+00 0.0 1.2e+02 1.9e+05 0.0e+00  1  0  0  4  0   1  0  1 17  0     0       0      0 0.00e+00    0 0.00e+00  0
KSPSetUp               1 1.0 1.6149e-03 2.5 0.00e+00 0.0 0.0e+00 0.0e+00 0.0e+00  0  0  0  0  0   0  0  0  0  0     0       0      0 0.00e+00    0 0.00e+00  0
PCSetUp_GAMG+          1 1.0 1.9061e+00 1.0 4.01e+08 1.0 1.7e+04 8.2e+03 2.0e+02 57  4 16 24 88 100 100 100 100 100  1662       0      7 1.22e-01   88 3.06e+02 99
 PCGAMGCreateG         4 1.0 1.0374e-01 1.0 2.68e+06 1.0 2.0e+03 2.5e+03 2.8e+01  3  0  2  1 13   5  1 12  4 14   206       0      0 0.00e+00    6 9.88e+00  0
 GAMG Coarsen          8 1.0 2.1341e-01 1.0 0.00e+00 0.0 2.3e+03 1.7e+04 3.1e+01  6  0  2  7 14  11  0 14 29 16     0       0      0 0.00e+00    0 0.00e+00  0
  GAMG MIS/Agg         4 1.0 1.8778e-01 1.0 0.00e+00 0.0 2.0e+03 1.8e+04 3.1e+01  6  0  2  7 14  10  0 12 28 16     0       0      0 0.00e+00    0 0.00e+00  0
 PCGAMGProl            4 1.0 1.7306e-01 1.0 0.00e+00 0.0 2.5e+03 4.0e+03 1.2e+01  5  0  2  2  5   9  0 15  7  6     0       0      0 0.00e+00    4 1.30e-01  0
  GAMG Prol-col        4 1.0 8.8380e-02 1.0 0.00e+00 0.0 2.2e+03 3.6e+03 0.0e+00  3  0  2  1  0   5  0 14  6  0     0       0      0 0.00e+00    0 0.00e+00  0
  GAMG Prol-lift       4 1.0 8.1048e-02 1.0 0.00e+00 0.0 2.8e+02 7.4e+03 4.0e+00  2  0  0  0  2   4  0  2  2  2     0       0      0 0.00e+00    4 1.30e-01  0
 PCGAMGOptProl         4 1.0 1.1970e+00 1.0 1.97e+08 1.0 4.7e+03 3.1e+03 6.4e+01 36  2  4  3 29  63 49 28 11 32  1298       0      7 1.22e-01   43 1.50e+02 100
  GAMG smooth          4 1.0 1.0633e+00 1.0 3.27e+06 1.0 3.0e+03 2.0e+03 6.4e+01 32  0  3  1 29  56  1 18  4 32    25       0      0 0.00e+00   43 1.50e+02 81
 PCGAMGCreateL         4 1.0 1.6545e-01 1.1 0.00e+00 0.0 3.3e+03 1.8e+04 6.2e+01  5  0  3 10 28   8  0 20 43 31     0       0      0 0.00e+00   35 1.46e+02  0
  GAMG PtAP            4 1.0 1.5239e-01 1.1 0.00e+00 0.0 3.1e+03 1.9e+04 2.8e+01  4  0  3 10 13   8  0 19 43 14     0       0      0 0.00e+00   33 1.46e+02  0
  GAMG Reduce          2 1.0 3.6170e-02 1.3 0.00e+00 0.0 8.9e+02 6.7e+03 4.8e+01  1  0  1  1 22   2  0  5  4 24     0       0      0 0.00e+00   19 3.20e+00  0
PCGAMG Squ l00         1 1.0 1.7754e-01 1.0 0.00e+00 0.0 3.9e+02 9.2e+04 4.0e+00  5  0  0  6  2   9  0  2 26  2     0       0      0 0.00e+00    0 0.00e+00  0
PCGAMG Gal l00         1 1.0 8.6669e-02 1.0 0.00e+00 0.0 1.2e+03 2.7e+04 7.0e+00  3  0  1  6  3   5  0  7 24  4     0       0      0 0.00e+00    8 1.24e+02  0
PCGAMG Opt l00         1 1.0 2.8821e-01 1.0 0.00e+00 0.0 7.1e+02 6.0e+03 7.0e+00  9  0  1  1  3  15  0  4  3  4     0       0      0 0.00e+00    8 1.12e+02  0
PCGAMG Gal l01         1 1.0 4.9275e-02 1.7 0.00e+00 0.0 1.2e+03 1.7e+04 7.0e+00  1  0  1  4  3   2  0  7 15  4     0       0      0 0.00e+00    8 1.91e+01  0
PCGAMG Opt l01         1 1.0 1.1471e-02 1.0 0.00e+00 0.0 7.3e+02 1.5e+03 7.0e+00  0  0  1  0  3   1  0  4  1  4     0       0      0 0.00e+00    8 1.31e+01  0
PCGAMG Gal l02         1 1.0 1.4371e-02 1.2 0.00e+00 0.0 6.4e+02 9.3e+03 7.0e+00  0  0  1  1  3   1  0  4  4  4     0       0      0 0.00e+00    8 3.07e+00  0
PCGAMG Opt l02         1 1.0 7.4531e-03 1.0 0.00e+00 0.0 7.3e+02 6.9e+02 7.0e+00  0  0  1  0  3   0  0  4  0  4     0       0      0 0.00e+00    8 1.93e+00  0
PCGAMG Gal l03         1 1.0 8.7029e-03 1.9 0.00e+00 0.0 2.7e+01 2.4e+02 7.0e+00  0  0  0  0  3   0  0  0  0  4     0       0      0 0.00e+00    9 1.74e-02  0
PCGAMG Opt l03         1 1.0 3.8635e-03 1.0 0.00e+00 0.0 2.2e+01 2.8e+02 7.0e+00  0  0  0  0  3   0  0  0  0  4     0       0      0 0.00e+00    9 1.90e-02  0
PCSetUp                1 1.0 1.9061e+00 1.0 4.01e+08 1.0 1.7e+04 8.2e+03 2.0e+02 57  4 16 24 88 100 100 100 100 100  1662       0      7 1.22e-01   88 3.06e+02 99
VecTDot              184 1.0 6.2886e-02 1.7 9.51e+06 1.0 0.0e+00 0.0e+00 0.0e+00  1  0  0  0  0   3  2  0  0  0  1206       0      0 0.00e+00    0 0.00e+00 100
VecNorm               44 1.0 2.3764e-02 1.1 2.27e+06 1.0 0.0e+00 0.0e+00 0.0e+00  1  0  0  0  0   1  1  0  0  0   763       0      0 0.00e+00    0 0.00e+00 100
VecCopy               16 1.0 2.0883e-04 1.4 0.00e+00 0.0 0.0e+00 0.0e+00 0.0e+00  0  0  0  0  0   0  0  0  0  0     0       0      0 0.00e+00    0 0.00e+00  0
VecSet                 8 1.0 5.5158e-05 1.2 0.00e+00 0.0 0.0e+00 0.0e+00 0.0e+00  0  0  0  0  0   0  0  0  0  0     0       0      0 0.00e+00    0 0.00e+00  0
VecAXPY              160 1.0 4.8155e-02 1.3 8.27e+06 1.0 0.0e+00 0.0e+00 0.0e+00  1  0  0  0  0   2  2  0  0  0  1369       0      0 0.00e+00    0 0.00e+00 100
VecAYPX               72 1.0 6.5587e-03 1.1 3.72e+06 1.0 0.0e+00 0.0e+00 0.0e+00  0  0  0  0  0   0  1  0  0  0  4524       0      0 0.00e+00    0 0.00e+00 100
VecAssemblyBegin     136 1.0 7.9901e-03 1.9 0.00e+00 0.0 0.0e+00 0.0e+00 0.0e+00  0  0  0  0  0   0  0  0  0  0     0       0      0 0.00e+00    0 0.00e+00  0
VecAssemblyEnd       136 1.0 5.7658e-05 1.1 0.00e+00 0.0 0.0e+00 0.0e+00 0.0e+00  0  0  0  0  0   0  0  0  0  0     0       0      0 0.00e+00    0 0.00e+00  0
VecPointwiseMult      44 1.0 2.4537e-04 1.3 1.14e+06 1.0 0.0e+00 0.0e+00 0.0e+00  0  0  0  0  0   0  0  0  0  0 36953       0      0 0.00e+00    0 0.00e+00 100
VecReciprocal         12 1.0 1.4836e-04 1.2 0.00e+00 0.0 0.0e+00 0.0e+00 0.0e+00  0  0  0  0  0   0  0  0  0  0     0       0      0 0.00e+00    0 0.00e+00  0
VecSetValues      784962 1.0 4.7101e-02 1.0 0.00e+00 0.0 0.0e+00 0.0e+00 0.0e+00  1  0  0  0  0   2  0  0  0  0     0       0      0 0.00e+00    0 0.00e+00  0
VecScatterBegin      221 1.0 3.5033e-02 1.6 0.00e+00 0.0 6.1e+03 4.5e+03 0.0e+00  1  0  6  5  0   1  0 37 20  0     0       0      7 1.22e-01    0 0.00e+00  0
VecScatterEnd        221 1.0 2.1180e-02 3.1 0.00e+00 0.0 0.0e+00 0.0e+00 0.0e+00  0  0  0  0  0   1  0  0  0  0     0       0      0 0.00e+00    0 0.00e+00  0
SFSetGraph           113 1.0 4.7714e-04 1.1 0.00e+00 0.0 0.0e+00 0.0e+00 0.0e+00  0  0  0  0  0   0  0  0  0  0     0       0      0 0.00e+00    0 0.00e+00  0
SFSetUp              105 1.0 1.7997e-02 1.1 0.00e+00 0.0 6.2e+03 4.4e+02 0.0e+00  1  0  6  0  0   1  0 37  2  0     0       0      0 0.00e+00    0 0.00e+00  0
SFBcastBegin          59 1.0 5.1325e-03 1.2 0.00e+00 0.0 2.6e+03 1.5e+04 0.0e+00  0  0  2  7  0   0  0 16 29  0     0       0      0 0.00e+00    0 0.00e+00  0
SFBcastEnd            59 1.0 2.1806e-03 2.4 0.00e+00 0.0 0.0e+00 0.0e+00 0.0e+00  0  0  0  0  0   0  0  0  0  0     0       0      0 0.00e+00    0 0.00e+00  0
SFReduceBegin         31 1.0 1.7061e-02 2.7 0.00e+00 0.0 5.7e+02 4.3e+04 0.0e+00  0  0  1  4  0   1  0  3 18  0     0       0      0 0.00e+00    0 0.00e+00  0
SFReduceEnd           31 1.0 1.4683e-02 3.5 0.00e+00 0.0 0.0e+00 0.0e+00 0.0e+00  0  0  0  0  0   1  0  0  0  0     0       0      0 0.00e+00    0 0.00e+00  0
SFFetchOpBegin         8 1.0 1.5060e-04 1.7 0.00e+00 0.0 1.2e+02 4.0e+00 0.0e+00  0  0  0  0  0   0  0  1  0  0     0       0      0 0.00e+00    0 0.00e+00  0
SFFetchOpEnd           8 1.0 2.9037e-04 1.6 0.00e+00 0.0 1.2e+02 4.0e+00 0.0e+00  0  0  0  0  0   0  0  1  0  0     0       0      0 0.00e+00    0 0.00e+00  0
SFCreateEmbed          8 1.0 8.5586e-04 1.2 0.00e+00 0.0 3.4e+02 1.8e+02 0.0e+00  0  0  0  0  0   0  0  2  0  0     0       0      0 0.00e+00    0 0.00e+00  0
SFSectionSF            8 1.0 2.3768e-03 1.0 0.00e+00 0.0 6.8e+02 1.2e+03 0.0e+00  0  0  1  0  0   0  0  4  1  0     0       0      0 0.00e+00    0 0.00e+00  0
SFRemoteOff            8 1.0 1.7477e-03 1.1 0.00e+00 0.0 6.8e+02 4.5e+02 0.0e+00  0  0  1  0  0   0  0  4  0  0     0       0      0 0.00e+00    0 0.00e+00  0
SFPack               319 1.0 1.1444e-02 1.0 0.00e+00 0.0 0.0e+00 0.0e+00 0.0e+00  0  0  0  0  0   1  0  0  0  0     0       0      3 1.53e-02    0 0.00e+00  0
SFUnpack             327 1.0 5.5406e-05 1.2 0.00e+00 0.0 0.0e+00 0.0e+00 0.0e+00  0  0  0  0  0   0  0  0  0  0     0       0      0 0.00e+00    0 0.00e+00  0

--- Event Stage 2: Solve

MatMult              687 1.0 6.9329e-02 1.1 2.64e+09 1.0 2.2e+04 5.5e+03 0.0e+00  2 26 21 21  0  41 84 75 95  0 301334       0      1 0.00e+00    0 0.00e+00 100
MatMultAdd           120 1.0 1.3675e-02 1.3 1.59e+08 1.0 3.7e+03 9.4e+02 0.0e+00  0  2  3  1  0   8  5 12  3  0 92736       0      0 0.00e+00    0 0.00e+00 100
MatMultTranspose     120 1.0 1.7699e-02 1.2 1.59e+08 1.0 3.7e+03 9.4e+02 0.0e+00  0  2  3  1  0  10  5 12  3  0 71675       0      2 7.17e-03    0 0.00e+00 100
MatResidual          120 1.0 1.7309e-02 1.2 5.50e+08 1.0 5.1e+03 5.0e+03 0.0e+00  0  5  5  4  0  10 17 17 20  0 251104       0      0 0.00e+00    0 0.00e+00 100
KSPSolve               1 1.0 1.5744e-01 1.0 3.14e+09 1.0 2.9e+04 4.3e+03 0.0e+00  5 31 28 22  0 100 100 100 100  0 158022       0      3 7.17e-03    0 0.00e+00 100
PCApply               30 1.0 1.4325e-01 1.0 2.64e+09 1.0 2.8e+04 3.9e+03 0.0e+00  4 26 26 19  0  91 84 94 86  0 145824       0      3 7.17e-03    0 0.00e+00 100
VecTDot              476 1.0 2.4023e-02 1.1 1.22e+07 1.0 0.0e+00 0.0e+00 0.0e+00  1  0  0  0  0  15  0  0  0  0  4060       0      0 0.00e+00    0 0.00e+00 100
VecNorm              238 1.0 2.2364e-02 1.5 6.10e+06 1.0 0.0e+00 0.0e+00 0.0e+00  1  0  0  0  0  13  0  0  0  0  2180       0      0 0.00e+00    0 0.00e+00 100
VecCopy              422 1.0 2.3342e-03 1.6 0.00e+00 0.0 0.0e+00 0.0e+00 0.0e+00  0  0  0  0  0   1  0  0  0  0     0       0      0 0.00e+00    0 0.00e+00  0
VecSet               151 1.0 5.7813e-04 1.4 0.00e+00 0.0 0.0e+00 0.0e+00 0.0e+00  0  0  0  0  0   0  0  0  0  0     0       0      0 0.00e+00    0 0.00e+00  0
VecAXPY              414 1.0 1.4111e-03 3.8 1.18e+07 1.0 0.0e+00 0.0e+00 0.0e+00  0  0  0  0  0   0  0  0  0  0 66882       0      0 0.00e+00    0 0.00e+00 100
VecAYPX              896 1.0 4.1127e-03 1.4 4.29e+07 1.0 0.0e+00 0.0e+00 0.0e+00  0  0  0  0  0   2  1  0  0  0 83244       0      0 0.00e+00    0 0.00e+00 100
VecAXPBYCZ           240 1.0 1.1376e-02 1.2 3.10e+07 1.0 0.0e+00 0.0e+00 0.0e+00  0  0  0  0  0   7  1  0  0  0 21739       0      0 0.00e+00    0 0.00e+00 100
VecPointwiseMult     207 1.0 8.9278e-04 4.5 1.24e+03 0.0 0.0e+00 0.0e+00 0.0e+00  0  0  0  0  0   0  0  0  0  0     1       0      0 0.00e+00    0 0.00e+00 100
VecReciprocal          1 1.0 5.4000e-06 3.4 0.00e+00 0.0 0.0e+00 0.0e+00 0.0e+00  0  0  0  0  0   0  0  0  0  0     0       0      0 0.00e+00    0 0.00e+00  0
VecScatterBegin      927 1.0 6.8407e-02 1.2 0.00e+00 0.0 2.9e+04 4.3e+03 0.0e+00  2  0 28 22  0  39  0 100 100  0     0       0      1 0.00e+00    0 0.00e+00  0
VecScatterEnd        927 1.0 2.2779e-02 1.5 6.25e+04 1.4 0.0e+00 0.0e+00 0.0e+00  1  0  0  0  0  13  0  0  0  0    19       0      2 7.17e-03    0 0.00e+00 100
SFPack               927 1.0 1.7091e-03 1.1 0.00e+00 0.0 0.0e+00 0.0e+00 0.0e+00  0  0  0  0  0   1  0  0  0  0     0       0      0 0.00e+00    0 0.00e+00  0
SFUnpack             927 1.0 8.0733e-04 1.7 6.25e+04 1.4 0.0e+00 0.0e+00 0.0e+00  0  0  0  0  0   0  0  0  0  0   533       0      2 7.17e-03    0 0.00e+00 100

--- Event Stage 3: 2nd Setup

MatMult               40 1.0 4.6829e-03 1.1 1.81e+08 1.0 1.7e+03 5.0e+03 0.0e+00  0  2  2  1  0  12 87 93 27  0 305851       0      0 0.00e+00    0 0.00e+00 100
MatScale               1 1.0 5.6550e-05 1.7 7.72e+06 1.0 0.0e+00 0.0e+00 0.0e+00  0  0  0  0  0   0  4  0  0  0 1091618       0      0 0.00e+00    0 0.00e+00 100
MatAssemblyBegin       4 1.0 8.5200e-07 1.4 0.00e+00 0.0 0.0e+00 0.0e+00 0.0e+00  0  0  0  0  0   0  0  0  0  0     0       0      0 0.00e+00    0 0.00e+00  0
MatAssemblyEnd         4 1.0 2.4040e-06 1.3 0.00e+00 0.0 0.0e+00 0.0e+00 0.0e+00  0  0  0  0  0   0  0  0  0  0     0       0      0 0.00e+00    0 0.00e+00  0
MatPtAPNumeric         4 1.0 9.9819e-03 1.0 0.00e+00 0.0 1.2e+02 1.9e+05 0.0e+00  0  0  0  4  0  27  0  7 73  0     0       0      0 0.00e+00    0 0.00e+00  0
MatSetValuesCOO        4 1.0 7.0113e-03 1.0 0.00e+00 0.0 1.2e+02 1.9e+05 0.0e+00  0  0  0  4  0  19  0  7 73  0     0       0      0 0.00e+00    0 0.00e+00  0
KSPSetUp               1 1.0 2.4000e-07 1.6 0.00e+00 0.0 0.0e+00 0.0e+00 0.0e+00  0  0  0  0  0   0  0  0  0  0     0       0      0 0.00e+00    0 0.00e+00  0
PCSetUp_GAMG+          1 1.0 3.6806e-02 1.0 2.02e+08 1.0 1.8e+03 1.8e+04 0.0e+00  1  2  2  6  0 100 96 100 100  0 43281       0      4 2.59e+00    5 6.77e+01 100
PCGAMG Gal l00         1 1.0 3.8111e-03 1.0 0.00e+00 0.0 5.1e+01 2.6e+05 0.0e+00  0  0  0  2  0  10  0  3 41  0     0       0      0 0.00e+00    0 0.00e+00  0
PCGAMG Gal l01         1 1.0 4.8463e-03 1.0 0.00e+00 0.0 5.6e+01 1.7e+05 0.0e+00  0  0  0  2  0  13  0  3 30  0     0       0      0 0.00e+00    0 0.00e+00  0
PCGAMG Gal l02         1 1.0 1.3549e-03 1.2 0.00e+00 0.0 1.4e+01 4.9e+04 0.0e+00  0  0  0  0  0   3  0  1  2  0     0       0      0 0.00e+00    0 0.00e+00  0
PCGAMG Gal l03         1 1.0 1.0286e-04 1.6 0.00e+00 0.0 1.0e+00 2.9e+02 0.0e+00  0  0  0  0  0   0  0  0  0  0     0       0      0 0.00e+00    0 0.00e+00  0
PCSetUp                1 1.0 3.6808e-02 1.0 2.02e+08 1.0 1.8e+03 1.8e+04 0.0e+00  1  2  2  6  0 100 96 100 100  0 43279       0      4 2.59e+00    5 6.77e+01 100
VecTDot               92 1.0 5.5085e-03 1.1 4.75e+06 1.0 0.0e+00 0.0e+00 0.0e+00  0  0  0  0  0  15  2  0  0  0  6883       0      0 0.00e+00    0 0.00e+00 100
VecNorm               44 1.0 5.1103e-03 1.5 2.27e+06 1.0 0.0e+00 0.0e+00 0.0e+00  0  0  0  0  0  11  1  0  0  0  3549       0      0 0.00e+00    0 0.00e+00 100
VecCopy                8 1.0 1.2151e-04 1.3 0.00e+00 0.0 0.0e+00 0.0e+00 0.0e+00  0  0  0  0  0   0  0  0  0  0     0       0      0 0.00e+00    0 0.00e+00  0
VecSet                 4 1.0 2.6341e-05 1.3 0.00e+00 0.0 0.0e+00 0.0e+00 0.0e+00  0  0  0  0  0   0  0  0  0  0     0       0      0 0.00e+00    0 0.00e+00  0
VecAXPY               80 1.0 3.0606e-04 1.4 4.13e+06 1.0 0.0e+00 0.0e+00 0.0e+00  0  0  0  0  0   1  2  0  0  0 107728       0      0 0.00e+00    0 0.00e+00 100
VecAYPX               36 1.0 2.0482e-04 1.4 1.86e+06 1.0 0.0e+00 0.0e+00 0.0e+00  0  0  0  0  0   0  1  0  0  0 72441       0      0 0.00e+00    0 0.00e+00 100
VecReciprocal          1 1.0 4.8890e-06 3.1 0.00e+00 0.0 0.0e+00 0.0e+00 0.0e+00  0  0  0  0  0   0  0  0  0  0     0       0      0 0.00e+00    0 0.00e+00  0
VecScatterBegin       40 1.0 3.3244e-03 1.2 0.00e+00 0.0 1.7e+03 5.0e+03 0.0e+00  0  0  2  1  0   8  0 93 27  0     0       0      0 0.00e+00    0 0.00e+00  0
VecScatterEnd         40 1.0 1.1208e-03 1.9 0.00e+00 0.0 0.0e+00 0.0e+00 0.0e+00  0  0  0  0  0   2  0  0  0  0     0       0      0 0.00e+00    0 0.00e+00  0
SFReduceBegin          4 1.0 6.6778e-03 1.5 0.00e+00 0.0 1.2e+02 1.9e+05 0.0e+00  0  0  0  4  0  14  0  7 73  0     0       0      0 0.00e+00    0 0.00e+00  0
SFReduceEnd            4 1.0 2.2954e-03 9.2 0.00e+00 0.0 0.0e+00 0.0e+00 0.0e+00  0  0  0  0  0   4  0  0  0  0     0       0      0 0.00e+00    0 0.00e+00  0
SFPack                44 1.0 1.1977e-04 1.1 0.00e+00 0.0 0.0e+00 0.0e+00 0.0e+00  0  0  0  0  0   0  0  0  0  0     0       0      0 0.00e+00    0 0.00e+00  0
SFUnpack              44 1.0 6.6930e-06 1.3 0.00e+00 0.0 0.0e+00 0.0e+00 0.0e+00  0  0  0  0  0   0  0  0  0  0     0       0      0 0.00e+00    0 0.00e+00  0

--- Event Stage 4: 2nd Solve

MatMult              687 1.0 6.6688e-02 1.1 2.64e+09 1.0 2.2e+04 5.5e+03 0.0e+00  2 26 21 21  0  44 84 75 95  0 313267       0      0 0.00e+00    0 0.00e+00 100
MatMultAdd           120 1.0 1.3200e-02 1.2 1.59e+08 1.0 3.7e+03 9.4e+02 0.0e+00  0  2  3  1  0   9  5 12  3  0 96068       0      0 0.00e+00    0 0.00e+00 100
MatMultTranspose     120 1.0 1.4446e-02 1.2 1.59e+08 1.0 3.7e+03 9.4e+02 0.0e+00  0  2  3  1  0   9  5 12  3  0 87811       0      0 0.00e+00    0 0.00e+00 100
MatResidual          120 1.0 1.5678e-02 1.1 5.50e+08 1.0 5.1e+03 5.0e+03 0.0e+00  0  5  5  4  0  10 17 17 20  0 277213       0      0 0.00e+00    0 0.00e+00 100
KSPSolve               1 1.0 1.4232e-01 1.0 3.14e+09 1.0 2.9e+04 4.3e+03 0.0e+00  4 31 28 22  0 100 100 100 100  0 174814       0      0 0.00e+00    0 0.00e+00 100
PCApply               30 1.0 1.2786e-01 1.0 2.64e+09 1.0 2.8e+04 3.9e+03 0.0e+00  4 26 26 19  0  90 84 94 86  0 163365       0      0 0.00e+00    0 0.00e+00 100
VecTDot              476 1.0 2.3789e-02 1.1 1.22e+07 1.0 0.0e+00 0.0e+00 0.0e+00  1  0  0  0  0  16  0  0  0  0  4100       0      0 0.00e+00    0 0.00e+00 100
VecNorm              238 1.0 2.2566e-02 1.4 6.10e+06 1.0 0.0e+00 0.0e+00 0.0e+00  1  0  0  0  0  15  0  0  0  0  2161       0      0 0.00e+00    0 0.00e+00 100
VecCopy              422 1.0 2.2337e-03 1.6 0.00e+00 0.0 0.0e+00 0.0e+00 0.0e+00  0  0  0  0  0   1  0  0  0  0     0       0      0 0.00e+00    0 0.00e+00  0
VecSet               151 1.0 5.5859e-04 1.4 0.00e+00 0.0 0.0e+00 0.0e+00 0.0e+00  0  0  0  0  0   0  0  0  0  0     0       0      0 0.00e+00    0 0.00e+00  0
VecAXPY              414 1.0 1.3926e-03 3.9 1.18e+07 1.0 0.0e+00 0.0e+00 0.0e+00  0  0  0  0  0   0  0  0  0  0 67769       0      0 0.00e+00    0 0.00e+00 100
VecAYPX              896 1.0 4.0441e-03 1.5 4.29e+07 1.0 0.0e+00 0.0e+00 0.0e+00  0  0  0  0  0   2  1  0  0  0 84657       0      0 0.00e+00    0 0.00e+00 100
VecAXPBYCZ           240 1.0 1.0083e-03 1.3 3.10e+07 1.0 0.0e+00 0.0e+00 0.0e+00  0  0  0  0  0   1  1  0  0  0 245253       0      0 0.00e+00    0 0.00e+00 100
VecPointwiseMult     207 1.0 8.9591e-04 4.5 1.24e+03 0.0 0.0e+00 0.0e+00 0.0e+00  0  0  0  0  0   0  0  0  0  0     1       0      0 0.00e+00    0 0.00e+00 100
VecScatterBegin      927 1.0 6.4802e-02 1.2 0.00e+00 0.0 2.9e+04 4.3e+03 0.0e+00  2  0 28 22  0  42  0 100 100  0     0       0      0 0.00e+00    0 0.00e+00  0
VecScatterEnd        927 1.0 2.1664e-02 1.8 6.25e+04 1.4 0.0e+00 0.0e+00 0.0e+00  1  0  0  0  0  13  0  0  0  0    20       0      0 0.00e+00    0 0.00e+00 100
SFPack               927 1.0 1.6803e-03 1.1 0.00e+00 0.0 0.0e+00 0.0e+00 0.0e+00  0  0  0  0  0   1  0  0  0  0     0       0      0 0.00e+00    0 0.00e+00  0
SFUnpack             927 1.0 6.6269e-04 1.7 6.25e+04 1.4 0.0e+00 0.0e+00 0.0e+00  0  0  0  0  0   0  0  0  0  0   649       0      0 0.00e+00    0 0.00e+00 100

--- Event Stage 5: 3rd Setup


--- Event Stage 6: 3rd Solve

MatMult              687 1.0 6.6194e-02 1.1 2.64e+09 1.0 2.2e+04 5.5e+03 0.0e+00  2 26 21 21  0  44 84 75 95  0 315604       0      0 0.00e+00    0 0.00e+00 100
MatMultAdd           120 1.0 1.2873e-02 1.2 1.59e+08 1.0 3.7e+03 9.4e+02 0.0e+00  0  2  3  1  0   8  5 12  3  0 98508       0      0 0.00e+00    0 0.00e+00 100
MatMultTranspose     120 1.0 1.4621e-02 1.2 1.59e+08 1.0 3.7e+03 9.4e+02 0.0e+00  0  2  3  1  0   9  5 12  3  0 86765       0      0 0.00e+00    0 0.00e+00 100
MatScale               1 1.0 2.0149e-05 2.2 7.72e+06 1.0 0.0e+00 0.0e+00 0.0e+00  0  0  0  0  0   0  0  0  0  0 3063725       0      0 0.00e+00    0 0.00e+00 100
MatResidual          120 1.0 1.5494e-02 1.1 5.50e+08 1.0 5.1e+03 5.0e+03 0.0e+00  0  5  5  4  0  11 17 17 20  0 280517       0      0 0.00e+00    0 0.00e+00 100
KSPSolve               1 1.0 1.4080e-01 1.0 3.14e+09 1.0 2.9e+04 4.3e+03 0.0e+00  4 31 28 22  0 100 100 100 100  0 176691       0      0 0.00e+00    0 0.00e+00 100
PCApply               30 1.0 1.2680e-01 1.0 2.64e+09 1.0 2.8e+04 3.9e+03 0.0e+00  4 26 26 19  0  90 84 94 86  0 164740       0      0 0.00e+00    0 0.00e+00 100
VecTDot              476 1.0 2.3469e-02 1.1 1.22e+07 1.0 0.0e+00 0.0e+00 0.0e+00  1  0  0  0  0  16  0  0  0  0  4155       0      0 0.00e+00    0 0.00e+00 100
VecNorm              238 1.0 2.1732e-02 1.4 6.10e+06 1.0 0.0e+00 0.0e+00 0.0e+00  1  0  0  0  0  14  0  0  0  0  2244       0      0 0.00e+00    0 0.00e+00 100
VecCopy              422 1.0 2.2091e-03 1.6 0.00e+00 0.0 0.0e+00 0.0e+00 0.0e+00  0  0  0  0  0   1  0  0  0  0     0       0      0 0.00e+00    0 0.00e+00  0
VecSet               151 1.0 5.4842e-04 1.4 0.00e+00 0.0 0.0e+00 0.0e+00 0.0e+00  0  0  0  0  0   0  0  0  0  0     0       0      0 0.00e+00    0 0.00e+00  0
VecAXPY              414 1.0 1.3773e-03 3.9 1.18e+07 1.0 0.0e+00 0.0e+00 0.0e+00  0  0  0  0  0   0  0  0  0  0 68521       0      0 0.00e+00    0 0.00e+00 100
VecAYPX              896 1.0 4.0214e-03 1.5 4.29e+07 1.0 0.0e+00 0.0e+00 0.0e+00  0  0  0  0  0   2  1  0  0  0 85134       0      0 0.00e+00    0 0.00e+00 100
VecAXPBYCZ           240 1.0 1.0012e-03 1.3 3.10e+07 1.0 0.0e+00 0.0e+00 0.0e+00  0  0  0  0  0   1  1  0  0  0 246994       0      0 0.00e+00    0 0.00e+00 100
VecPointwiseMult     207 1.0 8.7613e-04 4.6 1.24e+03 0.0 0.0e+00 0.0e+00 0.0e+00  0  0  0  0  0   0  0  0  0  0     1       0      0 0.00e+00    0 0.00e+00 100
VecScatterBegin      927 1.0 6.4450e-02 1.2 0.00e+00 0.0 2.9e+04 4.3e+03 0.0e+00  2  0 28 22  0  42  0 100 100  0     0       0      0 0.00e+00    0 0.00e+00  0
VecScatterEnd        927 1.0 2.2122e-02 1.8 6.25e+04 1.4 0.0e+00 0.0e+00 0.0e+00  1  0  0  0  0  13  0  0  0  0    19       0      0 0.00e+00    0 0.00e+00 100
SFPack               927 1.0 1.6660e-03 1.1 0.00e+00 0.0 0.0e+00 0.0e+00 0.0e+00  0  0  0  0  0   1  0  0  0  0     0       0      0 0.00e+00    0 0.00e+00  0
SFUnpack             927 1.0 6.5741e-04 1.7 6.25e+04 1.4 0.0e+00 0.0e+00 0.0e+00  0  0  0  0  0   0  0  0  0  0   655       0      0 0.00e+00    0 0.00e+00 100
---------------------------------------------------------------------------------------------------------------------------------------------------------------

Object Type          Creations   Destructions. Reports information only for process 0.

--- Event Stage 0: Main Stage

           Container     4             12
       Krylov Solver     1             10
              Matrix     6             58
      Matrix Coarsen     0              1
   Matrix Null Space     1              1
      Preconditioner     1              6
              Viewer     1              1
  PetscDeviceContext     1              0
              Vector    12             63
           Index Set     2              2
   Star Forest Graph     1             25
    Distributed Mesh     0              4
     Discrete System     0              4
           Weak Form     0              4

--- Event Stage 1: Setup

           Container    37             29
       Krylov Solver    13              4
              Matrix   323            271
      Matrix Coarsen     4              3
      Preconditioner    13              8
              Vector   358            308
           Index Set   149            149
             Section    16             16
   Star Forest Graph   113             97
         PetscRandom     4              4

--- Event Stage 2: Solve

              Vector     1              0
   Star Forest Graph     8              0
    Distributed Mesh     4              0
     Discrete System     4              0
           Weak Form     4              0

--- Event Stage 3: 2nd Setup

              Vector    12             12

--- Event Stage 4: 2nd Solve


--- Event Stage 5: 3rd Setup


--- Event Stage 6: 3rd Solve

========================================================================================================================
Average time to get PetscTime(): 3.41e-08
Average time for MPI_Barrier(): 1.66262e-05
Average time for zero size MPI_Send(): 1.56791e-05
#PETSc Option Table entries:
-alpha 1.e-3 # (source: command line)
-ksp_converged_reason # (source: command line)
-ksp_norm_type unpreconditioned # (source: command line)
-ksp_rtol 1e-6 # (source: command line)
-ksp_type cg # (source: command line)
-log_view # (source: command line)
-mat_type mpibaijkokkos # (source: command line)
-mg_coarse_ksp_type cg # (source: command line)
-mg_coarse_pc_type jacobi # (source: command line)
-mg_levels_ksp_type chebyshev # (source: command line)
-mg_levels_pc_type pbjacobi # (source: command line)
-ne 63 # (source: command line)
-pc_gamg_agg_nsmooths 1 # (source: command line)
-pc_gamg_coarse_eq_limit 20 # (source: command line)
-pc_gamg_parallel_coarse_grid_solver # (source: command line)
-pc_gamg_reuse_interpolation true # (source: command line)
-pc_gamg_type agg # (source: command line)
-pc_type gamg # (source: command line)
-two_solves # (source: command line)
-use_mat_nearnullspace # (source: command line)
#End of PETSc Option Table entries
Compiled without FORTRAN kernels
Compiled with full precision matrices (default)
sizeof(short) 2 sizeof(int) 4 sizeof(long) 8 sizeof(void*) 8 sizeof(PetscScalar) 8 sizeof(PetscInt) 4
Configure options: --with-make-np=8 --with-mpiexec="srun -G4 --gpu-bind=none" --with-batch=0 --download-triangle=1 --with-cc=cc --with-cxx=CC --with-fc=0 --with-debugging=0 --with-cuda=1 --with-cuda-arch=80 --download-kokkos --download-kokkos-kernels --force PETSC_ARCH=arch-perlmutter-opt-gcc-kokkos-cuda
-----------------------------------------
Libraries compiled on 2026-06-22 11:34:59 on login15
Machine characteristics: Linux-6.4.0-150600.23.103_15.0.24-cray_shasta_c-x86_64-with-glibc2.3.4
Using PETSc directory: /global/u2/m/madams/petsc
Using PETSc arch: arch-perlmutter-opt-gcc-kokkos-cuda
-----------------------------------------

Using C compiler: cc  -fPIC -Wall -Wwrite-strings -Wno-unknown-pragmas -Wno-lto-type-mismatch -Wno-stringop-overflow -fstack-protector -fvisibility=hidden -g -O 
-----------------------------------------

Using include paths: -I/global/u2/m/madams/petsc/include -I/global/u2/m/madams/petsc/arch-perlmutter-opt-gcc-kokkos-cuda/include -I/opt/nvidia/hpc_sdk/Linux_x86_64/25.5/cuda/12.9/include -I/opt/nvidia/hpc_sdk/Linux_x86_64/25.5/math_libs/12.9/include
-----------------------------------------

Using C linker: cc
Using libraries: -Wl,-rpath,/global/u2/m/madams/petsc/arch-perlmutter-opt-gcc-kokkos-cuda/lib -L/global/u2/m/madams/petsc/arch-perlmutter-opt-gcc-kokkos-cuda/lib -lpetsc -Wl,-rpath,/global/u2/m/madams/petsc/arch-perlmutter-opt-gcc-kokkos-cuda/lib -L/global/u2/m/madams/petsc/arch-perlmutter-opt-gcc-kokkos-cuda/lib -Wl,-rpath,/opt/nvidia/hpc_sdk/Linux_x86_64/25.5/cuda/12.9/lib64 -L/opt/nvidia/hpc_sdk/Linux_x86_64/25.5/cuda/12.9/lib64 -Wl,-rpath,/opt/nvidia/hpc_sdk/Linux_x86_64/25.5/math_libs/12.9/lib64 -L/opt/nvidia/hpc_sdk/Linux_x86_64/25.5/math_libs/12.9/lib64 -L/opt/nvidia/hpc_sdk/Linux_x86_64/25.5/cuda/12.9/lib64/stubs -lkokkoskernels -lkokkoscontainers -lkokkoscore -lkokkossimd -ltriangle -lcudart -lnvtx3interop -lcufft -lcublas -lcusparse -lcusolver -lcurand -lcuda -lnvidia-ml -lX11 -lstdc++ -lquadmath
-----------------------------------------

  Linear solve converged due to CONVERGED_RTOL iterations 30
  Linear solve converged due to CONVERGED_RTOL iterations 30
  Linear solve converged due to CONVERGED_RTOL iterations 30
[0]main |b-Ax|/|b|=7.614555e-07, |b|=2.222509e+00, emax=9.989586e-01
****************************************************************************************************************************************************************
***                                WIDEN YOUR WINDOW TO 160 CHARACTERS.  Use 'enscript -r -fCourier9' to print this document                                 ***
****************************************************************************************************************************************************************

------------------------------------------------------------------ PETSc Performance Summary: ------------------------------------------------------------------



      ##########################################################
      #                                                        #
      #                       WARNING!!!                       #
      #                                                        #
      #   This code was run with -log_view_gpu_time            #
      #   This provides accurate timing within the GPU kernels #
      #   but can slow down the entire computation by a        #
      #   measurable amount. For fastest runs we recommend     #
      #   not using this option.                               #
      #                                                        #
      ##########################################################


/global/homes/m/madams/petsc/arch-perlmutter-opt-gcc-kokkos-cuda/tests/ksp/ksp/tutorials/ex56 on a arch-perlmutter-opt-gcc-kokkos-cuda named nid001161 with 8 processes and CUDA architecture 80, by madams on Mon Jun 22 08:02:49 2026
Using PETSc Development Git Revision: v3.25.2-340-g83d2bd4a8b4 Git Date: 2026-06-21 14:23:19 -0400

                         Max       Max/Min     Avg       Total
Time (sec):           3.466e+00     1.000   3.466e+00
Objects:              0.000e+00     0.000   0.000e+00
Flops:                1.006e+10     1.020   9.962e+09  7.969e+10
Flops/sec:            2.902e+09     1.020   2.874e+09  2.299e+10
MPI Msg Count:        1.423e+04     1.095   1.336e+04  1.069e+05
MPI Msg Len (bytes):  7.245e+07     1.039   5.326e+03  5.693e+08
MPI Reductions:       2.230e+02     1.000

Flop counting convention: 1 flop = 1 real number operation of type (multiply/divide/add/subtract)
                            e.g., VecAXPY() for real vectors of length N --> 2N flops
                            and VecAXPY() for complex vectors of length N --> 8N flops

Summary of Stages:   ----- Time ------  ----- Flop ------  --- Messages ---  -- Message Lengths --  -- Reductions --
                        Avg     %Total     Avg     %Total    Count   %Total     Avg         %Total    Count   %Total
 0:      Main Stage: 1.0277e+00  29.7%  1.7301e+08   0.2%  2.630e+02   0.2%  7.069e+04        3.3%  9.000e+00   4.0%
 1:           Setup: 1.7478e+00  50.4%  3.1676e+09   4.0%  1.659e+04  15.5%  8.244e+03       24.0%  1.970e+02  88.3%
 2:           Solve: 2.1940e-01   6.3%  2.4879e+10  31.2%  2.940e+04  27.5%  4.329e+03       22.4%  0.000e+00   0.0%
 3:       2nd Setup: 4.1334e-02   1.2%  1.6548e+09   2.1%  1.822e+03   1.7%  1.761e+04        5.6%  0.000e+00   0.0%
 4:       2nd Solve: 2.1618e-01   6.2%  2.4879e+10  31.2%  2.940e+04  27.5%  4.329e+03       22.4%  0.000e+00   0.0%
 5:       3rd Setup: 2.8700e-07   0.0%  0.0000e+00   0.0%  0.000e+00   0.0%  0.000e+00        0.0%  0.000e+00   0.0%
 6:       3rd Solve: 2.1343e-01   6.2%  2.4941e+10  31.3%  2.940e+04  27.5%  4.329e+03       22.4%  0.000e+00   0.0%

------------------------------------------------------------------------------------------------------------------------
See the 'Profiling' chapter of the users' manual for details on interpreting output.
Phase summary info:
   Count: number of times phase was executed
   Time and Flop: Max - maximum over all processes
                  Ratio - ratio of maximum to minimum over all processes
   Mess: number of messages sent
   AvgLen: average message length (bytes)
   Reduct: number of global reductions
   Global: entire computation
   Stage: stages of a computation. Set stages with PetscLogStagePush() and PetscLogStagePop().
      %T - percent time in this phase         %F - percent flop in this phase
      %M - percent messages in this phase     %L - percent message lengths in this phase
      %R - percent reductions in this phase
   Total Mflop/s: 1e-6 * (sum of flop over all processes)/(max time over all processes)
   GPU Mflop/s: 1e-6 * (sum of flop on GPU over all processes)/(max GPU time over all processes)
   CpuToGpu Count: total number of CPU to GPU copies per processor
   CpuToGpu Size (Mbytes): 1e-6 * (total size of CPU to GPU copies per processor)
   GpuToCpu Count: total number of GPU to CPU copies per processor
   GpuToCpu Size (Mbytes): 1e-6 * (total size of GPU to CPU copies per processor)
   GPU %F: percent flops on GPU in this event
------------------------------------------------------------------------------------------------------------------------
Event                Count      Time (sec)     Flop                              --- Global ---  --- Stage ----  Total   GPU    - CpuToGpu -   - GpuToCpu - GPU
                   Max Ratio  Max     Ratio   Max  Ratio  Mess   AvgLen  Reduct  %T %F %M %L %R  %T %F %M %L %R Mflop/s Mflop/s Count   Size   Count   Size  %F
---------------------------------------------------------------------------------------------------------------------------------------------------------------

--- Event Stage 0: Main Stage

BuildTwoSided          4 1.0 3.0854e-02 50.0 0.00e+00 0.0 9.4e+01 5.6e+00 0.0e+00  0  0  0  0  0   1  0 36  0  0     0       0      0 0.00e+00    0 0.00e+00  0
BuildTwoSidedF         3 1.0 3.2380e-02 43.7 0.00e+00 0.0 9.5e+01 1.9e+05 0.0e+00  0  0  0  3  0   1  0 36 95  0     0       0      0 0.00e+00    0 0.00e+00  0
MatMult                1 1.0 3.1674e-04 1.1 1.54e+07 1.0 5.6e+01 1.1e+04 0.0e+00  0  0  0  0  0   0 71 21  3  0 389787   697305      0 0.00e+00    0 0.00e+00 100
MatAssemblyBegin       1 1.0 3.1773e-02 3.4 0.00e+00 0.0 3.8e+01 4.6e+05 0.0e+00  1  0  0  3  0   2  0 14 93  0     0       0      0 0.00e+00    0 0.00e+00  0
MatAssemblyEnd         1 1.0 3.1668e-02 1.1 0.00e+00 0.0 1.1e+02 2.7e+03 1.0e+00  1  0  0  0  0   3  0 43  2 11     0       0      0 0.00e+00    1 1.93e+00  0
DCtxCreate             1 1.0 4.7792e-05 2.1 0.00e+00 0.0 0.0e+00 0.0e+00 0.0e+00  0  0  0  0  0   0  0  0  0  0     0       0      0 0.00e+00    0 0.00e+00  0
DCtxDestroy            1 1.0 2.5219e-05 1.1 0.00e+00 0.0 0.0e+00 0.0e+00 0.0e+00  0  0  0  0  0   0  0  0  0  0     0       0      0 0.00e+00    0 0.00e+00  0
DCtxSetUp              1 1.0 1.5901e-05 2.1 0.00e+00 0.0 0.0e+00 0.0e+00 0.0e+00  0  0  0  0  0   0  0  0  0  0     0       0      0 0.00e+00    0 0.00e+00  0
DCtxSetDevice          1 1.0 1.5680e-05 1.3 0.00e+00 0.0 0.0e+00 0.0e+00 0.0e+00  0  0  0  0  0   0  0  0  0  0     0       0      0 0.00e+00    0 0.00e+00  0
VecMDot                3 1.0 1.0713e-03 1.7 2.36e+06 1.0 0.0e+00 0.0e+00 0.0e+00  0  0  0  0  0   0 11  0  0  0 17618       0      0 0.00e+00    0 0.00e+00  0
VecNorm                5 1.0 4.0475e-04 1.1 9.83e+05 1.0 0.0e+00 0.0e+00 0.0e+00  0  0  0  0  0   0  5  0  0  0 19430   32910      0 0.00e+00    0 0.00e+00 40
VecScale               3 1.0 5.1649e-05 1.1 2.95e+05 1.0 0.0e+00 0.0e+00 0.0e+00  0  0  0  0  0   0  1  0  0  0 45679       0      0 0.00e+00    0 0.00e+00  0
VecAXPY                1 1.0 1.9037e-05 1.1 1.97e+05 1.0 0.0e+00 0.0e+00 0.0e+00  0  0  0  0  0   0  1  0  0  0 82621   180706      0 0.00e+00    0 0.00e+00 100
VecMAXPY               3 1.0 2.7085e-04 1.1 2.36e+06 1.0 0.0e+00 0.0e+00 0.0e+00  0  0  0  0  0   0 11  0  0  0 69685       0      0 0.00e+00    0 0.00e+00  0
VecAssemblyBegin       1 1.0 6.9679e-04 1.3 0.00e+00 0.0 5.7e+01 6.1e+03 0.0e+00  0  0  0  0  0   0  0 22  2  0     0       0      0 0.00e+00    0 0.00e+00  0
VecAssemblyEnd         1 1.0 9.0465e-05 6.5 0.00e+00 0.0 0.0e+00 0.0e+00 0.0e+00  0  0  0  0  0   0  0  0  0  0     0       0      0 0.00e+00    0 0.00e+00  0
VecScatterBegin        1 1.0 8.4413e-05 1.7 0.00e+00 0.0 5.6e+01 1.1e+04 0.0e+00  0  0  0  0  0   0  0 21  3  0     0       0      0 0.00e+00    0 0.00e+00  0
VecScatterEnd          1 1.0 7.1278e-05 15.9 0.00e+00 0.0 0.0e+00 0.0e+00 0.0e+00  0  0  0  0  0   0  0  0  0  0     0       0      0 0.00e+00    0 0.00e+00  0
VecNormalize           3 1.0 2.1131e-04 1.1 8.85e+05 1.0 0.0e+00 0.0e+00 0.0e+00  0  0  0  0  0   0  4  0  0  0 33495       0      0 0.00e+00    0 0.00e+00  0
SFSetGraph             1 1.0 7.0737e-05 1.0 0.00e+00 0.0 0.0e+00 0.0e+00 0.0e+00  0  0  0  0  0   0  0  0  0  0     0       0      0 0.00e+00    0 0.00e+00  0
SFSetUp                1 1.0 6.1308e-04 1.1 0.00e+00 0.0 1.1e+02 2.7e+03 0.0e+00  0  0  0  0  0   0  0 43  2  0     0       0      0 0.00e+00    0 0.00e+00  0
SFPack                 1 1.0 4.1790e-06 1.1 0.00e+00 0.0 0.0e+00 0.0e+00 0.0e+00  0  0  0  0  0   0  0  0  0  0     0       0      0 0.00e+00    0 0.00e+00  0
SFUnpack               1 1.0 1.5000e-07 1.4 0.00e+00 0.0 0.0e+00 0.0e+00 0.0e+00  0  0  0  0  0   0  0  0  0  0     0       0      0 0.00e+00    0 0.00e+00  0

--- Event Stage 1: Setup

BuildTwoSided        267 1.0 2.4966e-02 1.3 0.00e+00 0.0 3.4e+03 4.0e+00 0.0e+00  1  0  3  0  0   1  0 21  0  0     0       0      0 0.00e+00    0 0.00e+00  0
BuildTwoSidedF       162 1.0 1.7155e-02 1.5 0.00e+00 0.0 7.2e+02 4.8e+04 0.0e+00  0  0  1  6  0   1  0  4 26  0     0       0      0 0.00e+00    0 0.00e+00  0
MatMult               80 1.0 2.6553e-02 1.2 3.63e+08 1.0 3.4e+03 5.0e+03 0.0e+00  1  4  3  3  0   1 90 20 12  0 107878   501524      7 1.22e-01    0 0.00e+00 100
MatConvert            20 1.0 7.4460e-01 1.0 0.00e+00 0.0 9.4e+02 1.5e+02 4.8e+01 21  0  1  0 22  43  0  6  0 24     0       0      0 0.00e+00   12 2.30e+01  0
MatScale              12 1.0 2.5516e-03 1.0 4.44e+06 1.0 1.7e+02 1.4e+03 0.0e+00  0  0  0  0  0   0  1  1  0  0 13875   39293      0 0.00e+00    0 0.00e+00 60
MatAssemblyBegin      77 1.0 2.1071e-02 1.4 0.00e+00 0.0 7.2e+02 4.8e+04 0.0e+00  1  0  1  6  0   1  0  4 26  0     0       0      0 0.00e+00    0 0.00e+00  0
MatAssemblyEnd        77 1.0 1.2969e-01 1.6 0.00e+00 0.0 2.4e+03 3.1e+02 4.4e+01  3  0  2  0 20   7  0 15  1 22     0       0      0 0.00e+00   10 1.98e+00  0
MatSetValues     3689288 1.0 5.1772e-01 1.1 1.52e+06 1.0 0.0e+00 0.0e+00 0.0e+00 14  0  0  0  0  29  0  0  0  0    23       0      0 0.00e+00    0 0.00e+00  0
MatGetRow         411747 1.0 3.9046e-02 1.0 0.00e+00 0.0 0.0e+00 0.0e+00 0.0e+00  1  0  0  0  0   2  0  0  0  0     0       0      0 0.00e+00    0 0.00e+00  0
MatCreateSubMat        2 1.0 1.0511e-02 1.0 0.00e+00 0.0 1.7e+02 5.1e+01 2.2e+01  0  0  0  0 10   1  0  1  0 11     0       0      0 0.00e+00    2 1.18e-01  0
MatCoarsen             4 1.0 1.0406e-02 1.0 0.00e+00 0.0 1.7e+03 9.7e+02 2.7e+01  0  0  2  0 12   1  0 10  1 14     0       0      0 0.00e+00    0 0.00e+00  0
MatAXPY                8 1.0 8.2183e-01 1.0 1.52e+06 1.0 1.1e+03 2.3e+02 4.0e+01 24  0  1  0 18  47  0  7  0 20    15       0      0 0.00e+00   10 2.29e+01  0
MatTranspose           9 1.0 2.8314e-02 1.0 0.00e+00 0.0 1.4e+03 3.3e+03 2.1e+01  1  0  1  1  9   2  0  9  3 11     0       0      0 0.00e+00    0 0.00e+00  0
MatMatMultSym          4 1.0 1.9402e-01 1.0 0.00e+00 0.0 2.2e+03 2.7e+03 2.8e+01  6  0  2  1 13  11  0 13  4 14     0       0      0 0.00e+00   33 1.27e+02  0
MatMatMultNum          4 1.0 9.4200e-07 1.5 0.00e+00 0.0 0.0e+00 0.0e+00 0.0e+00  0  0  0  0  0   0  0  0  0  0     0       0      0 0.00e+00    0 0.00e+00  0
MatPtAPSymbolic        4 1.0 1.4436e-01 1.1 0.00e+00 0.0 3.1e+03 1.9e+04 2.8e+01  4  0  3 10 13   8  0 19 43 14     0       0      0 0.00e+00   33 1.46e+02  0
MatPtAPNumeric         4 1.0 8.4200e-07 1.2 0.00e+00 0.0 0.0e+00 0.0e+00 0.0e+00  0  0  0  0  0   0  0  0  0  0     0       0      0 0.00e+00    0 0.00e+00  0
MatTrnMatMultSym       1 1.0 1.7496e-01 1.0 0.00e+00 0.0 3.9e+02 9.2e+04 4.0e+00  5  0  0  6  2  10  0  2 26  2     0       0      0 0.00e+00    0 0.00e+00  0
MatGetLocalMat         1 1.0 1.2226e-03 1.1 0.00e+00 0.0 0.0e+00 0.0e+00 0.0e+00  0  0  0  0  0   0  0  0  0  0     0       0      0 0.00e+00    0 0.00e+00  0
MatCreateGraph         4 1.0 1.0161e-01 1.0 2.68e+06 1.0 2.0e+03 2.5e+03 2.8e+01  3  0  2  1 13   6  1 12  4 14   211       0      0 0.00e+00    6 9.88e+00  0
MatSetPreallCOO        8 1.0 4.3446e-02 1.0 0.00e+00 0.0 2.1e+03 5.7e+02 3.2e+01  1  0  2  0 14   2  0 13  1 16     0       0      0 0.00e+00   24 3.48e+01  0
MatSetValuesCOO        8 1.0 1.4921e-02 1.6 0.00e+00 0.0 1.2e+02 1.9e+05 0.0e+00  0  0  0  4  0   1  0  1 17  0     0       0      0 0.00e+00    0 0.00e+00  0
KSPSetUp               1 1.0 1.5698e-03 2.7 0.00e+00 0.0 0.0e+00 0.0e+00 0.0e+00  0  0  0  0  0   0  0  0  0  0     0       0      0 0.00e+00    0 0.00e+00  0
PCSetUp_GAMG+          1 1.0 1.7471e+00 1.0 4.01e+08 1.0 1.7e+04 8.2e+03 2.0e+02 50  4 16 24 88 100 100 100 100 100  1813   18449      7 1.22e-01   88 3.06e+02 99
 PCGAMGCreateG         4 1.0 1.0162e-01 1.0 2.68e+06 1.0 2.0e+03 2.5e+03 2.8e+01  3  0  2  1 13   6  1 12  4 14   211       0      0 0.00e+00    6 9.88e+00  0
 GAMG Coarsen          8 1.0 2.1060e-01 1.0 0.00e+00 0.0 2.3e+03 1.7e+04 3.1e+01  6  0  2  7 14  12  0 14 29 16     0       0      0 0.00e+00    0 0.00e+00  0
  GAMG MIS/Agg         4 1.0 1.8566e-01 1.0 0.00e+00 0.0 2.0e+03 1.8e+04 3.1e+01  5  0  2  7 14  11  0 12 28 16     0       0      0 0.00e+00    0 0.00e+00  0
 PCGAMGProl            4 1.0 1.7253e-01 1.0 0.00e+00 0.0 2.5e+03 4.0e+03 1.2e+01  5  0  2  2  5  10  0 15  7  6     0       0      0 0.00e+00    4 1.30e-01  0
  GAMG Prol-col        4 1.0 8.7885e-02 1.0 0.00e+00 0.0 2.2e+03 3.6e+03 0.0e+00  3  0  2  1  0   5  0 14  6  0     0       0      0 0.00e+00    0 0.00e+00  0
  GAMG Prol-lift       4 1.0 8.0761e-02 1.0 0.00e+00 0.0 2.8e+02 7.4e+03 4.0e+00  2  0  0  0  2   5  0  2  2  2     0       0      0 0.00e+00    4 1.30e-01  0
 PCGAMGOptProl         4 1.0 1.0733e+00 1.0 1.97e+08 1.0 4.7e+03 3.1e+03 6.4e+01 31  2  4  3 29  61 49 28 11 32  1447   11729      7 1.22e-01   43 1.50e+02 100
  GAMG smooth          4 1.0 9.7682e-01 1.0 3.27e+06 1.0 3.0e+03 2.0e+03 6.4e+01 28  0  3  1 29  56  1 18  4 32    27     244      0 0.00e+00   43 1.50e+02 81
 PCGAMGCreateL         4 1.0 1.5821e-01 1.1 0.00e+00 0.0 3.3e+03 1.8e+04 6.2e+01  4  0  3 10 28   9  0 20 43 31     0       0      0 0.00e+00   35 1.46e+02  0
  GAMG PtAP            4 1.0 1.4441e-01 1.1 0.00e+00 0.0 3.1e+03 1.9e+04 2.8e+01  4  0  3 10 13   8  0 19 43 14     0       0      0 0.00e+00   33 1.46e+02  0
  GAMG Reduce          2 1.0 3.4538e-02 1.2 0.00e+00 0.0 8.9e+02 6.7e+03 4.8e+01  1  0  1  1 22   2  0  5  4 24     0       0      0 0.00e+00   19 3.20e+00  0
PCGAMG Squ l00         1 1.0 1.7497e-01 1.0 0.00e+00 0.0 3.9e+02 9.2e+04 4.0e+00  5  0  0  6  2  10  0  2 26  2     0       0      0 0.00e+00    0 0.00e+00  0
PCGAMG Gal l00         1 1.0 9.8024e-02 1.1 0.00e+00 0.0 1.2e+03 2.7e+04 7.0e+00  3  0  1  6  3   5  0  7 24  4     0       0      0 0.00e+00    8 1.24e+02  0
PCGAMG Opt l00         1 1.0 1.7199e-01 1.0 0.00e+00 0.0 7.1e+02 6.0e+03 7.0e+00  5  0  1  1  3  10  0  4  3  4     0       0      0 0.00e+00    8 1.12e+02  0
PCGAMG Gal l01         1 1.0 2.6696e-02 1.0 0.00e+00 0.0 1.2e+03 1.7e+04 7.0e+00  1  0  1  4  3   1  0  7 15  4     0       0      0 0.00e+00    8 1.91e+01  0
PCGAMG Opt l01         1 1.0 1.1916e-02 1.0 0.00e+00 0.0 7.3e+02 1.5e+03 7.0e+00  0  0  1  0  3   1  0  4  1  4     0       0      0 0.00e+00    8 1.31e+01  0
PCGAMG Gal l02         1 1.0 1.6049e-02 1.4 0.00e+00 0.0 6.4e+02 9.3e+03 7.0e+00  0  0  1  1  3   1  0  4  4  4     0       0      0 0.00e+00    8 3.07e+00  0
PCGAMG Opt l02         1 1.0 6.2819e-03 1.0 0.00e+00 0.0 7.3e+02 6.9e+02 7.0e+00  0  0  1  0  3   0  0  4  0  4     0       0      0 0.00e+00    8 1.93e+00  0
PCGAMG Gal l03         1 1.0 4.7794e-03 1.0 0.00e+00 0.0 2.7e+01 2.4e+02 7.0e+00  0  0  0  0  3   0  0  0  0  4     0       0      0 0.00e+00    9 1.74e-02  0
PCGAMG Opt l03         1 1.0 3.9154e-03 1.0 0.00e+00 0.0 2.2e+01 2.8e+02 7.0e+00  0  0  0  0  3   0  0  0  0  4     0       0      0 0.00e+00    9 1.90e-02  0
PCSetUp                1 1.0 1.7472e+00 1.0 4.01e+08 1.0 1.7e+04 8.2e+03 2.0e+02 50  4 16 24 88 100 100 100 100 100  1813   18449      7 1.22e-01   88 3.06e+02 99
VecTDot              184 1.0 4.7792e-02 2.8 9.51e+06 1.0 0.0e+00 0.0e+00 0.0e+00  1  0  0  0  0   2  2  0  0  0  1587    8376      0 0.00e+00    0 0.00e+00 100
VecNorm               44 1.0 8.8358e-03 1.6 2.27e+06 1.0 0.0e+00 0.0e+00 0.0e+00  0  0  0  0  0   0  1  0  0  0  2052    7662      0 0.00e+00    0 0.00e+00 100
VecCopy               16 1.0 4.0773e-04 1.2 0.00e+00 0.0 0.0e+00 0.0e+00 0.0e+00  0  0  0  0  0   0  0  0  0  0     0       0      0 0.00e+00    0 0.00e+00  0
VecSet                 8 1.0 1.8822e-04 1.1 0.00e+00 0.0 0.0e+00 0.0e+00 0.0e+00  0  0  0  0  0   0  0  0  0  0     0       0      0 0.00e+00    0 0.00e+00  0
VecAXPY              160 1.0 6.0155e-02 1.9 8.27e+06 1.0 0.0e+00 0.0e+00 0.0e+00  1  0  0  0  0   3  2  0  0  0  1096    1127      0 0.00e+00    0 0.00e+00 100
VecAYPX               72 1.0 2.0788e-03 1.1 3.72e+06 1.0 0.0e+00 0.0e+00 0.0e+00  0  0  0  0  0   0  1  0  0  0 14275   22016      0 0.00e+00    0 0.00e+00 100
VecAssemblyBegin     136 1.0 7.1388e-03 1.3 0.00e+00 0.0 0.0e+00 0.0e+00 0.0e+00  0  0  0  0  0   0  0  0  0  0     0       0      0 0.00e+00    0 0.00e+00  0
VecAssemblyEnd       136 1.0 5.8251e-05 1.2 0.00e+00 0.0 0.0e+00 0.0e+00 0.0e+00  0  0  0  0  0   0  0  0  0  0     0       0      0 0.00e+00    0 0.00e+00  0
VecPointwiseMult      44 1.0 7.8942e-04 1.1 1.14e+06 1.0 0.0e+00 0.0e+00 0.0e+00  0  0  0  0  0   0  0  0  0  0 11486   26691      0 0.00e+00    0 0.00e+00 100
VecReciprocal         12 1.0 2.3488e-04 1.1 0.00e+00 0.0 0.0e+00 0.0e+00 0.0e+00  0  0  0  0  0   0  0  0  0  0     0       0      0 0.00e+00    0 0.00e+00  0
VecSetValues      784962 1.0 4.8092e-02 1.0 0.00e+00 0.0 0.0e+00 0.0e+00 0.0e+00  1  0  0  0  0   3  0  0  0  0     0       0      0 0.00e+00    0 0.00e+00  0
VecScatterBegin      221 1.0 1.6796e-02 1.5 0.00e+00 0.0 6.1e+03 4.5e+03 0.0e+00  0  0  6  5  0   1  0 37 20  0     0       0      7 1.22e-01    0 0.00e+00  0
VecScatterEnd        221 1.0 1.0621e-02 2.8 0.00e+00 0.0 0.0e+00 0.0e+00 0.0e+00  0  0  0  0  0   0  0  0  0  0     0       0      0 0.00e+00    0 0.00e+00  0
SFSetGraph           113 1.0 4.7589e-04 1.1 0.00e+00 0.0 0.0e+00 0.0e+00 0.0e+00  0  0  0  0  0   0  0  0  0  0     0       0      0 0.00e+00    0 0.00e+00  0
SFSetUp              105 1.0 1.7719e-02 1.1 0.00e+00 0.0 6.2e+03 4.4e+02 0.0e+00  0  0  6  0  0   1  0 37  2  0     0       0      0 0.00e+00    0 0.00e+00  0
SFBcastBegin          59 1.0 4.9926e-03 1.1 0.00e+00 0.0 2.6e+03 1.5e+04 0.0e+00  0  0  2  7  0   0  0 16 29  0     0       0      0 0.00e+00    0 0.00e+00  0
SFBcastEnd            59 1.0 1.8800e-03 1.9 0.00e+00 0.0 0.0e+00 0.0e+00 0.0e+00  0  0  0  0  0   0  0  0  0  0     0       0      0 0.00e+00    0 0.00e+00  0
SFReduceBegin         31 1.0 1.3673e-02 3.8 0.00e+00 0.0 5.7e+02 4.3e+04 0.0e+00  0  0  1  4  0   0  0  3 18  0     0       0      0 0.00e+00    0 0.00e+00  0
SFReduceEnd           31 1.0 8.3346e-03 4.6 0.00e+00 0.0 0.0e+00 0.0e+00 0.0e+00  0  0  0  0  0   0  0  0  0  0     0       0      0 0.00e+00    0 0.00e+00  0
SFFetchOpBegin         8 1.0 1.6376e-04 2.1 0.00e+00 0.0 1.2e+02 4.0e+00 0.0e+00  0  0  0  0  0   0  0  1  0  0     0       0      0 0.00e+00    0 0.00e+00  0
SFFetchOpEnd           8 1.0 2.9661e-04 1.7 0.00e+00 0.0 1.2e+02 4.0e+00 0.0e+00  0  0  0  0  0   0  0  1  0  0     0       0      0 0.00e+00    0 0.00e+00  0
SFCreateEmbed          8 1.0 8.8852e-04 1.2 0.00e+00 0.0 3.4e+02 1.8e+02 0.0e+00  0  0  0  0  0   0  0  2  0  0     0       0      0 0.00e+00    0 0.00e+00  0
SFSectionSF            8 1.0 2.3440e-03 1.0 0.00e+00 0.0 6.8e+02 1.2e+03 0.0e+00  0  0  1  0  0   0  0  4  1  0     0       0      0 0.00e+00    0 0.00e+00  0
SFRemoteOff            8 1.0 1.7149e-03 1.1 0.00e+00 0.0 6.8e+02 4.5e+02 0.0e+00  0  0  1  0  0   0  0  4  0  0     0       0      0 0.00e+00    0 0.00e+00  0
SFPack               319 1.0 3.7534e-03 1.0 0.00e+00 0.0 0.0e+00 0.0e+00 0.0e+00  0  0  0  0  0   0  0  0  0  0     0       0      3 1.53e-02    0 0.00e+00  0
SFUnpack             327 1.0 5.3512e-05 1.1 0.00e+00 0.0 0.0e+00 0.0e+00 0.0e+00  0  0  0  0  0   0  0  0  0  0     0       0      0 0.00e+00    0 0.00e+00  0

--- Event Stage 2: Solve

MatMult              687 1.0 8.9707e-02 1.1 2.64e+09 1.0 2.2e+04 5.5e+03 0.0e+00  2 26 21 21  0  38 84 75 95  0 232880   491643      1 0.00e+00    0 0.00e+00 100
MatMultAdd           120 1.0 1.8340e-02 1.2 1.59e+08 1.0 3.7e+03 9.4e+02 0.0e+00  0  2  3  1  0   8  5 12  3  0 69146   281236      0 0.00e+00    0 0.00e+00 100
MatMultTranspose     120 1.0 1.9085e-02 1.1 1.59e+08 1.0 3.7e+03 9.4e+02 0.0e+00  1  2  3  1  0   8  5 12  3  0 66468   195316      2 7.17e-03    0 0.00e+00 100
MatResidual          120 1.0 2.0355e-02 1.1 5.50e+08 1.0 5.1e+03 5.0e+03 0.0e+00  1  5  5  4  0   9 17 17 20  0 213522   477249      0 0.00e+00    0 0.00e+00 100
KSPSolve               1 1.0 2.1940e-01 1.0 3.14e+09 1.0 2.9e+04 4.3e+03 0.0e+00  6 31 28 22  0 100 100 100 100  0 113394   265345      3 7.17e-03    0 0.00e+00 100
PCApply               30 1.0 2.0236e-01 1.0 2.64e+09 1.0 2.8e+04 3.9e+03 0.0e+00  6 26 26 19  0  92 84 94 86  0 103224   245636      3 7.17e-03    0 0.00e+00 100
VecTDot              476 1.0 2.9274e-02 1.2 1.22e+07 1.0 0.0e+00 0.0e+00 0.0e+00  1  0  0  0  0  13  0  0  0  0  3331    9577      0 0.00e+00    0 0.00e+00 100
VecNorm              238 1.0 2.7244e-02 1.5 6.10e+06 1.0 0.0e+00 0.0e+00 0.0e+00  1  0  0  0  0  11  0  0  0  0  1790    5029      0 0.00e+00    0 0.00e+00 100
VecCopy              422 1.0 7.6460e-03 1.2 0.00e+00 0.0 0.0e+00 0.0e+00 0.0e+00  0  0  0  0  0   3  0  0  0  0     0       0      0 0.00e+00    0 0.00e+00  0
VecSet               151 1.0 2.4940e-03 1.1 0.00e+00 0.0 0.0e+00 0.0e+00 0.0e+00  0  0  0  0  0   1  0  0  0  0     0       0      0 0.00e+00    0 0.00e+00  0
VecAXPY              414 1.0 6.7059e-03 1.3 1.18e+07 1.0 0.0e+00 0.0e+00 0.0e+00  0  0  0  0  0   3  0  0  0  0 14074   38181      0 0.00e+00    0 0.00e+00 100
VecAYPX              896 1.0 1.5682e-02 1.1 4.29e+07 1.0 0.0e+00 0.0e+00 0.0e+00  0  0  0  0  0   7  1  0  0  0 21831   53430      0 0.00e+00    0 0.00e+00 100
VecAXPBYCZ           240 1.0 4.3934e-03 1.1 3.10e+07 1.0 0.0e+00 0.0e+00 0.0e+00  0  0  0  0  0   2  1  0  0  0 56287   127681      0 0.00e+00    0 0.00e+00 100
VecPointwiseMult     207 1.0 3.4340e-03 1.4 1.24e+03 0.0 0.0e+00 0.0e+00 0.0e+00  0  0  0  0  0   1  0  0  0  0     0       1      0 0.00e+00    0 0.00e+00 100
VecReciprocal          1 1.0 1.7664e-05 1.5 0.00e+00 0.0 0.0e+00 0.0e+00 0.0e+00  0  0  0  0  0   0  0  0  0  0     0       0      0 0.00e+00    0 0.00e+00  0
VecScatterBegin      927 1.0 3.8262e-02 1.4 0.00e+00 0.0 2.9e+04 4.3e+03 0.0e+00  1  0 28 22  0  14  0 100 100  0     0       0      1 0.00e+00    0 0.00e+00  0
VecScatterEnd        927 1.0 2.4301e-02 2.0 6.25e+04 1.4 0.0e+00 0.0e+00 0.0e+00  1  0  0  0  0   9  0  0  0  0    18       0      2 7.17e-03    0 0.00e+00 100
SFPack               927 1.0 1.6648e-03 1.1 0.00e+00 0.0 0.0e+00 0.0e+00 0.0e+00  0  0  0  0  0   1  0  0  0  0     0       0      0 0.00e+00    0 0.00e+00  0
SFUnpack             927 1.0 8.2391e-04 1.7 6.25e+04 1.4 0.0e+00 0.0e+00 0.0e+00  0  0  0  0  0   0  0  0  0  0   522       0      2 7.17e-03    0 0.00e+00 100

--- Event Stage 3: 2nd Setup

MatMult               40 1.0 6.4285e-03 1.0 1.81e+08 1.0 1.7e+03 5.0e+03 0.0e+00  0  2  2  1  0  15 87 93 27  0 222800   515161      0 0.00e+00    0 0.00e+00 100
MatScale               1 1.0 1.5880e-04 1.2 7.72e+06 1.0 0.0e+00 0.0e+00 0.0e+00  0  0  0  0  0   0  4  0  0  0 388739   661328      0 0.00e+00    0 0.00e+00 100
MatAssemblyBegin       4 1.0 7.6200e-07 1.7 0.00e+00 0.0 0.0e+00 0.0e+00 0.0e+00  0  0  0  0  0   0  0  0  0  0     0       0      0 0.00e+00    0 0.00e+00  0
MatAssemblyEnd         4 1.0 2.5250e-06 1.3 0.00e+00 0.0 0.0e+00 0.0e+00 0.0e+00  0  0  0  0  0   0  0  0  0  0     0       0      0 0.00e+00    0 0.00e+00  0
MatPtAPNumeric         4 1.0 9.9732e-03 1.0 0.00e+00 0.0 1.2e+02 1.9e+05 0.0e+00  0  0  0  4  0  24  0  7 73  0     0       0      0 0.00e+00    0 0.00e+00  0
MatSetValuesCOO        4 1.0 2.2805e-03 4.1 0.00e+00 0.0 1.2e+02 1.9e+05 0.0e+00  0  0  0  4  0   4  0  7 73  0     0       0      0 0.00e+00    0 0.00e+00  0
KSPSetUp               1 1.0 2.1000e-07 1.9 0.00e+00 0.0 0.0e+00 0.0e+00 0.0e+00  0  0  0  0  0   0  0  0  0  0     0       0      0 0.00e+00    0 0.00e+00  0
PCSetUp_GAMG+          1 1.0 4.1200e-02 1.0 2.02e+08 1.0 1.8e+03 1.8e+04 0.0e+00  1  2  2  6  0 100 96 100 100  0 38665   91775      4 2.59e+00    5 6.77e+01 100
PCGAMG Gal l00         1 1.0 3.6789e-03 1.0 0.00e+00 0.0 5.1e+01 2.6e+05 0.0e+00  0  0  0  2  0   9  0  3 41  0     0       0      0 0.00e+00    0 0.00e+00  0
PCGAMG Gal l01         1 1.0 4.8419e-03 1.0 0.00e+00 0.0 5.6e+01 1.7e+05 0.0e+00  0  0  0  2  0  12  0  3 30  0     0       0      0 0.00e+00    0 0.00e+00  0
PCGAMG Gal l02         1 1.0 1.3959e-03 1.2 0.00e+00 0.0 1.4e+01 4.9e+04 0.0e+00  0  0  0  0  0   3  0  1  2  0     0       0      0 0.00e+00    0 0.00e+00  0
PCGAMG Gal l03         1 1.0 1.3896e-04 1.5 0.00e+00 0.0 1.0e+00 2.9e+02 0.0e+00  0  0  0  0  0   0  0  0  0  0     0       0      0 0.00e+00    0 0.00e+00  0
PCSetUp                1 1.0 4.1202e-02 1.0 2.02e+08 1.0 1.8e+03 1.8e+04 0.0e+00  1  2  2  6  0 100 96 100 100  0 38664   91775      4 2.59e+00    5 6.77e+01 100
VecTDot               92 1.0 6.0600e-03 1.1 4.75e+06 1.0 0.0e+00 0.0e+00 0.0e+00  0  0  0  0  0  14  2  0  0  0  6257   17567      0 0.00e+00    0 0.00e+00 100
VecNorm               44 1.0 5.1210e-03 1.3 2.27e+06 1.0 0.0e+00 0.0e+00 0.0e+00  0  0  0  0  0  11  1  0  0  0  3541   10264      0 0.00e+00    0 0.00e+00 100
VecCopy                8 1.0 1.8065e-04 1.1 0.00e+00 0.0 0.0e+00 0.0e+00 0.0e+00  0  0  0  0  0   0  0  0  0  0     0       0      0 0.00e+00    0 0.00e+00  0
VecSet                 4 1.0 1.1715e-04 1.2 0.00e+00 0.0 0.0e+00 0.0e+00 0.0e+00  0  0  0  0  0   0  0  0  0  0     0       0      0 0.00e+00    0 0.00e+00  0
VecAXPY               80 1.0 1.3300e-03 1.1 4.13e+06 1.0 0.0e+00 0.0e+00 0.0e+00  0  0  0  0  0   3  2  0  0  0 24791   64482      0 0.00e+00    0 0.00e+00 100
VecAYPX               36 1.0 6.5464e-04 1.1 1.86e+06 1.0 0.0e+00 0.0e+00 0.0e+00  0  0  0  0  0   1  1  0  0  0 22665   53461      0 0.00e+00    0 0.00e+00 100
VecReciprocal          1 1.0 1.7424e-05 1.4 0.00e+00 0.0 0.0e+00 0.0e+00 0.0e+00  0  0  0  0  0   0  0  0  0  0     0       0      0 0.00e+00    0 0.00e+00  0
VecScatterBegin       40 1.0 1.9231e-03 1.5 0.00e+00 0.0 1.7e+03 5.0e+03 0.0e+00  0  0  2  1  0   4  0 93 27  0     0       0      0 0.00e+00    0 0.00e+00  0
VecScatterEnd         40 1.0 1.4205e-03 1.5 0.00e+00 0.0 0.0e+00 0.0e+00 0.0e+00  0  0  0  0  0   3  0  0  0  0     0       0      0 0.00e+00    0 0.00e+00  0
SFReduceBegin          4 1.0 1.3619e-04 1.9 0.00e+00 0.0 1.2e+02 1.9e+05 0.0e+00  0  0  0  4  0   0  0  7 73  0     0       0      0 0.00e+00    0 0.00e+00  0
SFReduceEnd            4 1.0 2.0517e-03 7.4 0.00e+00 0.0 0.0e+00 0.0e+00 0.0e+00  0  0  0  0  0   3  0  0  0  0     0       0      0 0.00e+00    0 0.00e+00  0
SFPack                44 1.0 1.2275e-04 1.2 0.00e+00 0.0 0.0e+00 0.0e+00 0.0e+00  0  0  0  0  0   0  0  0  0  0     0       0      0 0.00e+00    0 0.00e+00  0
SFUnpack              44 1.0 6.1360e-06 1.3 0.00e+00 0.0 0.0e+00 0.0e+00 0.0e+00  0  0  0  0  0   0  0  0  0  0     0       0      0 0.00e+00    0 0.00e+00  0

--- Event Stage 4: 2nd Solve

MatMult              687 1.0 9.0102e-02 1.1 2.64e+09 1.0 2.2e+04 5.5e+03 0.0e+00  2 26 21 21  0  39 84 75 95  0 231861   492929      0 0.00e+00    0 0.00e+00 100
MatMultAdd           120 1.0 1.7916e-02 1.2 1.59e+08 1.0 3.7e+03 9.4e+02 0.0e+00  0  2  3  1  0   8  5 12  3  0 70783   284252      0 0.00e+00    0 0.00e+00 100
MatMultTranspose     120 1.0 1.6458e-02 1.2 1.59e+08 1.0 3.7e+03 9.4e+02 0.0e+00  0  2  3  1  0   7  5 12  3  0 77079   197789      0 0.00e+00    0 0.00e+00 100
MatResidual          120 1.0 2.0697e-02 1.1 5.50e+08 1.0 5.1e+03 5.0e+03 0.0e+00  1  5  5  4  0   9 17 17 20  0 209992   475481      0 0.00e+00    0 0.00e+00 100
KSPSolve               1 1.0 2.1616e-01 1.0 3.14e+09 1.0 2.9e+04 4.3e+03 0.0e+00  6 31 28 22  0 100 100 100 100  0 115096   266024      0 0.00e+00    0 0.00e+00 100
PCApply               30 1.0 1.9898e-01 1.0 2.64e+09 1.0 2.8e+04 3.9e+03 0.0e+00  6 26 26 19  0  92 84 94 86  0 104976   245871      0 0.00e+00    0 0.00e+00 100
VecTDot              476 1.0 3.0012e-02 1.2 1.22e+07 1.0 0.0e+00 0.0e+00 0.0e+00  1  0  0  0  0  13  0  0  0  0  3249    9606      0 0.00e+00    0 0.00e+00 100
VecNorm              238 1.0 2.6890e-02 1.5 6.10e+06 1.0 0.0e+00 0.0e+00 0.0e+00  1  0  0  0  0  11  0  0  0  0  1813    4864      0 0.00e+00    0 0.00e+00 100
VecCopy              422 1.0 7.5710e-03 1.2 0.00e+00 0.0 0.0e+00 0.0e+00 0.0e+00  0  0  0  0  0   3  0  0  0  0     0       0      0 0.00e+00    0 0.00e+00  0
VecSet               151 1.0 2.4843e-03 1.1 0.00e+00 0.0 0.0e+00 0.0e+00 0.0e+00  0  0  0  0  0   1  0  0  0  0     0       0      0 0.00e+00    0 0.00e+00  0
VecAXPY              414 1.0 6.7794e-03 1.3 1.18e+07 1.0 0.0e+00 0.0e+00 0.0e+00  0  0  0  0  0   3  0  0  0  0 13921   37925      0 0.00e+00    0 0.00e+00 100
VecAYPX              896 1.0 1.5733e-02 1.1 4.29e+07 1.0 0.0e+00 0.0e+00 0.0e+00  0  0  0  0  0   7  1  0  0  0 21760   53533      0 0.00e+00    0 0.00e+00 100
VecAXPBYCZ           240 1.0 4.1829e-03 1.1 3.10e+07 1.0 0.0e+00 0.0e+00 0.0e+00  0  0  0  0  0   2  1  0  0  0 59118   145027      0 0.00e+00    0 0.00e+00 100
VecPointwiseMult     207 1.0 3.4680e-03 1.4 1.24e+03 0.0 0.0e+00 0.0e+00 0.0e+00  0  0  0  0  0   1  0  0  0  0     0       1      0 0.00e+00    0 0.00e+00 100
VecScatterBegin      927 1.0 3.4682e-02 1.4 0.00e+00 0.0 2.9e+04 4.3e+03 0.0e+00  1  0 28 22  0  13  0 100 100  0     0       0      0 0.00e+00    0 0.00e+00  0
VecScatterEnd        927 1.0 2.4611e-02 1.9 6.25e+04 1.4 0.0e+00 0.0e+00 0.0e+00  1  0  0  0  0   9  0  0  0  0    17       0      0 0.00e+00    0 0.00e+00 100
SFPack               927 1.0 1.6818e-03 1.1 0.00e+00 0.0 0.0e+00 0.0e+00 0.0e+00  0  0  0  0  0   1  0  0  0  0     0       0      0 0.00e+00    0 0.00e+00  0
SFUnpack             927 1.0 6.7948e-04 1.7 6.25e+04 1.4 0.0e+00 0.0e+00 0.0e+00  0  0  0  0  0   0  0  0  0  0   633       0      0 0.00e+00    0 0.00e+00 100

--- Event Stage 5: 3rd Setup


--- Event Stage 6: 3rd Solve

MatMult              687 1.0 8.8623e-02 1.1 2.64e+09 1.0 2.2e+04 5.5e+03 0.0e+00  2 26 21 21  0  39 84 75 95  0 235729   493996      0 0.00e+00    0 0.00e+00 100
MatMultAdd           120 1.0 1.7830e-02 1.2 1.59e+08 1.0 3.7e+03 9.4e+02 0.0e+00  0  2  3  1  0   8  5 12  3  0 71125   283483      0 0.00e+00    0 0.00e+00 100
MatMultTranspose     120 1.0 1.6105e-02 1.1 1.59e+08 1.0 3.7e+03 9.4e+02 0.0e+00  0  2  3  1  0   7  5 12  3  0 78768   197968      0 0.00e+00    0 0.00e+00 100
MatScale               1 1.0 1.1263e-04 1.0 7.72e+06 1.0 0.0e+00 0.0e+00 0.0e+00  0  0  0  0  0   0  0  0  0  0 548096   670290      0 0.00e+00    0 0.00e+00 100
MatResidual          120 1.0 2.0146e-02 1.1 5.50e+08 1.0 5.1e+03 5.0e+03 0.0e+00  1  5  5  4  0   9 17 17 20  0 215733   477252      0 0.00e+00    0 0.00e+00 100
KSPSolve               1 1.0 2.1333e-01 1.0 3.14e+09 1.0 2.9e+04 4.3e+03 0.0e+00  6 31 28 22  0 100 100 100 100  0 116622   267082      0 0.00e+00    0 0.00e+00 100
PCApply               30 1.0 1.9660e-01 1.0 2.64e+09 1.0 2.8e+04 3.9e+03 0.0e+00  6 26 26 19  0  92 84 94 86  0 106248   246927      0 0.00e+00    0 0.00e+00 100
VecTDot              476 1.0 2.9142e-02 1.2 1.22e+07 1.0 0.0e+00 0.0e+00 0.0e+00  1  0  0  0  0  13  0  0  0  0  3346    9688      0 0.00e+00    0 0.00e+00 100
VecNorm              238 1.0 2.6172e-02 1.5 6.10e+06 1.0 0.0e+00 0.0e+00 0.0e+00  1  0  0  0  0  11  0  0  0  0  1863    4911      0 0.00e+00    0 0.00e+00 100
VecCopy              422 1.0 7.5369e-03 1.2 0.00e+00 0.0 0.0e+00 0.0e+00 0.0e+00  0  0  0  0  0   3  0  0  0  0     0       0      0 0.00e+00    0 0.00e+00  0
VecSet               151 1.0 2.4713e-03 1.1 0.00e+00 0.0 0.0e+00 0.0e+00 0.0e+00  0  0  0  0  0   1  0  0  0  0     0       0      0 0.00e+00    0 0.00e+00  0
VecAXPY              414 1.0 6.6991e-03 1.3 1.18e+07 1.0 0.0e+00 0.0e+00 0.0e+00  0  0  0  0  0   3  0  0  0  0 14088   38208      0 0.00e+00    0 0.00e+00 100
VecAYPX              896 1.0 1.5631e-02 1.1 4.29e+07 1.0 0.0e+00 0.0e+00 0.0e+00  0  0  0  0  0   7  1  0  0  0 21903   53796      0 0.00e+00    0 0.00e+00 100
VecAXPBYCZ           240 1.0 4.1797e-03 1.1 3.10e+07 1.0 0.0e+00 0.0e+00 0.0e+00  0  0  0  0  0   2  1  0  0  0 59164   145253      0 0.00e+00    0 0.00e+00 100
VecPointwiseMult     207 1.0 3.4294e-03 1.4 1.24e+03 0.0 0.0e+00 0.0e+00 0.0e+00  0  0  0  0  0   1  0  0  0  0     0       1      0 0.00e+00    0 0.00e+00 100
VecScatterBegin      927 1.0 3.4385e-02 1.4 0.00e+00 0.0 2.9e+04 4.3e+03 0.0e+00  1  0 28 22  0  13  0 100 100  0     0       0      0 0.00e+00    0 0.00e+00  0
VecScatterEnd        927 1.0 2.3848e-02 2.0 6.25e+04 1.4 0.0e+00 0.0e+00 0.0e+00  1  0  0  0  0   9  0  0  0  0    18       0      0 0.00e+00    0 0.00e+00 100
SFPack               927 1.0 1.6691e-03 1.1 0.00e+00 0.0 0.0e+00 0.0e+00 0.0e+00  0  0  0  0  0   1  0  0  0  0     0       0      0 0.00e+00    0 0.00e+00  0
SFUnpack             927 1.0 6.7545e-04 1.7 6.25e+04 1.4 0.0e+00 0.0e+00 0.0e+00  0  0  0  0  0   0  0  0  0  0   637       0      0 0.00e+00    0 0.00e+00 100
---------------------------------------------------------------------------------------------------------------------------------------------------------------

Object Type          Creations   Destructions. Reports information only for process 0.

--- Event Stage 0: Main Stage

           Container     4             12
       Krylov Solver     1             10
              Matrix     6             58
      Matrix Coarsen     0              1
   Matrix Null Space     1              1
      Preconditioner     1              6
              Viewer     1              1
  PetscDeviceContext     1              0
              Vector    12             63
           Index Set     2              2
   Star Forest Graph     1             25
    Distributed Mesh     0              4
     Discrete System     0              4
           Weak Form     0              4

--- Event Stage 1: Setup

           Container    37             29
       Krylov Solver    13              4
              Matrix   323            271
      Matrix Coarsen     4              3
      Preconditioner    13              8
              Vector   358            308
           Index Set   149            149
             Section    16             16
   Star Forest Graph   113             97
         PetscRandom     4              4

--- Event Stage 2: Solve

              Vector     1              0
   Star Forest Graph     8              0
    Distributed Mesh     4              0
     Discrete System     4              0
           Weak Form     4              0

--- Event Stage 3: 2nd Setup

              Vector    12             12

--- Event Stage 4: 2nd Solve


--- Event Stage 5: 3rd Setup


--- Event Stage 6: 3rd Solve

========================================================================================================================
Average time to get PetscTime(): 3.11e-08
Average time for MPI_Barrier(): 1.5574e-05
Average time for zero size MPI_Send(): 1.89204e-05
#PETSc Option Table entries:
-alpha 1.e-3 # (source: command line)
-ksp_converged_reason # (source: command line)
-ksp_norm_type unpreconditioned # (source: command line)
-ksp_rtol 1e-6 # (source: command line)
-ksp_type cg # (source: command line)
-log_view # (source: command line)
-log_view_gpu_time # (source: command line)
-mat_type mpibaijkokkos # (source: command line)
-mg_coarse_ksp_type cg # (source: command line)
-mg_coarse_pc_type jacobi # (source: command line)
-mg_levels_ksp_type chebyshev # (source: command line)
-mg_levels_pc_type pbjacobi # (source: command line)
-ne 63 # (source: command line)
-pc_gamg_agg_nsmooths 1 # (source: command line)
-pc_gamg_coarse_eq_limit 20 # (source: command line)
-pc_gamg_parallel_coarse_grid_solver # (source: command line)
-pc_gamg_reuse_interpolation true # (source: command line)
-pc_gamg_type agg # (source: command line)
-pc_type gamg # (source: command line)
-two_solves # (source: command line)
-use_mat_nearnullspace # (source: command line)
#End of PETSc Option Table entries
Compiled without FORTRAN kernels
Compiled with full precision matrices (default)
sizeof(short) 2 sizeof(int) 4 sizeof(long) 8 sizeof(void*) 8 sizeof(PetscScalar) 8 sizeof(PetscInt) 4
Configure options: --with-make-np=8 --with-mpiexec="srun -G4 --gpu-bind=none" --with-batch=0 --download-triangle=1 --with-cc=cc --with-cxx=CC --with-fc=0 --with-debugging=0 --with-cuda=1 --with-cuda-arch=80 --download-kokkos --download-kokkos-kernels --force PETSC_ARCH=arch-perlmutter-opt-gcc-kokkos-cuda
-----------------------------------------
Libraries compiled on 2026-06-22 11:34:59 on login15
Machine characteristics: Linux-6.4.0-150600.23.103_15.0.24-cray_shasta_c-x86_64-with-glibc2.3.4
Using PETSc directory: /global/u2/m/madams/petsc
Using PETSc arch: arch-perlmutter-opt-gcc-kokkos-cuda
-----------------------------------------

Using C compiler: cc  -fPIC -Wall -Wwrite-strings -Wno-unknown-pragmas -Wno-lto-type-mismatch -Wno-stringop-overflow -fstack-protector -fvisibility=hidden -g -O 
-----------------------------------------

Using include paths: -I/global/u2/m/madams/petsc/include -I/global/u2/m/madams/petsc/arch-perlmutter-opt-gcc-kokkos-cuda/include -I/opt/nvidia/hpc_sdk/Linux_x86_64/25.5/cuda/12.9/include -I/opt/nvidia/hpc_sdk/Linux_x86_64/25.5/math_libs/12.9/include
-----------------------------------------

Using C linker: cc
Using libraries: -Wl,-rpath,/global/u2/m/madams/petsc/arch-perlmutter-opt-gcc-kokkos-cuda/lib -L/global/u2/m/madams/petsc/arch-perlmutter-opt-gcc-kokkos-cuda/lib -lpetsc -Wl,-rpath,/global/u2/m/madams/petsc/arch-perlmutter-opt-gcc-kokkos-cuda/lib -L/global/u2/m/madams/petsc/arch-perlmutter-opt-gcc-kokkos-cuda/lib -Wl,-rpath,/opt/nvidia/hpc_sdk/Linux_x86_64/25.5/cuda/12.9/lib64 -L/opt/nvidia/hpc_sdk/Linux_x86_64/25.5/cuda/12.9/lib64 -Wl,-rpath,/opt/nvidia/hpc_sdk/Linux_x86_64/25.5/math_libs/12.9/lib64 -L/opt/nvidia/hpc_sdk/Linux_x86_64/25.5/math_libs/12.9/lib64 -L/opt/nvidia/hpc_sdk/Linux_x86_64/25.5/cuda/12.9/lib64/stubs -lkokkoskernels -lkokkoscontainers -lkokkoscore -lkokkossimd -ltriangle -lcudart -lnvtx3interop -lcufft -lcublas -lcusparse -lcusolver -lcurand -lcuda -lnvidia-ml -lX11 -lstdc++ -lquadmath
-----------------------------------------

  Linear solve converged due to CONVERGED_RTOL iterations 30
  Linear solve converged due to CONVERGED_RTOL iterations 30
  Linear solve converged due to CONVERGED_RTOL iterations 30
[0]main |b-Ax|/|b|=7.613408e-07, |b|=2.222509e+00, emax=9.989586e-01
****************************************************************************************************************************************************************
***                                WIDEN YOUR WINDOW TO 160 CHARACTERS.  Use 'enscript -r -fCourier9' to print this document                                 ***
****************************************************************************************************************************************************************

------------------------------------------------------------------ PETSc Performance Summary: ------------------------------------------------------------------

/global/homes/m/madams/petsc/arch-perlmutter-opt-gcc-kokkos-cuda/tests/ksp/ksp/tutorials/ex56 on a arch-perlmutter-opt-gcc-kokkos-cuda named nid001161 with 8 processes and CUDA architecture 80, by madams on Mon Jun 22 08:03:03 2026
Using PETSc Development Git Revision: v3.25.2-340-g83d2bd4a8b4 Git Date: 2026-06-21 14:23:19 -0400

                         Max       Max/Min     Avg       Total
Time (sec):           5.447e+00     1.000   5.447e+00
Objects:              0.000e+00     0.000   0.000e+00
Flops:                1.007e+10     1.020   9.974e+09  7.979e+10
Flops/sec:            1.849e+09     1.020   1.831e+09  1.465e+10
MPI Msg Count:        1.680e+04     1.274   1.394e+04  1.116e+05
MPI Msg Len (bytes):  8.464e+07     1.039   5.957e+03  6.645e+08
MPI Reductions:       1.380e+02     1.000

Flop counting convention: 1 flop = 1 real number operation of type (multiply/divide/add/subtract)
                            e.g., VecAXPY() for real vectors of length N --> 2N flops
                            and VecAXPY() for complex vectors of length N --> 8N flops

Summary of Stages:   ----- Time ------  ----- Flop ------  --- Messages ---  -- Message Lengths --  -- Reductions --
                        Avg     %Total     Avg     %Total    Count   %Total     Avg         %Total    Count   %Total
 0:      Main Stage: 1.0533e+00  19.3%  2.5385e+08   0.3%  2.630e+02   0.2%  1.234e+05        4.9%  9.000e+00   6.5%
 1:           Setup: 3.8152e+00  70.0%  3.1816e+09   4.0%  1.293e+04  11.6%  1.419e+04       27.6%  1.120e+02  81.2%
 2:           Solve: 2.3028e-01   4.2%  2.4879e+10  31.2%  3.208e+04  28.8%  3.991e+03       19.3%  0.000e+00   0.0%
 3:       2nd Setup: 4.9286e-02   0.9%  1.6548e+09   2.1%  2.124e+03   1.9%  3.038e+04        9.7%  0.000e+00   0.0%
 4:       2nd Solve: 1.4909e-01   2.7%  2.4879e+10  31.2%  3.208e+04  28.8%  3.991e+03       19.3%  0.000e+00   0.0%
 5:       3rd Setup: 3.6700e-07   0.0%  0.0000e+00   0.0%  0.000e+00   0.0%  0.000e+00        0.0%  0.000e+00   0.0%
 6:       3rd Solve: 1.4961e-01   2.7%  2.4941e+10  31.3%  3.208e+04  28.8%  3.991e+03       19.3%  0.000e+00   0.0%

------------------------------------------------------------------------------------------------------------------------
See the 'Profiling' chapter of the users' manual for details on interpreting output.
Phase summary info:
   Count: number of times phase was executed
   Time and Flop: Max - maximum over all processes
                  Ratio - ratio of maximum to minimum over all processes
   Mess: number of messages sent
   AvgLen: average message length (bytes)
   Reduct: number of global reductions
   Global: entire computation
   Stage: stages of a computation. Set stages with PetscLogStagePush() and PetscLogStagePop().
      %T - percent time in this phase         %F - percent flop in this phase
      %M - percent messages in this phase     %L - percent message lengths in this phase
      %R - percent reductions in this phase
   Total Mflop/s: 1e-6 * (sum of flop over all processes)/(max time over all processes)
   GPU Mflop/s: 1e-6 * (sum of flop on GPU over all processes)/(max GPU time over all processes)
   CpuToGpu Count: total number of CPU to GPU copies per processor
   CpuToGpu Size (Mbytes): 1e-6 * (total size of CPU to GPU copies per processor)
   GpuToCpu Count: total number of GPU to CPU copies per processor
   GpuToCpu Size (Mbytes): 1e-6 * (total size of GPU to CPU copies per processor)
   GPU %F: percent flops on GPU in this event
------------------------------------------------------------------------------------------------------------------------
Event                Count      Time (sec)     Flop                              --- Global ---  --- Stage ----  Total   GPU    - CpuToGpu -   - GpuToCpu - GPU
                   Max Ratio  Max     Ratio   Max  Ratio  Mess   AvgLen  Reduct  %T %F %M %L %R  %T %F %M %L %R Mflop/s Mflop/s Count   Size   Count   Size  %F
---------------------------------------------------------------------------------------------------------------------------------------------------------------

--- Event Stage 0: Main Stage

BuildTwoSided          3 1.0 7.1016e-02 182.5 0.00e+00 0.0 9.4e+01 5.6e+00 0.0e+00  1  0  0  0  0   3  0 36  0  0     0       0      0 0.00e+00    0 0.00e+00  0
BuildTwoSidedF         2 1.0 7.3784e-02 139.9 0.00e+00 0.0 9.5e+01 3.3e+05 0.0e+00  1  0  0  5  0   3  0 36 97  0     0       0      0 0.00e+00    0 0.00e+00  0
MatMult                1 1.0 2.4468e-04 1.9 1.54e+07 1.0 5.6e+01 1.1e+04 0.0e+00  0  0  0  0  0   0 49 21  2  0 504579       0      0 0.00e+00    0 0.00e+00 100
MatAssemblyBegin       1 1.0 7.3121e-02 1.6 0.00e+00 0.0 3.8e+01 8.2e+05 0.0e+00  1  0  0  5  0   6  0 14 96  0     0       0      0 0.00e+00    0 0.00e+00  0
MatAssemblyEnd         1 1.0 3.8913e-02 1.1 2.46e+05 0.0 1.1e+02 2.7e+03 1.0e+00  1  0  0  0  1   4  0 43  1 11    25       0      0 0.00e+00    0 0.00e+00  0
DCtxCreate             1 1.0 4.5198e-05 1.9 0.00e+00 0.0 0.0e+00 0.0e+00 0.0e+00  0  0  0  0  0   0  0  0  0  0     0       0      0 0.00e+00    0 0.00e+00  0
DCtxDestroy            1 1.0 2.7162e-05 1.1 0.00e+00 0.0 0.0e+00 0.0e+00 0.0e+00  0  0  0  0  0   0  0  0  0  0     0       0      0 0.00e+00    0 0.00e+00  0
DCtxSetUp              1 1.0 8.9470e-06 1.2 0.00e+00 0.0 0.0e+00 0.0e+00 0.0e+00  0  0  0  0  0   0  0  0  0  0     0       0      0 0.00e+00    0 0.00e+00  0
DCtxSetDevice          1 1.0 1.3707e-05 1.2 0.00e+00 0.0 0.0e+00 0.0e+00 0.0e+00  0  0  0  0  0   0  0  0  0  0     0       0      0 0.00e+00    0 0.00e+00  0
VecMDot                3 1.0 8.1825e-04 1.4 2.36e+06 1.0 0.0e+00 0.0e+00 0.0e+00  0  0  0  0  0   0  7  0  0  0 23067       0      0 0.00e+00    0 0.00e+00  0
VecNorm                5 1.0 5.7409e-04 1.7 9.83e+05 1.0 0.0e+00 0.0e+00 0.0e+00  0  0  0  0  0   0  3  0  0  0 13699       0      0 0.00e+00    0 0.00e+00 40
VecScale               3 1.0 4.8253e-05 1.1 2.95e+05 1.0 0.0e+00 0.0e+00 0.0e+00  0  0  0  0  0   0  1  0  0  0 48894       0      0 0.00e+00    0 0.00e+00  0
VecAXPY                1 1.0 4.8700e-06 1.1 1.97e+05 1.0 0.0e+00 0.0e+00 0.0e+00  0  0  0  0  0   0  1  0  0  0 322970       0      0 0.00e+00    0 0.00e+00 100
VecMAXPY               3 1.0 3.1421e-04 1.1 2.36e+06 1.0 0.0e+00 0.0e+00 0.0e+00  0  0  0  0  0   0  7  0  0  0 60070       0      0 0.00e+00    0 0.00e+00  0
VecAssemblyBegin       1 1.0 7.1803e-04 1.2 0.00e+00 0.0 5.7e+01 6.1e+03 0.0e+00  0  0  0  0  0   0  0 22  1  0     0       0      0 0.00e+00    0 0.00e+00  0
VecAssemblyEnd         1 1.0 7.2390e-05 2.6 0.00e+00 0.0 0.0e+00 0.0e+00 0.0e+00  0  0  0  0  0   0  0  0  0  0     0       0      0 0.00e+00    0 0.00e+00  0
VecScatterBegin        1 1.0 8.4563e-05 1.7 0.00e+00 0.0 5.6e+01 1.1e+04 0.0e+00  0  0  0  0  0   0  0 21  2  0     0       0      0 0.00e+00    0 0.00e+00  0
VecScatterEnd          1 1.0 1.4127e-04 19.9 0.00e+00 0.0 0.0e+00 0.0e+00 0.0e+00  0  0  0  0  0   0  0  0  0  0     0       0      0 0.00e+00    0 0.00e+00  0
VecNormalize           3 1.0 2.2730e-04 1.2 8.85e+05 1.0 0.0e+00 0.0e+00 0.0e+00  0  0  0  0  0   0  3  0  0  0 31139       0      0 0.00e+00    0 0.00e+00  0
SFSetGraph             1 1.0 8.1307e-05 1.2 0.00e+00 0.0 0.0e+00 0.0e+00 0.0e+00  0  0  0  0  0   0  0  0  0  0     0       0      0 0.00e+00    0 0.00e+00  0
SFSetUp                1 1.0 4.9603e-04 1.2 0.00e+00 0.0 1.1e+02 2.7e+03 0.0e+00  0  0  0  0  0   0  0 43  1  0     0       0      0 0.00e+00    0 0.00e+00  0
SFPack                 1 1.0 6.9130e-06 1.3 0.00e+00 0.0 0.0e+00 0.0e+00 0.0e+00  0  0  0  0  0   0  0  0  0  0     0       0      0 0.00e+00    0 0.00e+00  0
SFUnpack               1 1.0 1.9000e-07 1.6 0.00e+00 0.0 0.0e+00 0.0e+00 0.0e+00  0  0  0  0  0   0  0  0  0  0     0       0      0 0.00e+00    0 0.00e+00  0

--- Event Stage 1: Setup

BuildTwoSided        207 1.0 5.3624e-02 1.3 0.00e+00 0.0 1.7e+03 4.0e+00 0.0e+00  1  0  2  0  0   1  0 13  0  0     0       0      0 0.00e+00    0 0.00e+00  0
BuildTwoSidedF       153 1.0 4.3679e-02 1.3 0.00e+00 0.0 2.7e+02 7.7e+03 0.0e+00  1  0  0  0  0   1  0  2  1  0     0       0      0 0.00e+00    0 0.00e+00  0
MatMult               80 1.0 1.2350e-01 1.0 3.63e+08 1.0 3.6e+03 4.7e+03 0.0e+00  2  4  3  3  0   3 90 28  9  0 23194       0      4 1.94e+00    0 0.00e+00 100
MatScale              12 1.0 4.3708e-02 1.6 7.09e+06 1.0 1.7e+02 1.4e+03 0.0e+00  1  0  0  0  0   1  2  1  0  0  1294       0     11 5.41e-01    0 0.00e+00 100
MatAssemblyBegin      64 1.0 1.4197e-02 4.1 0.00e+00 0.0 2.7e+02 7.7e+03 0.0e+00  0  0  0  0  0   0  0  2  1  0     0       0      0 0.00e+00    0 0.00e+00  0
MatAssemblyEnd        64 1.0 7.2890e-02 1.5 0.00e+00 0.0 1.7e+03 3.7e+02 3.2e+01  1  0  2  0 23   2  0 13  0 29     0       0      0 0.00e+00    0 0.00e+00  0
MatSetValues      142306 1.0 3.8170e-01 1.0 6.20e+05 1.0 0.0e+00 0.0e+00 0.0e+00  7  0  0  0  0  10  0  0  0  0    13       0      0 0.00e+00    6 2.11e+01  0
MatGetValues       33610 1.0 6.9718e-02 1.1 0.00e+00 0.0 0.0e+00 0.0e+00 0.0e+00  1  0  0  0  0   2  0  0  0  0     0       0      0 0.00e+00    0 0.00e+00  0
MatGetRow         480713 1.0 9.4413e-01 1.0 0.00e+00 0.0 0.0e+00 0.0e+00 0.0e+00 17  0  0  0  0  24  0  0  0  0     0       0      0 0.00e+00   11 1.70e+01  0
MatCreateSubMat        2 1.0 3.5395e-03 1.0 0.00e+00 0.0 3.0e+01 9.7e+01 1.0e+01  0  0  0  0  7   0  0  0  0  9     0       0      0 0.00e+00    2 0.00e+00  0
MatCoarsen             4 1.0 1.7800e-02 1.2 0.00e+00 0.0 1.7e+03 9.7e+02 2.7e+01  0  0  1  0 20   0  0 13  1 24     0       0      3 5.88e-03    0 0.00e+00  0
MatAXPY                4 1.0 7.2353e-01 1.0 6.20e+05 1.0 0.0e+00 0.0e+00 0.0e+00 13  0  0  0  0  19  0  0  0  0     7       0      0 0.00e+00    6 2.11e+01  0
MatTranspose           3 1.0 4.0768e-03 1.0 0.00e+00 0.0 2.2e+02 4.4e+01 9.0e+00  0  0  0  0  7   0  0  2  0  8     0       0      3 5.88e-03    0 0.00e+00  0
MatMatMultSym          4 1.0 9.7506e-02 1.0 0.00e+00 0.0 1.4e+03 7.5e+03 1.2e+01  2  0  1  2  9   3  0 11  6 11     0       0      8 4.95e+00    0 0.00e+00  0
MatMatMultNum          4 1.0 1.1240e-06 2.0 0.00e+00 0.0 0.0e+00 0.0e+00 0.0e+00  0  0  0  0  0   0  0  0  0  0     0       0      0 0.00e+00    0 0.00e+00  0
MatPtAPSymbolic        4 1.0 4.1121e-01 1.1 0.00e+00 0.0 2.4e+03 4.8e+04 2.4e+01  7  0  2 17 17  10  0 18 61 21     0       0      8 2.11e+01    0 0.00e+00  0
MatPtAPNumeric         4 1.0 9.9200e-07 1.3 0.00e+00 0.0 0.0e+00 0.0e+00 0.0e+00  0  0  0  0  0   0  0  0  0  0     0       0      0 0.00e+00    0 0.00e+00  0
MatTrnMatMultSym       1 1.0 1.2409e-01 1.2 0.00e+00 0.0 4.5e+02 6.4e+04 3.0e+00  2  0  0  4  2   3  0  3 16  3     0       0      0 0.00e+00    0 0.00e+00  0
MatCreateGraph         4 1.0 6.3933e-01 1.0 1.79e+06 1.0 5.1e+02 7.2e+02 1.2e+01 12  0  0  0  9  16  0  4  0 11    22       0     15 7.40e+00    8 1.02e+01 100
KSPSetUp               1 1.0 9.3095e-04 1.5 0.00e+00 0.0 0.0e+00 0.0e+00 0.0e+00  0  0  0  0  0   0  0  0  0  0     0       0      0 0.00e+00    0 0.00e+00  0
PCSetUp_GAMG+          1 1.0 3.8146e+00 1.0 4.02e+08 1.0 1.3e+04 1.4e+04 1.1e+02 70  4 12 28 81 100 100 100 100 100   834       0     82 1.02e+02   47 3.96e+01 100
 PCGAMGCreateG         4 1.0 6.3934e-01 1.0 1.79e+06 1.0 5.1e+02 7.2e+02 1.2e+01 12  0  0  0  9  16  0  4  0 11    22       0     15 7.40e+00    8 1.02e+01 100
 GAMG Coarsen          8 1.0 4.9218e-01 1.0 0.00e+00 0.0 2.4e+03 1.4e+04 3.0e+01  9  0  2  5 22  13  0 18 18 27     0       0      8 1.05e+00   12 7.37e+00  0
  GAMG MIS/Agg         4 1.0 1.4481e-01 1.2 0.00e+00 0.0 2.1e+03 1.4e+04 3.0e+01  2  0  2  5 22   3  0 16 17 27     0       0      3 5.88e-03    0 0.00e+00  0
 PCGAMGProl            4 1.0 1.1817e+00 1.0 0.00e+00 0.0 2.5e+03 4.0e+03 1.2e+01 22  0  2  2  9  31  0 20  6 11     0       0     38 5.97e+00   19 9.93e-01  0
  GAMG Prol-col        4 1.0 1.1576e+00 1.0 0.00e+00 0.0 2.2e+03 3.6e+03 0.0e+00 21  0  2  1  0  30  0 17  4  0     0       0     38 5.97e+00   19 9.93e-01  0
  GAMG Prol-lift       4 1.0 2.2594e-02 1.0 0.00e+00 0.0 2.8e+02 7.4e+03 4.0e+00  0  0  0  0  3   1  0  2  1  4     0       0      0 0.00e+00    0 0.00e+00  0
 PCGAMGOptProl         4 1.0 1.0071e+00 1.0 1.99e+08 1.0 3.3e+03 5.9e+03 1.2e+01 18  2  3  3  9  26 49 25 11 11  1563       0     13 6.67e+01    6 2.11e+01 100
  GAMG smooth          4 1.0 8.3159e-01 1.0 5.92e+06 1.0 1.4e+03 7.5e+03 1.2e+01 15  0  1  2  9  22  1 11  6 11    57       0      8 4.95e+00    6 2.11e+01 90
 PCGAMGCreateL         4 1.0 4.1839e-01 1.1 0.00e+00 0.0 2.4e+03 4.6e+04 4.6e+01  7  0  2 17 33  11  0 19 61 41     0       0      8 2.11e+01    2 0.00e+00  0
  GAMG PtAP            4 1.0 4.1125e-01 1.1 0.00e+00 0.0 2.4e+03 4.8e+04 2.4e+01  7  0  2 17 17  10  0 18 61 21     0       0      8 2.11e+01    0 0.00e+00  0
  GAMG Reduce          2 1.0 8.0598e-02 1.0 0.00e+00 0.0 6.7e+02 1.7e+04 3.4e+01  1  0  1  2 25   2  0  5  6 30     0       0      4 1.37e-01    2 0.00e+00  0
PCGAMG Squ l00         1 1.0 1.2409e-01 1.2 0.00e+00 0.0 4.5e+02 6.4e+04 3.0e+00  2  0  0  4  2   3  0  3 16  3     0       0      0 0.00e+00    0 0.00e+00  0
PCGAMG Gal l00         1 1.0 2.2175e-01 1.1 0.00e+00 0.0 8.6e+02 7.1e+04 6.0e+00  4  0  1  9  4   6  0  7 34  5     0       0      2 1.92e+01    0 0.00e+00  0
PCGAMG Opt l00         1 1.0 4.1926e-02 1.0 0.00e+00 0.0 4.4e+02 1.7e+04 3.0e+00  1  0  0  1  2   1  0  3  4  3     0       0      2 4.72e+00    0 0.00e+00  0
PCGAMG Gal l01         1 1.0 1.1864e-01 1.0 0.00e+00 0.0 9.0e+02 4.4e+04 6.0e+00  2  0  1  6  4   3  0  7 21  5     0       0      2 1.79e+00    0 0.00e+00  0
PCGAMG Opt l01         1 1.0 2.0281e-02 1.0 0.00e+00 0.0 4.5e+02 4.6e+03 3.0e+00  0  0  0  0  2   1  0  3  1  3     0       0      2 2.11e-01    0 0.00e+00  0
PCGAMG Gal l02         1 1.0 2.4645e-02 1.0 0.00e+00 0.0 4.8e+02 2.4e+04 6.0e+00  0  0  0  2  4   1  0  4  6  5     0       0      2 1.37e-01    0 0.00e+00  0
PCGAMG Opt l02         1 1.0 9.5132e-03 1.0 0.00e+00 0.0 4.5e+02 2.2e+03 3.0e+00  0  0  0  0  2   0  0  3  1  3     0       0      2 1.52e-02    0 0.00e+00  0
PCGAMG Gal l03         1 1.0 4.8476e-02 1.0 0.00e+00 0.0 1.2e+02 7.2e+02 6.0e+00  1  0  0  0  4   1  0  1  0  5     0       0      2 7.20e-04    0 0.00e+00  0
PCGAMG Opt l03         1 1.0 2.5857e-02 1.0 0.00e+00 0.0 9.8e+01 8.6e+02 3.0e+00  0  0  0  0  2   1  0  1  0  3     0       0      2 7.20e-04    0 0.00e+00  0
PCSetUp                1 1.0 3.8146e+00 1.0 4.02e+08 1.0 1.3e+04 1.4e+04 1.1e+02 70  4 12 28 81 100 100 100 100 100   834       0     82 1.02e+02   47 3.96e+01 100
VecTDot              184 1.0 3.0561e-02 2.3 9.51e+06 1.0 0.0e+00 0.0e+00 0.0e+00  0  0  0  0  0   1  2  0  0  0  2481       0      0 0.00e+00    0 0.00e+00 100
VecNorm               44 1.0 1.9467e-02 2.9 2.27e+06 1.0 0.0e+00 0.0e+00 0.0e+00  0  0  0  0  0   0  1  0  0  0   932       0      0 0.00e+00    0 0.00e+00 100
VecCopy               16 1.0 2.1178e-04 1.3 0.00e+00 0.0 0.0e+00 0.0e+00 0.0e+00  0  0  0  0  0   0  0  0  0  0     0       0      0 0.00e+00    0 0.00e+00  0
VecSet                 8 1.0 5.0669e-05 1.3 0.00e+00 0.0 0.0e+00 0.0e+00 0.0e+00  0  0  0  0  0   0  0  0  0  0     0       0      0 0.00e+00    0 0.00e+00  0
VecAXPY              160 1.0 4.2231e-02 1.6 8.27e+06 1.0 0.0e+00 0.0e+00 0.0e+00  1  0  0  0  0   1  2  0  0  0  1562       0      0 0.00e+00    0 0.00e+00 100
VecAYPX               72 1.0 1.8349e-03 1.2 3.72e+06 1.0 0.0e+00 0.0e+00 0.0e+00  0  0  0  0  0   0  1  0  0  0 16172       0      0 0.00e+00    0 0.00e+00 100
VecAssemblyBegin     136 1.0 3.7463e-02 1.4 0.00e+00 0.0 0.0e+00 0.0e+00 0.0e+00  1  0  0  0  0   1  0  0  0  0     0       0      0 0.00e+00    0 0.00e+00  0
VecAssemblyEnd       136 1.0 1.3517e-04 1.2 0.00e+00 0.0 0.0e+00 0.0e+00 0.0e+00  0  0  0  0  0   0  0  0  0  0     0       0      0 0.00e+00    0 0.00e+00  0
VecPointwiseMult      44 1.0 2.6888e-04 1.3 1.14e+06 1.0 0.0e+00 0.0e+00 0.0e+00  0  0  0  0  0   0  0  0  0  0 33722       0      0 0.00e+00    0 0.00e+00 100
VecReciprocal         12 1.0 2.2036e-03 1.9 0.00e+00 0.0 0.0e+00 0.0e+00 0.0e+00  0  0  0  0  0   0  0  0  0  0     0       0      0 0.00e+00    0 0.00e+00  0
VecSetValues      784962 1.0 1.2992e+00 1.0 0.00e+00 0.0 0.0e+00 0.0e+00 0.0e+00 24  0  0  0  0  34  0  0  0  0     0       0      0 0.00e+00    0 0.00e+00  0
VecScatterBegin      221 1.0 7.4080e-02 3.9 0.00e+00 0.0 6.3e+03 4.3e+03 0.0e+00  1  0  6  4  0   1  0 49 15  0     0       0     53 7.31e+00    0 0.00e+00  0
VecScatterEnd        221 1.0 6.8774e-02 2.5 0.00e+00 0.0 0.0e+00 0.0e+00 0.0e+00  1  0  0  0  0   1  0  0  0  0     0       0      0 0.00e+00    0 0.00e+00  0
SFSetGraph            54 1.0 1.6094e-04 1.1 0.00e+00 0.0 0.0e+00 0.0e+00 0.0e+00  0  0  0  0  0   0  0  0  0  0     0       0      0 0.00e+00    0 0.00e+00  0
SFSetUp               54 1.0 3.2971e-02 1.1 0.00e+00 0.0 3.2e+03 1.2e+04 0.0e+00  1  0  3  6  0   1  0 25 21  0     0       0      0 0.00e+00    0 0.00e+00  0
SFBcastBegin          43 1.0 6.0920e-02 4.7 0.00e+00 0.0 2.0e+03 2.9e+04 0.0e+00  1  0  2  9  0   1  0 15 32  0     0       0      0 0.00e+00    0 0.00e+00  0
SFBcastEnd            43 1.0 7.0048e-02 9.8 0.00e+00 0.0 0.0e+00 0.0e+00 0.0e+00  0  0  0  0  0   1  0  0  0  0     0       0      0 0.00e+00    0 0.00e+00  0
SFReduceBegin         13 1.0 6.2921e-03 1.7 0.00e+00 0.0 3.9e+02 1.5e+05 0.0e+00  0  0  0  9  0   0  0  3 31  0     0       0      0 0.00e+00    0 0.00e+00  0
SFReduceEnd           13 1.0 8.4094e-03 1.7 0.00e+00 0.0 0.0e+00 0.0e+00 0.0e+00  0  0  0  0  0   0  0  0  0  0     0       0      0 0.00e+00    0 0.00e+00  0
SFPack               277 1.0 6.5309e-03 1.0 0.00e+00 0.0 0.0e+00 0.0e+00 0.0e+00  0  0  0  0  0   0  0  0  0  0     0       0      7 1.83e-02    0 0.00e+00  0
SFUnpack             277 1.0 3.9769e-05 1.2 0.00e+00 0.0 0.0e+00 0.0e+00 0.0e+00  0  0  0  0  0   0  0  0  0  0     0       0      0 0.00e+00    0 0.00e+00  0

--- Event Stage 2: Solve

MatMult              687 1.0 1.4187e-01 2.1 2.64e+09 1.0 2.5e+04 4.9e+03 0.0e+00  1 26 22 18  0  34 84 77 95  0 147257       0      0 2.55e-05    0 0.00e+00 100
MatMultAdd           120 1.0 1.2356e-02 1.1 1.59e+08 1.0 3.7e+03 9.4e+02 0.0e+00  0  2  3  1  0   5  5 11  3  0 102636       0      0 0.00e+00    0 0.00e+00 100
MatMultTranspose     120 1.0 8.9156e-02 4.3 1.59e+08 1.0 3.7e+03 9.4e+02 0.0e+00  1  2  3  1  0  34  5 11  3  0 14229       0      2 7.17e-03    0 0.00e+00 100
MatResidual          120 1.0 1.6185e-02 1.1 5.50e+08 1.0 5.5e+03 4.7e+03 0.0e+00  0  5  5  4  0   7 17 17 20  0 268534       0      0 0.00e+00    0 0.00e+00 100
KSPSolve               1 1.0 2.3029e-01 1.0 3.14e+09 1.0 3.2e+04 4.0e+03 0.0e+00  4 31 29 19  0 100 100 100 100  0 108031       0      2 7.20e-03    0 0.00e+00 100
PCApply               30 1.0 2.1609e-01 1.0 2.64e+09 1.0 3.0e+04 3.6e+03 0.0e+00  4 26 27 17  0  94 84 95 86  0 96665       0      2 7.20e-03    0 0.00e+00 100
VecTDot              476 1.0 3.3928e-02 1.3 1.22e+07 1.0 0.0e+00 0.0e+00 0.0e+00  1  0  0  0  0  13  0  0  0  0  2874       0      0 0.00e+00    0 0.00e+00 100
VecNorm              238 1.0 1.9735e-02 1.3 6.10e+06 1.0 0.0e+00 0.0e+00 0.0e+00  0  0  0  0  0   8  0  0  0  0  2471       0      0 0.00e+00    0 0.00e+00 100
VecCopy              422 1.0 2.3321e-03 1.5 0.00e+00 0.0 0.0e+00 0.0e+00 0.0e+00  0  0  0  0  0   1  0  0  0  0     0       0      0 0.00e+00    0 0.00e+00  0
VecSet               151 1.0 6.6265e-04 1.4 0.00e+00 0.0 0.0e+00 0.0e+00 0.0e+00  0  0  0  0  0   0  0  0  0  0     0       0      0 0.00e+00    0 0.00e+00  0
VecAXPY              414 1.0 1.3484e-03 3.8 1.18e+07 1.0 0.0e+00 0.0e+00 0.0e+00  0  0  0  0  0   0  0  0  0  0 69992       0      0 0.00e+00    0 0.00e+00 100
VecAYPX              896 1.0 4.5126e-03 1.4 4.29e+07 1.0 0.0e+00 0.0e+00 0.0e+00  0  0  0  0  0   2  1  0  0  0 75868       0      0 0.00e+00    0 0.00e+00 100
VecAXPBYCZ           240 1.0 1.3098e-03 1.2 3.10e+07 1.0 0.0e+00 0.0e+00 0.0e+00  0  0  0  0  0   1  1  0  0  0 188799       0      0 0.00e+00    0 0.00e+00 100
VecPointwiseMult     207 1.0 9.5205e-04 4.7 1.24e+03 0.0 0.0e+00 0.0e+00 0.0e+00  0  0  0  0  0   0  0  0  0  0     1       0      0 0.00e+00    0 0.00e+00 100
VecReciprocal          1 1.0 7.1430e-06 4.6 0.00e+00 0.0 0.0e+00 0.0e+00 0.0e+00  0  0  0  0  0   0  0  0  0  0     0       0      0 0.00e+00    0 0.00e+00  0
VecScatterBegin      927 1.0 1.0849e-01 2.7 0.00e+00 0.0 3.2e+04 4.0e+03 0.0e+00  1  0 29 19  0  26  0 100 100  0     0       0      0 2.55e-05    0 0.00e+00  0
VecScatterEnd        927 1.0 1.1408e-01 2.5 6.25e+04 1.4 0.0e+00 0.0e+00 0.0e+00  2  0  0  0  0  40  0  0  0  0     4       0      2 7.17e-03    0 0.00e+00 100
SFPack               927 1.0 2.8706e-03 1.7 0.00e+00 0.0 0.0e+00 0.0e+00 0.0e+00  0  0  0  0  0   1  0  0  0  0     0       0      0 2.55e-05    0 0.00e+00  0
SFUnpack             927 1.0 9.3802e-04 1.8 6.25e+04 1.4 0.0e+00 0.0e+00 0.0e+00  0  0  0  0  0   0  0  0  0  0   459       0      2 7.17e-03    0 0.00e+00 100

--- Event Stage 3: 2nd Setup

MatMult               40 1.0 3.9599e-03 1.1 1.81e+08 1.0 1.8e+03 4.7e+03 0.0e+00  0  2  2  1  0   7 87 86 13  0 361691       0      0 0.00e+00    0 0.00e+00 100
MatScale               1 1.0 1.0640e-05 1.4 7.72e+06 1.0 0.0e+00 0.0e+00 0.0e+00  0  0  0  0  0   0  4  0  0  0 5801786       0      0 0.00e+00    0 0.00e+00 100
MatPtAPNumeric         4 1.0 3.0806e-02 1.0 0.00e+00 0.0 3.0e+02 1.8e+05 0.0e+00  1  0  0  8  0  62  0 14 87  0     0       0      0 0.00e+00    0 0.00e+00  0
KSPSetUp               1 1.0 2.3100e-07 1.2 0.00e+00 0.0 0.0e+00 0.0e+00 0.0e+00  0  0  0  0  0   0  0  0  0  0     0       0      0 0.00e+00    0 0.00e+00  0
PCSetUp_GAMG+          1 1.0 4.9216e-02 1.0 2.02e+08 1.0 2.1e+03 3.0e+04 0.0e+00  1  2  2 10  0 100 96 100 100  0 32368       0      4 2.59e+00    1 6.00e-06 100
PCGAMG Gal l00         1 1.0 2.4797e-02 1.2 0.00e+00 0.0 1.1e+02 2.9e+05 0.0e+00  0  0  0  5  0  46  0  5 47  0     0       0      0 0.00e+00    0 0.00e+00  0
PCGAMG Gal l01         1 1.0 6.6621e-03 2.2 0.00e+00 0.0 1.1e+02 1.8e+05 0.0e+00  0  0  0  3  0  10  0  5 30  0     0       0      0 0.00e+00    0 0.00e+00  0
PCGAMG Gal l02         1 1.0 2.6600e-03 1.2 0.00e+00 0.0 7.0e+01 8.2e+04 0.0e+00  0  0  0  1  0   5  0  3  9  0     0       0      0 0.00e+00    0 0.00e+00  0
PCGAMG Gal l03         1 1.0 7.8402e-04 1.6 0.00e+00 0.0 1.5e+01 2.7e+03 0.0e+00  0  0  0  0  0   1  0  1  0  0     0       0      0 0.00e+00    0 0.00e+00  0
PCSetUp                1 1.0 4.9218e-02 1.0 2.02e+08 1.0 2.1e+03 3.0e+04 0.0e+00  1  2  2 10  0 100 96 100 100  0 32367       0      4 2.59e+00    1 6.00e-06 100
VecTDot               92 1.0 5.9014e-03 1.1 4.75e+06 1.0 0.0e+00 0.0e+00 0.0e+00  0  0  0  0  0  12  2  0  0  0  6425       0      0 0.00e+00    0 0.00e+00 100
VecNorm               44 1.0 5.9228e-03 1.8 2.27e+06 1.0 0.0e+00 0.0e+00 0.0e+00  0  0  0  0  0   9  1  0  0  0  3062       0      0 0.00e+00    0 0.00e+00 100
VecCopy                8 1.0 1.1976e-04 1.2 0.00e+00 0.0 0.0e+00 0.0e+00 0.0e+00  0  0  0  0  0   0  0  0  0  0     0       0      0 0.00e+00    0 0.00e+00  0
VecSet                 4 1.0 2.1731e-05 1.2 0.00e+00 0.0 0.0e+00 0.0e+00 0.0e+00  0  0  0  0  0   0  0  0  0  0     0       0      0 0.00e+00    0 0.00e+00  0
VecAXPY               80 1.0 2.8950e-04 1.4 4.13e+06 1.0 0.0e+00 0.0e+00 0.0e+00  0  0  0  0  0   0  2  0  0  0 113892       0      0 0.00e+00    0 0.00e+00 100
VecAYPX               36 1.0 1.9785e-04 1.4 1.86e+06 1.0 0.0e+00 0.0e+00 0.0e+00  0  0  0  0  0   0  1  0  0  0 74992       0      0 0.00e+00    0 0.00e+00 100
VecReciprocal          1 1.0 5.2700e-06 4.0 0.00e+00 0.0 0.0e+00 0.0e+00 0.0e+00  0  0  0  0  0   0  0  0  0  0     0       0      0 0.00e+00    0 0.00e+00  0
VecScatterBegin       40 1.0 2.1960e-03 1.6 0.00e+00 0.0 1.8e+03 4.7e+03 0.0e+00  0  0  2  1  0   3  0 86 13  0     0       0      0 0.00e+00    0 0.00e+00  0
VecScatterEnd         40 1.0 1.3365e-03 2.3 0.00e+00 0.0 0.0e+00 0.0e+00 0.0e+00  0  0  0  0  0   2  0  0  0  0     0       0      0 0.00e+00    0 0.00e+00  0
SFBcastBegin           4 1.0 1.5353e-02 9.5 0.00e+00 0.0 1.8e+02 1.8e+05 0.0e+00  0  0  0  5  0  14  0  9 50  0     0       0      0 0.00e+00    0 0.00e+00  0
SFBcastEnd             4 1.0 1.5426e-02 7.6 0.00e+00 0.0 0.0e+00 0.0e+00 0.0e+00  0  0  0  0  0  20  0  0  0  0     0       0      0 0.00e+00    0 0.00e+00  0
SFReduceBegin          4 1.0 2.6880e-03 12.0 0.00e+00 0.0 1.2e+02 1.9e+05 0.0e+00  0  0  0  4  0   2  0  6 37  0     0       0      0 0.00e+00    0 0.00e+00  0
SFReduceEnd            4 1.0 6.9337e-03 11.4 0.00e+00 0.0 0.0e+00 0.0e+00 0.0e+00  0  0  0  0  0   6  0  0  0  0     0       0      0 0.00e+00    0 0.00e+00  0
SFPack                48 1.0 1.5322e-04 1.4 0.00e+00 0.0 0.0e+00 0.0e+00 0.0e+00  0  0  0  0  0   0  0  0  0  0     0       0      0 0.00e+00    0 0.00e+00  0
SFUnpack              48 1.0 7.2520e-06 1.4 0.00e+00 0.0 0.0e+00 0.0e+00 0.0e+00  0  0  0  0  0   0  0  0  0  0     0       0      0 0.00e+00    0 0.00e+00  0

--- Event Stage 4: 2nd Solve

MatMult              687 1.0 6.9744e-02 1.1 2.64e+09 1.0 2.5e+04 4.9e+03 0.0e+00  1 26 22 18  0  45 84 77 95  0 299540       0      0 0.00e+00    0 0.00e+00 100
MatMultAdd           120 1.0 1.0826e-02 1.0 1.59e+08 1.0 3.7e+03 9.4e+02 0.0e+00  0  2  3  1  0   7  5 11  3  0 117142       0      0 0.00e+00    0 0.00e+00 100
MatMultTranspose     120 1.0 1.3305e-02 1.3 1.59e+08 1.0 3.7e+03 9.4e+02 0.0e+00  0  2  3  1  0   8  5 11  3  0 95347       0      0 0.00e+00    0 0.00e+00 100
MatResidual          120 1.0 1.5157e-02 1.1 5.50e+08 1.0 5.5e+03 4.7e+03 0.0e+00  0  5  5  4  0  10 17 17 20  0 286757       0      0 0.00e+00    0 0.00e+00 100
KSPSolve               1 1.0 1.4907e-01 1.0 3.14e+09 1.0 3.2e+04 4.0e+03 0.0e+00  3 31 29 19  0 100 100 100 100  0 166894       0      0 0.00e+00    0 0.00e+00 100
PCApply               30 1.0 1.3528e-01 1.0 2.64e+09 1.0 3.0e+04 3.6e+03 0.0e+00  2 26 27 17  0  90 84 95 86  0 154408       0      0 0.00e+00    0 0.00e+00 100
VecTDot              476 1.0 3.3606e-02 1.3 1.22e+07 1.0 0.0e+00 0.0e+00 0.0e+00  1  0  0  0  0  20  0  0  0  0  2902       0      0 0.00e+00    0 0.00e+00 100
VecNorm              238 1.0 1.9744e-02 1.3 6.10e+06 1.0 0.0e+00 0.0e+00 0.0e+00  0  0  0  0  0  13  0  0  0  0  2470       0      0 0.00e+00    0 0.00e+00 100
VecCopy              422 1.0 2.2841e-03 1.5 0.00e+00 0.0 0.0e+00 0.0e+00 0.0e+00  0  0  0  0  0   1  0  0  0  0     0       0      0 0.00e+00    0 0.00e+00  0
VecSet               151 1.0 6.5850e-04 1.4 0.00e+00 0.0 0.0e+00 0.0e+00 0.0e+00  0  0  0  0  0   0  0  0  0  0     0       0      0 0.00e+00    0 0.00e+00  0
VecAXPY              414 1.0 1.3299e-03 3.8 1.18e+07 1.0 0.0e+00 0.0e+00 0.0e+00  0  0  0  0  0   0  0  0  0  0 70964       0      0 0.00e+00    0 0.00e+00 100
VecAYPX              896 1.0 4.4306e-03 1.4 4.29e+07 1.0 0.0e+00 0.0e+00 0.0e+00  0  0  0  0  0   2  1  0  0  0 77271       0      0 0.00e+00    0 0.00e+00 100
VecAXPBYCZ           240 1.0 1.0239e-03 1.2 3.10e+07 1.0 0.0e+00 0.0e+00 0.0e+00  0  0  0  0  0   1  1  0  0  0 241509       0      0 0.00e+00    0 0.00e+00 100
VecPointwiseMult     207 1.0 9.5980e-04 4.7 1.24e+03 0.0 0.0e+00 0.0e+00 0.0e+00  0  0  0  0  0   0  0  0  0  0     1       0      0 0.00e+00    0 0.00e+00 100
VecScatterBegin      927 1.0 5.8419e-02 1.8 0.00e+00 0.0 3.2e+04 4.0e+03 0.0e+00  1  0 29 19  0  27  0 100 100  0     0       0      0 0.00e+00    0 0.00e+00  0
VecScatterEnd        927 1.0 4.2013e-02 3.4 6.25e+04 1.4 0.0e+00 0.0e+00 0.0e+00  1  0  0  0  0  22  0  0  0  0    10       0      0 0.00e+00    0 0.00e+00 100
SFPack               927 1.0 2.8239e-03 1.7 0.00e+00 0.0 0.0e+00 0.0e+00 0.0e+00  0  0  0  0  0   1  0  0  0  0     0       0      0 0.00e+00    0 0.00e+00  0
SFUnpack             927 1.0 7.6372e-04 1.8 6.25e+04 1.4 0.0e+00 0.0e+00 0.0e+00  0  0  0  0  0   0  0  0  0  0   564       0      0 0.00e+00    0 0.00e+00 100

--- Event Stage 5: 3rd Setup


--- Event Stage 6: 3rd Solve

MatMult              687 1.0 7.0514e-02 1.1 2.64e+09 1.0 2.5e+04 4.9e+03 0.0e+00  1 26 22 18  0  45 84 77 95  0 296269       0      0 0.00e+00    0 0.00e+00 100
MatMultAdd           120 1.0 1.0868e-02 1.0 1.59e+08 1.0 3.7e+03 9.4e+02 0.0e+00  0  2  3  1  0   7  5 11  3  0 116681       0      0 0.00e+00    0 0.00e+00 100
MatMultTranspose     120 1.0 1.3347e-02 1.3 1.59e+08 1.0 3.7e+03 9.4e+02 0.0e+00  0  2  3  1  0   8  5 11  3  0 95043       0      0 0.00e+00    0 0.00e+00 100
MatScale               1 1.0 7.9150e-06 1.2 7.72e+06 1.0 0.0e+00 0.0e+00 0.0e+00  0  0  0  0  0   0  0  0  0  0 7799242       0      0 0.00e+00    0 0.00e+00 100
MatResidual          120 1.0 1.5315e-02 1.1 5.50e+08 1.0 5.5e+03 4.7e+03 0.0e+00  0  5  5  4  0  10 17 17 20  0 283788       0      0 0.00e+00    0 0.00e+00 100
KSPSolve               1 1.0 1.4960e-01 1.0 3.14e+09 1.0 3.2e+04 4.0e+03 0.0e+00  3 31 29 19  0 100 100 100 100  0 166299       0      0 0.00e+00    0 0.00e+00 100
PCApply               30 1.0 1.3579e-01 1.0 2.64e+09 1.0 3.0e+04 3.6e+03 0.0e+00  2 26 27 17  0  91 84 95 86  0 153833       0      0 0.00e+00    0 0.00e+00 100
VecTDot              476 1.0 3.3293e-02 1.3 1.22e+07 1.0 0.0e+00 0.0e+00 0.0e+00  1  0  0  0  0  20  0  0  0  0  2929       0      0 0.00e+00    0 0.00e+00 100
VecNorm              238 1.0 1.9826e-02 1.3 6.10e+06 1.0 0.0e+00 0.0e+00 0.0e+00  0  0  0  0  0  13  0  0  0  0  2459       0      0 0.00e+00    0 0.00e+00 100
VecCopy              422 1.0 2.2887e-03 1.6 0.00e+00 0.0 0.0e+00 0.0e+00 0.0e+00  0  0  0  0  0   1  0  0  0  0     0       0      0 0.00e+00    0 0.00e+00  0
VecSet               151 1.0 6.5217e-04 1.4 0.00e+00 0.0 0.0e+00 0.0e+00 0.0e+00  0  0  0  0  0   0  0  0  0  0     0       0      0 0.00e+00    0 0.00e+00  0
VecAXPY              414 1.0 1.3382e-03 3.8 1.18e+07 1.0 0.0e+00 0.0e+00 0.0e+00  0  0  0  0  0   0  0  0  0  0 70525       0      0 0.00e+00    0 0.00e+00 100
VecAYPX              896 1.0 4.4393e-03 1.4 4.29e+07 1.0 0.0e+00 0.0e+00 0.0e+00  0  0  0  0  0   2  1  0  0  0 77120       0      0 0.00e+00    0 0.00e+00 100
VecAXPBYCZ           240 1.0 1.0254e-03 1.3 3.10e+07 1.0 0.0e+00 0.0e+00 0.0e+00  0  0  0  0  0   1  1  0  0  0 241154       0      0 0.00e+00    0 0.00e+00 100
VecPointwiseMult     207 1.0 9.4527e-04 4.8 1.24e+03 0.0 0.0e+00 0.0e+00 0.0e+00  0  0  0  0  0   0  0  0  0  0     1       0      0 0.00e+00    0 0.00e+00 100
VecScatterBegin      927 1.0 5.8553e-02 1.8 0.00e+00 0.0 3.2e+04 4.0e+03 0.0e+00  1  0 29 19  0  26  0 100 100  0     0       0      0 0.00e+00    0 0.00e+00  0
VecScatterEnd        927 1.0 4.2819e-02 3.3 6.25e+04 1.4 0.0e+00 0.0e+00 0.0e+00  1  0  0  0  0  22  0  0  0  0    10       0      0 0.00e+00    0 0.00e+00 100
SFPack               927 1.0 2.8634e-03 1.7 0.00e+00 0.0 0.0e+00 0.0e+00 0.0e+00  0  0  0  0  0   1  0  0  0  0     0       0      0 0.00e+00    0 0.00e+00  0
SFUnpack             927 1.0 7.6270e-04 1.8 6.25e+04 1.4 0.0e+00 0.0e+00 0.0e+00  0  0  0  0  0   0  0  0  0  0   564       0      0 0.00e+00    0 0.00e+00 100
---------------------------------------------------------------------------------------------------------------------------------------------------------------

Object Type          Creations   Destructions. Reports information only for process 0.

--- Event Stage 0: Main Stage

           Container     4              4
       Krylov Solver     1             10
              Matrix     3             41
      Matrix Coarsen     0              1
   Matrix Null Space     1              1
      Preconditioner     1              6
              Viewer     1              1
  PetscDeviceContext     1              0
              Vector    12             67
           Index Set     2              8
   Star Forest Graph     1             29
    Distributed Mesh     0              4
     Discrete System     0              4
           Weak Form     0              4

--- Event Stage 1: Setup

           Container     3              3
       Krylov Solver    13              4
              Matrix    98             60
      Matrix Coarsen     4              3
      Preconditioner    13              8
              Vector   290            236
           Index Set    85             79
   Star Forest Graph    54             34
         PetscRandom     4              4

--- Event Stage 2: Solve

              Vector     1              0
   Star Forest Graph     8              0
    Distributed Mesh     4              0
     Discrete System     4              0
           Weak Form     4              0

--- Event Stage 3: 2nd Setup

              Vector    12             12

--- Event Stage 4: 2nd Solve


--- Event Stage 5: 3rd Setup


--- Event Stage 6: 3rd Solve

========================================================================================================================
Average time to get PetscTime(): 3.21e-08
Average time for MPI_Barrier(): 1.56264e-05
Average time for zero size MPI_Send(): 1.58469e-05
#PETSc Option Table entries:
-alpha 1.e-3 # (source: command line)
-ksp_converged_reason # (source: command line)
-ksp_norm_type unpreconditioned # (source: command line)
-ksp_rtol 1e-6 # (source: command line)
-ksp_type cg # (source: command line)
-log_view # (source: command line)
-mat_type aijkokkos # (source: command line)
-mg_coarse_ksp_type cg # (source: command line)
-mg_coarse_pc_type jacobi # (source: command line)
-mg_levels_ksp_type chebyshev # (source: command line)
-mg_levels_pc_type pbjacobi # (source: command line)
-ne 63 # (source: command line)
-pc_gamg_agg_nsmooths 1 # (source: command line)
-pc_gamg_coarse_eq_limit 20 # (source: command line)
-pc_gamg_parallel_coarse_grid_solver # (source: command line)
-pc_gamg_reuse_interpolation true # (source: command line)
-pc_gamg_type agg # (source: command line)
-pc_type gamg # (source: command line)
-two_solves # (source: command line)
-use_mat_nearnullspace # (source: command line)
#End of PETSc Option Table entries
Compiled without FORTRAN kernels
Compiled with full precision matrices (default)
sizeof(short) 2 sizeof(int) 4 sizeof(long) 8 sizeof(void*) 8 sizeof(PetscScalar) 8 sizeof(PetscInt) 4
Configure options: --with-make-np=8 --with-mpiexec="srun -G4 --gpu-bind=none" --with-batch=0 --download-triangle=1 --with-cc=cc --with-cxx=CC --with-fc=0 --with-debugging=0 --with-cuda=1 --with-cuda-arch=80 --download-kokkos --download-kokkos-kernels --force PETSC_ARCH=arch-perlmutter-opt-gcc-kokkos-cuda
-----------------------------------------
Libraries compiled on 2026-06-22 11:34:59 on login15
Machine characteristics: Linux-6.4.0-150600.23.103_15.0.24-cray_shasta_c-x86_64-with-glibc2.3.4
Using PETSc directory: /global/u2/m/madams/petsc
Using PETSc arch: arch-perlmutter-opt-gcc-kokkos-cuda
-----------------------------------------

Using C compiler: cc  -fPIC -Wall -Wwrite-strings -Wno-unknown-pragmas -Wno-lto-type-mismatch -Wno-stringop-overflow -fstack-protector -fvisibility=hidden -g -O 
-----------------------------------------

Using include paths: -I/global/u2/m/madams/petsc/include -I/global/u2/m/madams/petsc/arch-perlmutter-opt-gcc-kokkos-cuda/include -I/opt/nvidia/hpc_sdk/Linux_x86_64/25.5/cuda/12.9/include -I/opt/nvidia/hpc_sdk/Linux_x86_64/25.5/math_libs/12.9/include
-----------------------------------------

Using C linker: cc
Using libraries: -Wl,-rpath,/global/u2/m/madams/petsc/arch-perlmutter-opt-gcc-kokkos-cuda/lib -L/global/u2/m/madams/petsc/arch-perlmutter-opt-gcc-kokkos-cuda/lib -lpetsc -Wl,-rpath,/global/u2/m/madams/petsc/arch-perlmutter-opt-gcc-kokkos-cuda/lib -L/global/u2/m/madams/petsc/arch-perlmutter-opt-gcc-kokkos-cuda/lib -Wl,-rpath,/opt/nvidia/hpc_sdk/Linux_x86_64/25.5/cuda/12.9/lib64 -L/opt/nvidia/hpc_sdk/Linux_x86_64/25.5/cuda/12.9/lib64 -Wl,-rpath,/opt/nvidia/hpc_sdk/Linux_x86_64/25.5/math_libs/12.9/lib64 -L/opt/nvidia/hpc_sdk/Linux_x86_64/25.5/math_libs/12.9/lib64 -L/opt/nvidia/hpc_sdk/Linux_x86_64/25.5/cuda/12.9/lib64/stubs -lkokkoskernels -lkokkoscontainers -lkokkoscore -lkokkossimd -ltriangle -lcudart -lnvtx3interop -lcufft -lcublas -lcusparse -lcusolver -lcurand -lcuda -lnvidia-ml -lX11 -lstdc++ -lquadmath
-----------------------------------------

  Linear solve converged due to CONVERGED_RTOL iterations 30
  Linear solve converged due to CONVERGED_RTOL iterations 30
  Linear solve converged due to CONVERGED_RTOL iterations 30
[0]main |b-Ax|/|b|=7.613408e-07, |b|=2.222509e+00, emax=9.989586e-01
****************************************************************************************************************************************************************
***                                WIDEN YOUR WINDOW TO 160 CHARACTERS.  Use 'enscript -r -fCourier9' to print this document                                 ***
****************************************************************************************************************************************************************

------------------------------------------------------------------ PETSc Performance Summary: ------------------------------------------------------------------



      ##########################################################
      #                                                        #
      #                       WARNING!!!                       #
      #                                                        #
      #   This code was run with -log_view_gpu_time            #
      #   This provides accurate timing within the GPU kernels #
      #   but can slow down the entire computation by a        #
      #   measurable amount. For fastest runs we recommend     #
      #   not using this option.                               #
      #                                                        #
      ##########################################################


/global/homes/m/madams/petsc/arch-perlmutter-opt-gcc-kokkos-cuda/tests/ksp/ksp/tutorials/ex56 on a arch-perlmutter-opt-gcc-kokkos-cuda named nid001161 with 8 processes and CUDA architecture 80, by madams on Mon Jun 22 08:03:14 2026
Using PETSc Development Git Revision: v3.25.2-340-g83d2bd4a8b4 Git Date: 2026-06-21 14:23:19 -0400

                         Max       Max/Min     Avg       Total
Time (sec):           5.795e+00     1.000   5.795e+00
Objects:              0.000e+00     0.000   0.000e+00
Flops:                1.007e+10     1.020   9.974e+09  7.979e+10
Flops/sec:            1.738e+09     1.020   1.721e+09  1.377e+10
MPI Msg Count:        1.680e+04     1.274   1.394e+04  1.116e+05
MPI Msg Len (bytes):  8.464e+07     1.039   5.957e+03  6.645e+08
MPI Reductions:       1.380e+02     1.000

Flop counting convention: 1 flop = 1 real number operation of type (multiply/divide/add/subtract)
                            e.g., VecAXPY() for real vectors of length N --> 2N flops
                            and VecAXPY() for complex vectors of length N --> 8N flops

Summary of Stages:   ----- Time ------  ----- Flop ------  --- Messages ---  -- Message Lengths --  -- Reductions --
                        Avg     %Total     Avg     %Total    Count   %Total     Avg         %Total    Count   %Total
 0:      Main Stage: 1.0606e+00  18.3%  2.5385e+08   0.3%  2.630e+02   0.2%  1.234e+05        4.9%  9.000e+00   6.5%
 1:           Setup: 3.9486e+00  68.1%  3.1816e+09   4.0%  1.293e+04  11.6%  1.419e+04       27.6%  1.120e+02  81.2%
 2:           Solve: 2.9264e-01   5.0%  2.4879e+10  31.2%  3.208e+04  28.8%  3.991e+03       19.3%  0.000e+00   0.0%
 3:       2nd Setup: 3.5881e-02   0.6%  1.6548e+09   2.1%  2.124e+03   1.9%  3.038e+04        9.7%  0.000e+00   0.0%
 4:       2nd Solve: 2.2900e-01   4.0%  2.4879e+10  31.2%  3.208e+04  28.8%  3.991e+03       19.3%  0.000e+00   0.0%
 5:       3rd Setup: 2.8300e-07   0.0%  0.0000e+00   0.0%  0.000e+00   0.0%  0.000e+00        0.0%  0.000e+00   0.0%
 6:       3rd Solve: 2.2850e-01   3.9%  2.4941e+10  31.3%  3.208e+04  28.8%  3.991e+03       19.3%  0.000e+00   0.0%

------------------------------------------------------------------------------------------------------------------------
See the 'Profiling' chapter of the users' manual for details on interpreting output.
Phase summary info:
   Count: number of times phase was executed
   Time and Flop: Max - maximum over all processes
                  Ratio - ratio of maximum to minimum over all processes
   Mess: number of messages sent
   AvgLen: average message length (bytes)
   Reduct: number of global reductions
   Global: entire computation
   Stage: stages of a computation. Set stages with PetscLogStagePush() and PetscLogStagePop().
      %T - percent time in this phase         %F - percent flop in this phase
      %M - percent messages in this phase     %L - percent message lengths in this phase
      %R - percent reductions in this phase
   Total Mflop/s: 1e-6 * (sum of flop over all processes)/(max time over all processes)
   GPU Mflop/s: 1e-6 * (sum of flop on GPU over all processes)/(max GPU time over all processes)
   CpuToGpu Count: total number of CPU to GPU copies per processor
   CpuToGpu Size (Mbytes): 1e-6 * (total size of CPU to GPU copies per processor)
   GpuToCpu Count: total number of GPU to CPU copies per processor
   GpuToCpu Size (Mbytes): 1e-6 * (total size of GPU to CPU copies per processor)
   GPU %F: percent flops on GPU in this event
------------------------------------------------------------------------------------------------------------------------
Event                Count      Time (sec)     Flop                              --- Global ---  --- Stage ----  Total   GPU    - CpuToGpu -   - GpuToCpu - GPU
                   Max Ratio  Max     Ratio   Max  Ratio  Mess   AvgLen  Reduct  %T %F %M %L %R  %T %F %M %L %R Mflop/s Mflop/s Count   Size   Count   Size  %F
---------------------------------------------------------------------------------------------------------------------------------------------------------------

--- Event Stage 0: Main Stage

BuildTwoSided          3 1.0 7.2041e-02 169.5 0.00e+00 0.0 9.4e+01 5.6e+00 0.0e+00  1  0  0  0  0   3  0 36  0  0     0       0      0 0.00e+00    0 0.00e+00  0
BuildTwoSidedF         2 1.0 7.4488e-02 130.6 0.00e+00 0.0 9.5e+01 3.3e+05 0.0e+00  1  0  0  5  0   3  0 36 97  0     0       0      0 0.00e+00    0 0.00e+00  0
MatMult                1 1.0 3.7607e-04 1.6 1.54e+07 1.0 5.6e+01 1.1e+04 0.0e+00  0  0  0  0  0   0 49 21  2  0 328298   938047      0 0.00e+00    0 0.00e+00 100
MatAssemblyBegin       1 1.0 7.3785e-02 1.6 0.00e+00 0.0 3.8e+01 8.2e+05 0.0e+00  1  0  0  5  0   6  0 14 96  0     0       0      0 0.00e+00    0 0.00e+00  0
MatAssemblyEnd         1 1.0 3.8532e-02 1.1 2.46e+05 0.0 1.1e+02 2.7e+03 1.0e+00  1  0  0  0  1   4  0 43  1 11    25       0      0 0.00e+00    0 0.00e+00  0
DCtxCreate             1 1.0 6.0688e-05 2.7 0.00e+00 0.0 0.0e+00 0.0e+00 0.0e+00  0  0  0  0  0   0  0  0  0  0     0       0      0 0.00e+00    0 0.00e+00  0
DCtxDestroy            1 1.0 2.6191e-05 1.1 0.00e+00 0.0 0.0e+00 0.0e+00 0.0e+00  0  0  0  0  0   0  0  0  0  0     0       0      0 0.00e+00    0 0.00e+00  0
DCtxSetUp              1 1.0 1.1282e-05 1.4 0.00e+00 0.0 0.0e+00 0.0e+00 0.0e+00  0  0  0  0  0   0  0  0  0  0     0       0      0 0.00e+00    0 0.00e+00  0
DCtxSetDevice          1 1.0 1.3957e-05 1.2 0.00e+00 0.0 0.0e+00 0.0e+00 0.0e+00  0  0  0  0  0   0  0  0  0  0     0       0      0 0.00e+00    0 0.00e+00  0
VecMDot                3 1.0 1.5070e-03 2.6 2.36e+06 1.0 0.0e+00 0.0e+00 0.0e+00  0  0  0  0  0   0  7  0  0  0 12524       0      0 0.00e+00    0 0.00e+00  0
VecNorm                5 1.0 6.2081e-04 1.7 9.83e+05 1.0 0.0e+00 0.0e+00 0.0e+00  0  0  0  0  0   0  3  0  0  0 12668   33437      0 0.00e+00    0 0.00e+00 40
VecScale               3 1.0 4.8805e-05 1.1 2.95e+05 1.0 0.0e+00 0.0e+00 0.0e+00  0  0  0  0  0   0  1  0  0  0 48341       0      0 0.00e+00    0 0.00e+00  0
VecAXPY                1 1.0 1.9718e-05 1.1 1.97e+05 1.0 0.0e+00 0.0e+00 0.0e+00  0  0  0  0  0   0  1  0  0  0 79768   178735      0 0.00e+00    0 0.00e+00 100
VecMAXPY               3 1.0 3.1647e-04 1.1 2.36e+06 1.0 0.0e+00 0.0e+00 0.0e+00  0  0  0  0  0   0  7  0  0  0 59640       0      0 0.00e+00    0 0.00e+00  0
VecAssemblyBegin       1 1.0 7.5806e-04 1.2 0.00e+00 0.0 5.7e+01 6.1e+03 0.0e+00  0  0  0  0  0   0  0 22  1  0     0       0      0 0.00e+00    0 0.00e+00  0
VecAssemblyEnd         1 1.0 1.1214e-04 8.9 0.00e+00 0.0 0.0e+00 0.0e+00 0.0e+00  0  0  0  0  0   0  0  0  0  0     0       0      0 0.00e+00    0 0.00e+00  0
VecScatterBegin        1 1.0 8.3993e-05 1.7 0.00e+00 0.0 5.6e+01 1.1e+04 0.0e+00  0  0  0  0  0   0  0 21  2  0     0       0      0 0.00e+00    0 0.00e+00  0
VecScatterEnd          1 1.0 1.5513e-04 23.1 0.00e+00 0.0 0.0e+00 0.0e+00 0.0e+00  0  0  0  0  0   0  0  0  0  0     0       0      0 0.00e+00    0 0.00e+00  0
VecNormalize           3 1.0 2.3274e-04 1.3 8.85e+05 1.0 0.0e+00 0.0e+00 0.0e+00  0  0  0  0  0   0  3  0  0  0 30411       0      0 0.00e+00    0 0.00e+00  0
SFSetGraph             1 1.0 6.9033e-05 1.0 0.00e+00 0.0 0.0e+00 0.0e+00 0.0e+00  0  0  0  0  0   0  0  0  0  0     0       0      0 0.00e+00    0 0.00e+00  0
SFSetUp                1 1.0 5.0184e-04 1.2 0.00e+00 0.0 1.1e+02 2.7e+03 0.0e+00  0  0  0  0  0   0  0 43  1  0     0       0      0 0.00e+00    0 0.00e+00  0
SFPack                 1 1.0 6.6330e-06 1.2 0.00e+00 0.0 0.0e+00 0.0e+00 0.0e+00  0  0  0  0  0   0  0  0  0  0     0       0      0 0.00e+00    0 0.00e+00  0
SFUnpack               1 1.0 2.4000e-07 1.6 0.00e+00 0.0 0.0e+00 0.0e+00 0.0e+00  0  0  0  0  0   0  0  0  0  0     0       0      0 0.00e+00    0 0.00e+00  0

--- Event Stage 1: Setup

BuildTwoSided        207 1.0 4.5268e-02 1.7 0.00e+00 0.0 1.7e+03 4.0e+00 0.0e+00  1  0  2  0  0   1  0 13  0  0     0       0      0 0.00e+00    0 0.00e+00  0
BuildTwoSidedF       153 1.0 3.7951e-02 2.0 0.00e+00 0.0 2.7e+02 7.7e+03 0.0e+00  1  0  0  0  0   1  0  2  1  0     0       0      0 0.00e+00    0 0.00e+00  0
MatMult               80 1.0 2.7696e-02 1.1 3.63e+08 1.0 3.6e+03 4.7e+03 0.0e+00  0  4  3  3  0   1 90 28  9  0 103426   368141      4 1.94e+00    0 0.00e+00 100
MatScale              12 1.0 1.9353e-02 1.2 7.09e+06 1.0 1.7e+02 1.4e+03 0.0e+00  0  0  0  0  0   0  2  1  0  0  2921   72639     11 5.41e-01    0 0.00e+00 100
MatAssemblyBegin      64 1.0 9.9060e-03 2.3 0.00e+00 0.0 2.7e+02 7.7e+03 0.0e+00  0  0  0  0  0   0  0  2  1  0     0       0      0 0.00e+00    0 0.00e+00  0
MatAssemblyEnd        64 1.0 1.7179e-01 2.3 0.00e+00 0.0 1.7e+03 3.7e+02 3.2e+01  2  0  2  0 23   3  0 13  0 29     0       0      0 0.00e+00    0 0.00e+00  0
MatSetValues      142306 1.0 3.8080e-01 1.0 6.20e+05 1.0 0.0e+00 0.0e+00 0.0e+00  6  0  0  0  0  10  0  0  0  0    13       0      0 0.00e+00    6 2.11e+01  0
MatGetValues       33610 1.0 7.0979e-02 1.1 0.00e+00 0.0 0.0e+00 0.0e+00 0.0e+00  1  0  0  0  0   2  0  0  0  0     0       0      0 0.00e+00    0 0.00e+00  0
MatGetRow         480713 1.0 9.3700e-01 1.0 0.00e+00 0.0 0.0e+00 0.0e+00 0.0e+00 16  0  0  0  0  24  0  0  0  0     0       0      0 0.00e+00   11 1.70e+01  0
MatCreateSubMat        2 1.0 3.5324e-03 1.0 0.00e+00 0.0 3.0e+01 9.7e+01 1.0e+01  0  0  0  0  7   0  0  0  0  9     0       0      0 0.00e+00    2 0.00e+00  0
MatCoarsen             4 1.0 1.7035e-02 1.1 0.00e+00 0.0 1.7e+03 9.7e+02 2.7e+01  0  0  1  0 20   0  0 13  1 24     0       0      3 5.88e-03    0 0.00e+00  0
MatAXPY                4 1.0 7.1940e-01 1.0 6.20e+05 1.0 0.0e+00 0.0e+00 0.0e+00 12  0  0  0  0  18  0  0  0  0     7       0      0 0.00e+00    6 2.11e+01  0
MatTranspose           3 1.0 4.2339e-03 1.0 0.00e+00 0.0 2.2e+02 4.4e+01 9.0e+00  0  0  0  0  7   0  0  2  0  8     0       0      3 5.88e-03    0 0.00e+00  0
MatMatMultSym          4 1.0 1.8502e-01 1.0 0.00e+00 0.0 1.4e+03 7.5e+03 1.2e+01  3  0  1  2  9   5  0 11  6 11     0       0      8 4.95e+00    0 0.00e+00  0
MatMatMultNum          4 1.0 1.0420e-06 1.5 0.00e+00 0.0 0.0e+00 0.0e+00 0.0e+00  0  0  0  0  0   0  0  0  0  0     0       0      0 0.00e+00    0 0.00e+00  0
MatPtAPSymbolic        4 1.0 5.3158e-01 1.0 0.00e+00 0.0 2.4e+03 4.8e+04 2.4e+01  9  0  2 17 17  13  0 18 61 21     0       0      8 2.11e+01    0 0.00e+00  0
MatPtAPNumeric         4 1.0 1.2020e-06 1.7 0.00e+00 0.0 0.0e+00 0.0e+00 0.0e+00  0  0  0  0  0   0  0  0  0  0     0       0      0 0.00e+00    0 0.00e+00  0
MatTrnMatMultSym       1 1.0 1.5161e-01 1.0 0.00e+00 0.0 4.5e+02 6.4e+04 3.0e+00  3  0  0  4  2   4  0  3 16  3     0       0      0 0.00e+00    0 0.00e+00  0
MatCreateGraph         4 1.0 6.0504e-01 1.0 1.79e+06 1.0 5.1e+02 7.2e+02 1.2e+01 10  0  0  0  9  15  0  4  0 11    24    5916     15 7.40e+00    8 1.02e+01 100
KSPSetUp               1 1.0 7.2024e-04 1.2 0.00e+00 0.0 0.0e+00 0.0e+00 0.0e+00  0  0  0  0  0   0  0  0  0  0     0       0      0 0.00e+00    0 0.00e+00  0
PCSetUp_GAMG+          1 1.0 3.9479e+00 1.0 4.02e+08 1.0 1.3e+04 1.4e+04 1.1e+02 68  4 12 28 81 100 100 100 100 100   806   34584     82 1.02e+02   47 3.96e+01 100
 PCGAMGCreateG         4 1.0 6.0505e-01 1.0 1.79e+06 1.0 5.1e+02 7.2e+02 1.2e+01 10  0  0  0  9  15  0  4  0 11    24    5916     15 7.40e+00    8 1.02e+01 100
 GAMG Coarsen          8 1.0 5.1944e-01 1.0 0.00e+00 0.0 2.4e+03 1.4e+04 3.0e+01  9  0  2  5 22  13  0 18 18 27     0       0      8 1.05e+00   12 7.37e+00  0
  GAMG MIS/Agg         4 1.0 1.7379e-01 1.0 0.00e+00 0.0 2.1e+03 1.4e+04 3.0e+01  3  0  2  5 22   4  0 16 17 27     0       0      3 5.88e-03    0 0.00e+00  0
 PCGAMGProl            4 1.0 1.1698e+00 1.0 0.00e+00 0.0 2.5e+03 4.0e+03 1.2e+01 20  0  2  2  9  30  0 20  6 11     0       0     38 5.97e+00   19 9.93e-01  0
  GAMG Prol-col        4 1.0 1.1422e+00 1.0 0.00e+00 0.0 2.2e+03 3.6e+03 0.0e+00 20  0  2  1  0  29  0 17  4  0     0       0     38 5.97e+00   19 9.93e-01  0
  GAMG Prol-lift       4 1.0 2.3488e-02 1.0 0.00e+00 0.0 2.8e+02 7.4e+03 4.0e+00  0  0  0  0  3   1  0  2  1  4     0       0      0 0.00e+00    0 0.00e+00  0
 PCGAMGOptProl         4 1.0 1.0284e+00 1.0 1.99e+08 1.0 3.3e+03 5.9e+03 1.2e+01 18  2  3  3  9  26 49 25 11 11  1531   19406     13 6.67e+01    6 2.11e+01 100
  GAMG smooth          4 1.0 9.1610e-01 1.0 5.92e+06 1.0 1.4e+03 7.5e+03 1.2e+01 16  0  1  2  9  23  1 11  6 11    52   87337      8 4.95e+00    6 2.11e+01 90
 PCGAMGCreateL         4 1.0 5.3819e-01 1.0 0.00e+00 0.0 2.4e+03 4.6e+04 4.6e+01  9  0  2 17 33  13  0 19 61 41     0       0      8 2.11e+01    2 0.00e+00  0
  GAMG PtAP            4 1.0 5.3163e-01 1.0 0.00e+00 0.0 2.4e+03 4.8e+04 2.4e+01  9  0  2 17 17  13  0 18 61 21     0       0      8 2.11e+01    0 0.00e+00  0
  GAMG Reduce          2 1.0 7.1709e-02 1.0 0.00e+00 0.0 6.7e+02 1.7e+04 3.4e+01  1  0  1  2 25   2  0  5  6 30     0       0      4 1.37e-01    2 0.00e+00  0
PCGAMG Squ l00         1 1.0 1.5162e-01 1.0 0.00e+00 0.0 4.5e+02 6.4e+04 3.0e+00  3  0  0  4  2   4  0  3 16  3     0       0      0 0.00e+00    0 0.00e+00  0
PCGAMG Gal l00         1 1.0 3.0814e-01 1.1 0.00e+00 0.0 8.6e+02 7.1e+04 6.0e+00  5  0  1  9  4   8  0  7 34  5     0       0      2 1.92e+01    0 0.00e+00  0
PCGAMG Opt l00         1 1.0 7.5076e-02 1.0 0.00e+00 0.0 4.4e+02 1.7e+04 3.0e+00  1  0  0  1  2   2  0  3  4  3     0       0      2 4.72e+00    0 0.00e+00  0
PCGAMG Gal l01         1 1.0 1.6209e-01 1.0 0.00e+00 0.0 9.0e+02 4.4e+04 6.0e+00  3  0  1  6  4   4  0  7 21  5     0       0      2 1.79e+00    0 0.00e+00  0
PCGAMG Opt l01         1 1.0 1.7626e-02 1.0 0.00e+00 0.0 4.5e+02 4.6e+03 3.0e+00  0  0  0  0  2   0  0  3  1  3     0       0      2 2.11e-01    0 0.00e+00  0
PCGAMG Gal l02         1 1.0 2.4572e-02 1.0 0.00e+00 0.0 4.8e+02 2.4e+04 6.0e+00  0  0  0  2  4   1  0  4  6  5     0       0      2 1.37e-01    0 0.00e+00  0
PCGAMG Opt l02         1 1.0 4.9751e-02 1.0 0.00e+00 0.0 4.5e+02 2.2e+03 3.0e+00  1  0  0  0  2   1  0  3  1  3     0       0      2 1.52e-02    0 0.00e+00  0
PCGAMG Gal l03         1 1.0 3.9859e-02 1.0 0.00e+00 0.0 1.2e+02 7.2e+02 6.0e+00  1  0  0  0  4   1  0  1  0  5     0       0      2 7.20e-04    0 0.00e+00  0
PCGAMG Opt l03         1 1.0 4.2654e-02 1.0 0.00e+00 0.0 9.8e+01 8.6e+02 3.0e+00  1  0  0  0  2   1  0  1  0  3     0       0      2 7.20e-04    0 0.00e+00  0
PCSetUp                1 1.0 3.9480e+00 1.0 4.02e+08 1.0 1.3e+04 1.4e+04 1.1e+02 68  4 12 28 81 100 100 100 100 100   806   34584     82 1.02e+02   47 3.96e+01 100
VecTDot              184 1.0 6.0502e-02 4.2 9.51e+06 1.0 0.0e+00 0.0e+00 0.0e+00  1  0  0  0  0   1  2  0  0  0  1253   16963      0 0.00e+00    0 0.00e+00 100
VecNorm               44 1.0 1.4324e-02 2.0 2.27e+06 1.0 0.0e+00 0.0e+00 0.0e+00  0  0  0  0  0   0  1  0  0  0  1266    5251      0 0.00e+00    0 0.00e+00 100
VecCopy               16 1.0 4.2887e-04 1.2 0.00e+00 0.0 0.0e+00 0.0e+00 0.0e+00  0  0  0  0  0   0  0  0  0  0     0       0      0 0.00e+00    0 0.00e+00  0
VecSet                 8 1.0 1.7345e-04 1.1 0.00e+00 0.0 0.0e+00 0.0e+00 0.0e+00  0  0  0  0  0   0  0  0  0  0     0       0      0 0.00e+00    0 0.00e+00  0
VecAXPY              160 1.0 7.3432e-02 2.6 8.27e+06 1.0 0.0e+00 0.0e+00 0.0e+00  1  0  0  0  0   1  2  0  0  0   898     918      0 0.00e+00    0 0.00e+00 100
VecAYPX               72 1.0 2.6327e-03 1.1 3.72e+06 1.0 0.0e+00 0.0e+00 0.0e+00  0  0  0  0  0   0  1  0  0  0 11272   15962      0 0.00e+00    0 0.00e+00 100
VecAssemblyBegin     136 1.0 3.1913e-02 2.4 0.00e+00 0.0 0.0e+00 0.0e+00 0.0e+00  0  0  0  0  0   1  0  0  0  0     0       0      0 0.00e+00    0 0.00e+00  0
VecAssemblyEnd       136 1.0 1.4009e-04 1.2 0.00e+00 0.0 0.0e+00 0.0e+00 0.0e+00  0  0  0  0  0   0  0  0  0  0     0       0      0 0.00e+00    0 0.00e+00  0
VecPointwiseMult      44 1.0 8.3522e-04 1.1 1.14e+06 1.0 0.0e+00 0.0e+00 0.0e+00  0  0  0  0  0   0  0  0  0  0 10856   23845      0 0.00e+00    0 0.00e+00 100
VecReciprocal         12 1.0 2.3842e-03 1.7 0.00e+00 0.0 0.0e+00 0.0e+00 0.0e+00  0  0  0  0  0   0  0  0  0  0     0       0      0 0.00e+00    0 0.00e+00  0
VecSetValues      784962 1.0 1.2951e+00 1.0 0.00e+00 0.0 0.0e+00 0.0e+00 0.0e+00 22  0  0  0  0  32  0  0  0  0     0       0      0 0.00e+00    0 0.00e+00  0
VecScatterBegin      221 1.0 3.4708e-02 1.7 0.00e+00 0.0 6.3e+03 4.3e+03 0.0e+00  0  0  6  4  0   1  0 49 15  0     0       0     53 7.31e+00    0 0.00e+00  0
VecScatterEnd        221 1.0 2.0693e-02 2.7 0.00e+00 0.0 0.0e+00 0.0e+00 0.0e+00  0  0  0  0  0   0  0  0  0  0     0       0      0 0.00e+00    0 0.00e+00  0
SFSetGraph            54 1.0 1.5825e-04 1.1 0.00e+00 0.0 0.0e+00 0.0e+00 0.0e+00  0  0  0  0  0   0  0  0  0  0     0       0      0 0.00e+00    0 0.00e+00  0
SFSetUp               54 1.0 3.2246e-02 1.1 0.00e+00 0.0 3.2e+03 1.2e+04 0.0e+00  1  0  3  6  0   1  0 25 21  0     0       0      0 0.00e+00    0 0.00e+00  0
SFBcastBegin          43 1.0 8.2178e-02 5.3 0.00e+00 0.0 2.0e+03 2.9e+04 0.0e+00  1  0  2  9  0   1  0 15 32  0     0       0      0 0.00e+00    0 0.00e+00  0
SFBcastEnd            43 1.0 1.1867e-01 22.9 0.00e+00 0.0 0.0e+00 0.0e+00 0.0e+00  1  0  0  0  0   1  0  0  0  0     0       0      0 0.00e+00    0 0.00e+00  0
SFReduceBegin         13 1.0 6.1759e-03 1.6 0.00e+00 0.0 3.9e+02 1.5e+05 0.0e+00  0  0  0  9  0   0  0  3 31  0     0       0      0 0.00e+00    0 0.00e+00  0
SFReduceEnd           13 1.0 3.7555e-02 5.7 0.00e+00 0.0 0.0e+00 0.0e+00 0.0e+00  0  0  0  0  0   0  0  0  0  0     0       0      0 0.00e+00    0 0.00e+00  0
SFPack               277 1.0 6.5651e-03 1.1 0.00e+00 0.0 0.0e+00 0.0e+00 0.0e+00  0  0  0  0  0   0  0  0  0  0     0       0      7 1.83e-02    0 0.00e+00  0
SFUnpack             277 1.0 4.1432e-05 1.2 0.00e+00 0.0 0.0e+00 0.0e+00 0.0e+00  0  0  0  0  0   0  0  0  0  0     0       0      0 0.00e+00    0 0.00e+00  0

--- Event Stage 2: Solve

MatMult              687 1.0 1.3568e-01 1.4 2.64e+09 1.0 2.5e+04 4.9e+03 0.0e+00  2 26 22 18  0  36 84 77 95  0 153972   546295      0 2.55e-05    0 0.00e+00 100
MatMultAdd           120 1.0 2.0593e-02 1.2 1.59e+08 1.0 3.7e+03 9.4e+02 0.0e+00  0  2  3  1  0   7  5 11  3  0 61582   213954      0 0.00e+00    0 0.00e+00 100
MatMultTranspose     120 1.0 6.9073e-02 1.8 1.59e+08 1.0 3.7e+03 9.4e+02 0.0e+00  1  2  3  1  0  21  5 11  3  0 18365   278836      2 7.17e-03    0 0.00e+00 100
MatResidual          120 1.0 2.2102e-02 1.1 5.50e+08 1.0 5.5e+03 4.7e+03 0.0e+00  0  5  5  4  0   7 17 17 20  0 196643   518248      0 0.00e+00    0 0.00e+00 100
KSPSolve               1 1.0 2.9265e-01 1.0 3.14e+09 1.0 3.2e+04 4.0e+03 0.0e+00  5 31 29 19  0 100 100 100 100  0 85013   280382      2 7.20e-03    0 0.00e+00 100
PCApply               30 1.0 2.7688e-01 1.0 2.64e+09 1.0 3.0e+04 3.6e+03 0.0e+00  5 26 27 17  0  94 84 95 86  0 75442   257296      2 7.20e-03    0 0.00e+00 100
VecTDot              476 1.0 3.9236e-02 1.5 1.22e+07 1.0 0.0e+00 0.0e+00 0.0e+00  1  0  0  0  0  12  0  0  0  0  2486    9664      0 0.00e+00    0 0.00e+00 100
VecNorm              238 1.0 2.5764e-02 1.4 6.10e+06 1.0 0.0e+00 0.0e+00 0.0e+00  0  0  0  0  0   8  0  0  0  0  1893    4916      0 0.00e+00    0 0.00e+00 100
VecCopy              422 1.0 7.8351e-03 1.2 0.00e+00 0.0 0.0e+00 0.0e+00 0.0e+00  0  0  0  0  0   2  0  0  0  0     0       0      0 0.00e+00    0 0.00e+00  0
VecSet               151 1.0 2.5344e-03 1.1 0.00e+00 0.0 0.0e+00 0.0e+00 0.0e+00  0  0  0  0  0   1  0  0  0  0     0       0      0 0.00e+00    0 0.00e+00  0
VecAXPY              414 1.0 6.6585e-03 1.3 1.18e+07 1.0 0.0e+00 0.0e+00 0.0e+00  0  0  0  0  0   2  0  0  0  0 14174   39763      0 0.00e+00    0 0.00e+00 100
VecAYPX              896 1.0 1.5682e-02 1.1 4.29e+07 1.0 0.0e+00 0.0e+00 0.0e+00  0  0  0  0  0   5  1  0  0  0 21832   53217      0 0.00e+00    0 0.00e+00 100
VecAXPBYCZ           240 1.0 4.3712e-03 1.1 3.10e+07 1.0 0.0e+00 0.0e+00 0.0e+00  0  0  0  0  0   1  1  0  0  0 56572   128798      0 0.00e+00    0 0.00e+00 100
VecPointwiseMult     207 1.0 3.4325e-03 1.4 1.24e+03 0.0 0.0e+00 0.0e+00 0.0e+00  0  0  0  0  0   1  0  0  0  0     0       1      0 0.00e+00    0 0.00e+00 100
VecReciprocal          1 1.0 1.9779e-05 1.5 0.00e+00 0.0 0.0e+00 0.0e+00 0.0e+00  0  0  0  0  0   0  0  0  0  0     0       0      0 0.00e+00    0 0.00e+00  0
VecScatterBegin      927 1.0 7.1072e-02 2.2 0.00e+00 0.0 3.2e+04 4.0e+03 0.0e+00  1  0 29 19  0  17  0 100 100  0     0       0      0 2.55e-05    0 0.00e+00  0
VecScatterEnd        927 1.0 9.4316e-02 1.7 6.25e+04 1.4 0.0e+00 0.0e+00 0.0e+00  1  0  0  0  0  26  0  0  0  0     5       0      2 7.17e-03    0 0.00e+00 100
SFPack               927 1.0 2.8026e-03 1.8 0.00e+00 0.0 0.0e+00 0.0e+00 0.0e+00  0  0  0  0  0   1  0  0  0  0     0       0      0 2.55e-05    0 0.00e+00  0
SFUnpack             927 1.0 9.0403e-04 1.7 6.25e+04 1.4 0.0e+00 0.0e+00 0.0e+00  0  0  0  0  0   0  0  0  0  0   476       0      2 7.17e-03    0 0.00e+00 100

--- Event Stage 3: 2nd Setup

MatMult               40 1.0 6.2594e-03 1.1 1.81e+08 1.0 1.8e+03 4.7e+03 0.0e+00  0  2  2  1  0  16 87 86 13  0 228818   548340      0 0.00e+00    0 0.00e+00 100
MatScale               1 1.0 1.1760e-04 1.0 7.72e+06 1.0 0.0e+00 0.0e+00 0.0e+00  0  0  0  0  0   0  4  0  0  0 524937   638984      0 0.00e+00    0 0.00e+00 100
MatPtAPNumeric         4 1.0 1.4460e-02 1.0 0.00e+00 0.0 3.0e+02 1.8e+05 0.0e+00  0  0  0  8  0  40  0 14 87  0     0       0      0 0.00e+00    0 0.00e+00  0
KSPSetUp               1 1.0 2.1000e-07 1.2 0.00e+00 0.0 0.0e+00 0.0e+00 0.0e+00  0  0  0  0  0   0  0  0  0  0     0       0      0 0.00e+00    0 0.00e+00  0
PCSetUp_GAMG+          1 1.0 3.5704e-02 1.0 2.02e+08 1.0 2.1e+03 3.0e+04 0.0e+00  1  2  2 10  0  99 96 100 100  0 44618   200605      4 2.59e+00    1 6.00e-06 100
PCGAMG Gal l00         1 1.0 7.7212e-03 1.0 0.00e+00 0.0 1.1e+02 2.9e+05 0.0e+00  0  0  0  5  0  21  0  5 47  0     0       0      0 0.00e+00    0 0.00e+00  0
PCGAMG Gal l01         1 1.0 3.7958e-03 1.3 0.00e+00 0.0 1.1e+02 1.8e+05 0.0e+00  0  0  0  3  0   9  0  5 30  0     0       0      0 0.00e+00    0 0.00e+00  0
PCGAMG Gal l02         1 1.0 2.8913e-03 1.1 0.00e+00 0.0 7.0e+01 8.2e+04 0.0e+00  0  0  0  1  0   7  0  3  9  0     0       0      0 0.00e+00    0 0.00e+00  0
PCGAMG Gal l03         1 1.0 7.8798e-04 1.6 0.00e+00 0.0 1.5e+01 2.7e+03 0.0e+00  0  0  0  0  0   2  0  1  0  0     0       0      0 0.00e+00    0 0.00e+00  0
PCSetUp                1 1.0 3.5706e-02 1.0 2.02e+08 1.0 2.1e+03 3.0e+04 0.0e+00  1  2  2 10  0  99 96 100 100  0 44615   200605      4 2.59e+00    1 6.00e-06 100
VecTDot               92 1.0 6.2548e-03 1.1 4.75e+06 1.0 0.0e+00 0.0e+00 0.0e+00  0  0  0  0  0  17  2  0  0  0  6062   17592      0 0.00e+00    0 0.00e+00 100
VecNorm               44 1.0 4.1917e-03 1.2 2.27e+06 1.0 0.0e+00 0.0e+00 0.0e+00  0  0  0  0  0  11  1  0  0  0  4326   10202      0 0.00e+00    0 0.00e+00 100
VecCopy                8 1.0 1.8255e-04 1.1 0.00e+00 0.0 0.0e+00 0.0e+00 0.0e+00  0  0  0  0  0   0  0  0  0  0     0       0      0 0.00e+00    0 0.00e+00  0
VecSet                 4 1.0 1.1623e-04 1.1 0.00e+00 0.0 0.0e+00 0.0e+00 0.0e+00  0  0  0  0  0   0  0  0  0  0     0       0      0 0.00e+00    0 0.00e+00  0
VecAXPY               80 1.0 1.3240e-03 1.1 4.13e+06 1.0 0.0e+00 0.0e+00 0.0e+00  0  0  0  0  0   3  2  0  0  0 24902   66317      0 0.00e+00    0 0.00e+00 100
VecAYPX               36 1.0 6.5241e-04 1.1 1.86e+06 1.0 0.0e+00 0.0e+00 0.0e+00  0  0  0  0  0   2  1  0  0  0 22742   54833      0 0.00e+00    0 0.00e+00 100
VecReciprocal          1 1.0 1.9588e-05 1.6 0.00e+00 0.0 0.0e+00 0.0e+00 0.0e+00  0  0  0  0  0   0  0  0  0  0     0       0      0 0.00e+00    0 0.00e+00  0
VecScatterBegin       40 1.0 2.2098e-03 1.6 0.00e+00 0.0 1.8e+03 4.7e+03 0.0e+00  0  0  2  1  0   5  0 86 13  0     0       0      0 0.00e+00    0 0.00e+00  0
VecScatterEnd         40 1.0 1.2458e-03 2.2 0.00e+00 0.0 0.0e+00 0.0e+00 0.0e+00  0  0  0  0  0   3  0  0  0  0     0       0      0 0.00e+00    0 0.00e+00  0
SFBcastBegin           4 1.0 2.8484e-03 1.8 0.00e+00 0.0 1.8e+02 1.8e+05 0.0e+00  0  0  0  5  0   6  0  9 50  0     0       0      0 0.00e+00    0 0.00e+00  0
SFBcastEnd             4 1.0 1.3757e-03 5.3 0.00e+00 0.0 0.0e+00 0.0e+00 0.0e+00  0  0  0  0  0   2  0  0  0  0     0       0      0 0.00e+00    0 0.00e+00  0
SFReduceBegin          4 1.0 8.0396e-04 3.5 0.00e+00 0.0 1.2e+02 1.9e+05 0.0e+00  0  0  0  4  0   1  0  6 37  0     0       0      0 0.00e+00    0 0.00e+00  0
SFReduceEnd            4 1.0 1.1767e-03 6.7 0.00e+00 0.0 0.0e+00 0.0e+00 0.0e+00  0  0  0  0  0   2  0  0  0  0     0       0      0 0.00e+00    0 0.00e+00  0
SFPack                48 1.0 1.4748e-04 1.4 0.00e+00 0.0 0.0e+00 0.0e+00 0.0e+00  0  0  0  0  0   0  0  0  0  0     0       0      0 0.00e+00    0 0.00e+00  0
SFUnpack              48 1.0 7.4960e-06 1.2 0.00e+00 0.0 0.0e+00 0.0e+00 0.0e+00  0  0  0  0  0   0  0  0  0  0     0       0      0 0.00e+00    0 0.00e+00  0

--- Event Stage 4: 2nd Solve

MatMult              687 1.0 1.0224e-01 1.1 2.64e+09 1.0 2.5e+04 4.9e+03 0.0e+00  2 26 22 18  0  42 84 77 95  0 204328   543412      0 0.00e+00    0 0.00e+00 100
MatMultAdd           120 1.0 1.6588e-02 1.1 1.59e+08 1.0 3.7e+03 9.4e+02 0.0e+00  0  2  3  1  0   7  5 11  3  0 76446   213292      0 0.00e+00    0 0.00e+00 100
MatMultTranspose     120 1.0 1.4743e-02 1.2 1.59e+08 1.0 3.7e+03 9.4e+02 0.0e+00  0  2  3  1  0   6  5 11  3  0 86045   275990      0 0.00e+00    0 0.00e+00 100
MatResidual          120 1.0 2.1862e-02 1.0 5.50e+08 1.0 5.5e+03 4.7e+03 0.0e+00  0  5  5  4  0   9 17 17 20  0 198804   515418      0 0.00e+00    0 0.00e+00 100
KSPSolve               1 1.0 2.2898e-01 1.0 3.14e+09 1.0 3.2e+04 4.0e+03 0.0e+00  4 31 29 19  0 100 100 100 100  0 108651   279934      0 0.00e+00    0 0.00e+00 100
PCApply               30 1.0 2.1375e-01 1.0 2.64e+09 1.0 3.0e+04 3.6e+03 0.0e+00  4 26 27 17  0  93 84 95 86  0 97726   255436      0 0.00e+00    0 0.00e+00 100
VecTDot              476 1.0 3.7802e-02 1.5 1.22e+07 1.0 0.0e+00 0.0e+00 0.0e+00  1  0  0  0  0  15  0  0  0  0  2580    9627      0 0.00e+00    0 0.00e+00 100
VecNorm              238 1.0 2.4427e-02 1.3 6.10e+06 1.0 0.0e+00 0.0e+00 0.0e+00  0  0  0  0  0  10  0  0  0  0  1996    4758      0 0.00e+00    0 0.00e+00 100
VecCopy              422 1.0 7.5998e-03 1.2 0.00e+00 0.0 0.0e+00 0.0e+00 0.0e+00  0  0  0  0  0   3  0  0  0  0     0       0      0 0.00e+00    0 0.00e+00  0
VecSet               151 1.0 2.5518e-03 1.1 0.00e+00 0.0 0.0e+00 0.0e+00 0.0e+00  0  0  0  0  0   1  0  0  0  0     0       0      0 0.00e+00    0 0.00e+00  0
VecAXPY              414 1.0 6.7175e-03 1.3 1.18e+07 1.0 0.0e+00 0.0e+00 0.0e+00  0  0  0  0  0   2  0  0  0  0 14049   39555      0 0.00e+00    0 0.00e+00 100
VecAYPX              896 1.0 1.5736e-02 1.1 4.29e+07 1.0 0.0e+00 0.0e+00 0.0e+00  0  0  0  0  0   6  1  0  0  0 21757   53243      0 0.00e+00    0 0.00e+00 100
VecAXPBYCZ           240 1.0 4.1519e-03 1.1 3.10e+07 1.0 0.0e+00 0.0e+00 0.0e+00  0  0  0  0  0   2  1  0  0  0 59561   148098      0 0.00e+00    0 0.00e+00 100
VecPointwiseMult     207 1.0 3.5081e-03 1.4 1.24e+03 0.0 0.0e+00 0.0e+00 0.0e+00  0  0  0  0  0   1  0  0  0  0     0       1      0 0.00e+00    0 0.00e+00 100
VecScatterBegin      927 1.0 5.0974e-02 2.0 0.00e+00 0.0 3.2e+04 4.0e+03 0.0e+00  1  0 29 19  0  14  0 100 100  0     0       0      0 0.00e+00    0 0.00e+00  0
VecScatterEnd        927 1.0 3.9987e-02 3.3 6.25e+04 1.4 0.0e+00 0.0e+00 0.0e+00  1  0  0  0  0  14  0  0  0  0    11       0      0 0.00e+00    0 0.00e+00 100
SFPack               927 1.0 2.7919e-03 1.7 0.00e+00 0.0 0.0e+00 0.0e+00 0.0e+00  0  0  0  0  0   1  0  0  0  0     0       0      0 0.00e+00    0 0.00e+00  0
SFUnpack             927 1.0 7.6385e-04 1.7 6.25e+04 1.4 0.0e+00 0.0e+00 0.0e+00  0  0  0  0  0   0  0  0  0  0   563       0      0 0.00e+00    0 0.00e+00 100

--- Event Stage 5: 3rd Setup


--- Event Stage 6: 3rd Solve

MatMult              687 1.0 1.0148e-01 1.1 2.64e+09 1.0 2.5e+04 4.9e+03 0.0e+00  2 26 22 18  0  42 84 77 95  0 205873   546559      0 0.00e+00    0 0.00e+00 100
MatMultAdd           120 1.0 1.6652e-02 1.0 1.59e+08 1.0 3.7e+03 9.4e+02 0.0e+00  0  2  3  1  0   7  5 11  3  0 76155   213110      0 0.00e+00    0 0.00e+00 100
MatMultTranspose     120 1.0 1.4845e-02 1.2 1.59e+08 1.0 3.7e+03 9.4e+02 0.0e+00  0  2  3  1  0   6  5 11  3  0 85452   275583      0 0.00e+00    0 0.00e+00 100
MatScale               1 1.0 1.1688e-04 1.0 7.72e+06 1.0 0.0e+00 0.0e+00 0.0e+00  0  0  0  0  0   0  0  0  0  0 528175   644105      0 0.00e+00    0 0.00e+00 100
MatResidual          120 1.0 2.1774e-02 1.0 5.50e+08 1.0 5.5e+03 4.7e+03 0.0e+00  0  5  5  4  0   9 17 17 20  0 199606   517103      0 0.00e+00    0 0.00e+00 100
KSPSolve               1 1.0 2.2838e-01 1.0 3.14e+09 1.0 3.2e+04 4.0e+03 0.0e+00  4 31 29 19  0 100 100 100 100  0 108936   281217      0 0.00e+00    0 0.00e+00 100
PCApply               30 1.0 2.1296e-01 1.0 2.64e+09 1.0 3.0e+04 3.6e+03 0.0e+00  4 26 27 17  0  93 84 95 86  0 98089   256650      0 0.00e+00    0 0.00e+00 100
VecTDot              476 1.0 3.7579e-02 1.4 1.22e+07 1.0 0.0e+00 0.0e+00 0.0e+00  1  0  0  0  0  15  0  0  0  0  2595    9736      0 0.00e+00    0 0.00e+00 100
VecNorm              238 1.0 2.4235e-02 1.3 6.10e+06 1.0 0.0e+00 0.0e+00 0.0e+00  0  0  0  0  0  10  0  0  0  0  2012    4786      0 0.00e+00    0 0.00e+00 100
VecCopy              422 1.0 7.5930e-03 1.2 0.00e+00 0.0 0.0e+00 0.0e+00 0.0e+00  0  0  0  0  0   3  0  0  0  0     0       0      0 0.00e+00    0 0.00e+00  0
VecSet               151 1.0 2.5402e-03 1.1 0.00e+00 0.0 0.0e+00 0.0e+00 0.0e+00  0  0  0  0  0   1  0  0  0  0     0       0      0 0.00e+00    0 0.00e+00  0
VecAXPY              414 1.0 6.6911e-03 1.3 1.18e+07 1.0 0.0e+00 0.0e+00 0.0e+00  0  0  0  0  0   2  0  0  0  0 14105   39679      0 0.00e+00    0 0.00e+00 100
VecAYPX              896 1.0 1.5729e-02 1.1 4.29e+07 1.0 0.0e+00 0.0e+00 0.0e+00  0  0  0  0  0   6  1  0  0  0 21766   53157      0 0.00e+00    0 0.00e+00 100
VecAXPBYCZ           240 1.0 4.1131e-03 1.1 3.10e+07 1.0 0.0e+00 0.0e+00 0.0e+00  0  0  0  0  0   2  1  0  0  0 60122   150873      0 0.00e+00    0 0.00e+00 100
VecPointwiseMult     207 1.0 3.4477e-03 1.4 1.24e+03 0.0 0.0e+00 0.0e+00 0.0e+00  0  0  0  0  0   1  0  0  0  0     0       1      0 0.00e+00    0 0.00e+00 100
VecScatterBegin      927 1.0 5.0053e-02 1.9 0.00e+00 0.0 3.2e+04 4.0e+03 0.0e+00  1  0 29 19  0  14  0 100 100  0     0       0      0 0.00e+00    0 0.00e+00  0
VecScatterEnd        927 1.0 3.9698e-02 3.1 6.25e+04 1.4 0.0e+00 0.0e+00 0.0e+00  1  0  0  0  0  14  0  0  0  0    11       0      0 0.00e+00    0 0.00e+00 100
SFPack               927 1.0 2.7945e-03 1.7 0.00e+00 0.0 0.0e+00 0.0e+00 0.0e+00  0  0  0  0  0   1  0  0  0  0     0       0      0 0.00e+00    0 0.00e+00  0
SFUnpack             927 1.0 7.5914e-04 1.7 6.25e+04 1.4 0.0e+00 0.0e+00 0.0e+00  0  0  0  0  0   0  0  0  0  0   567       0      0 0.00e+00    0 0.00e+00 100
---------------------------------------------------------------------------------------------------------------------------------------------------------------

Object Type          Creations   Destructions. Reports information only for process 0.

--- Event Stage 0: Main Stage

           Container     4              4
       Krylov Solver     1             10
              Matrix     3             41
      Matrix Coarsen     0              1
   Matrix Null Space     1              1
      Preconditioner     1              6
              Viewer     1              1
  PetscDeviceContext     1              0
              Vector    12             67
           Index Set     2              8
   Star Forest Graph     1             29
    Distributed Mesh     0              4
     Discrete System     0              4
           Weak Form     0              4

--- Event Stage 1: Setup

           Container     3              3
       Krylov Solver    13              4
              Matrix    98             60
      Matrix Coarsen     4              3
      Preconditioner    13              8
              Vector   290            236
           Index Set    85             79
   Star Forest Graph    54             34
         PetscRandom     4              4

--- Event Stage 2: Solve

              Vector     1              0
   Star Forest Graph     8              0
    Distributed Mesh     4              0
     Discrete System     4              0
           Weak Form     4              0

--- Event Stage 3: 2nd Setup

              Vector    12             12

--- Event Stage 4: 2nd Solve


--- Event Stage 5: 3rd Setup


--- Event Stage 6: 3rd Solve

========================================================================================================================
Average time to get PetscTime(): 3.51e-08
Average time for MPI_Barrier(): 1.67964e-05
Average time for zero size MPI_Send(): 1.70616e-05
#PETSc Option Table entries:
-alpha 1.e-3 # (source: command line)
-ksp_converged_reason # (source: command line)
-ksp_norm_type unpreconditioned # (source: command line)
-ksp_rtol 1e-6 # (source: command line)
-ksp_type cg # (source: command line)
-log_view # (source: command line)
-log_view_gpu_time # (source: command line)
-mat_type aijkokkos # (source: command line)
-mg_coarse_ksp_type cg # (source: command line)
-mg_coarse_pc_type jacobi # (source: command line)
-mg_levels_ksp_type chebyshev # (source: command line)
-mg_levels_pc_type pbjacobi # (source: command line)
-ne 63 # (source: command line)
-pc_gamg_agg_nsmooths 1 # (source: command line)
-pc_gamg_coarse_eq_limit 20 # (source: command line)
-pc_gamg_parallel_coarse_grid_solver # (source: command line)
-pc_gamg_reuse_interpolation true # (source: command line)
-pc_gamg_type agg # (source: command line)
-pc_type gamg # (source: command line)
-two_solves # (source: command line)
-use_mat_nearnullspace # (source: command line)
#End of PETSc Option Table entries
Compiled without FORTRAN kernels
Compiled with full precision matrices (default)
sizeof(short) 2 sizeof(int) 4 sizeof(long) 8 sizeof(void*) 8 sizeof(PetscScalar) 8 sizeof(PetscInt) 4
Configure options: --with-make-np=8 --with-mpiexec="srun -G4 --gpu-bind=none" --with-batch=0 --download-triangle=1 --with-cc=cc --with-cxx=CC --with-fc=0 --with-debugging=0 --with-cuda=1 --with-cuda-arch=80 --download-kokkos --download-kokkos-kernels --force PETSC_ARCH=arch-perlmutter-opt-gcc-kokkos-cuda
-----------------------------------------
Libraries compiled on 2026-06-22 11:34:59 on login15
Machine characteristics: Linux-6.4.0-150600.23.103_15.0.24-cray_shasta_c-x86_64-with-glibc2.3.4
Using PETSc directory: /global/u2/m/madams/petsc
Using PETSc arch: arch-perlmutter-opt-gcc-kokkos-cuda
-----------------------------------------

Using C compiler: cc  -fPIC -Wall -Wwrite-strings -Wno-unknown-pragmas -Wno-lto-type-mismatch -Wno-stringop-overflow -fstack-protector -fvisibility=hidden -g -O 
-----------------------------------------

Using include paths: -I/global/u2/m/madams/petsc/include -I/global/u2/m/madams/petsc/arch-perlmutter-opt-gcc-kokkos-cuda/include -I/opt/nvidia/hpc_sdk/Linux_x86_64/25.5/cuda/12.9/include -I/opt/nvidia/hpc_sdk/Linux_x86_64/25.5/math_libs/12.9/include
-----------------------------------------

Using C linker: cc
Using libraries: -Wl,-rpath,/global/u2/m/madams/petsc/arch-perlmutter-opt-gcc-kokkos-cuda/lib -L/global/u2/m/madams/petsc/arch-perlmutter-opt-gcc-kokkos-cuda/lib -lpetsc -Wl,-rpath,/global/u2/m/madams/petsc/arch-perlmutter-opt-gcc-kokkos-cuda/lib -L/global/u2/m/madams/petsc/arch-perlmutter-opt-gcc-kokkos-cuda/lib -Wl,-rpath,/opt/nvidia/hpc_sdk/Linux_x86_64/25.5/cuda/12.9/lib64 -L/opt/nvidia/hpc_sdk/Linux_x86_64/25.5/cuda/12.9/lib64 -Wl,-rpath,/opt/nvidia/hpc_sdk/Linux_x86_64/25.5/math_libs/12.9/lib64 -L/opt/nvidia/hpc_sdk/Linux_x86_64/25.5/math_libs/12.9/lib64 -L/opt/nvidia/hpc_sdk/Linux_x86_64/25.5/cuda/12.9/lib64/stubs -lkokkoskernels -lkokkoscontainers -lkokkoscore -lkokkossimd -ltriangle -lcudart -lnvtx3interop -lcufft -lcublas -lcusparse -lcusolver -lcurand -lcuda -lnvidia-ml -lX11 -lstdc++ -lquadmath
-----------------------------------------

  Linear solve converged due to CONVERGED_RTOL iterations 24
  Linear solve converged due to CONVERGED_RTOL iterations 24
  Linear solve converged due to CONVERGED_RTOL iterations 24
[0]main |b-Ax|/|b|=7.102693e-07, |b|=3.122584e+00, emax=9.984292e-01
****************************************************************************************************************************************************************
***                                WIDEN YOUR WINDOW TO 160 CHARACTERS.  Use 'enscript -r -fCourier9' to print this document                                 ***
****************************************************************************************************************************************************************

------------------------------------------------------------------ PETSc Performance Summary: ------------------------------------------------------------------

/global/homes/m/madams/petsc/arch-perlmutter-opt-gcc-kokkos-cuda/tests/ksp/ksp/tutorials/ex56 on a arch-perlmutter-opt-gcc-kokkos-cuda named nid001161 with 1 process and CUDA architecture 80, by madams on Mon Jun 22 08:03:19 2026
Using PETSc Development Git Revision: v3.25.2-340-g83d2bd4a8b4 Git Date: 2026-06-21 14:23:19 -0400

                         Max       Max/Min     Avg       Total
Time (sec):           2.092e+00     1.000   2.092e+00
Objects:              0.000e+00     0.000   0.000e+00
Flops:                7.764e+09     1.000   7.764e+09  7.764e+09
Flops/sec:            3.711e+09     1.000   3.711e+09  3.711e+09
MPI Msg Count:        0.000e+00     0.000   0.000e+00  0.000e+00
MPI Msg Len (bytes):  0.000e+00     0.000   0.000e+00  0.000e+00
MPI Reductions:       0.000e+00     0.000

Flop counting convention: 1 flop = 1 real number operation of type (multiply/divide/add/subtract)
                            e.g., VecAXPY() for real vectors of length N --> 2N flops
                            and VecAXPY() for complex vectors of length N --> 8N flops

Summary of Stages:   ----- Time ------  ----- Flop ------  --- Messages ---  -- Message Lengths --  -- Reductions --
                        Avg     %Total     Avg     %Total    Count   %Total     Avg         %Total    Count   %Total
 0:      Main Stage: 6.6470e-01  31.8%  2.1144e+07   0.3%  0.000e+00   0.0%  0.000e+00        0.0%  0.000e+00   0.0%
 1:           Setup: 1.2484e+00  59.7%  3.7963e+08   4.9%  0.000e+00   0.0%  0.000e+00        0.0%  0.000e+00   0.0%
 2:           Solve: 5.2135e-02   2.5%  2.3857e+09  30.7%  0.000e+00   0.0%  0.000e+00        0.0%  0.000e+00   0.0%
 3:       2nd Setup: 2.4073e-02   1.2%  1.9859e+08   2.6%  0.000e+00   0.0%  0.000e+00        0.0%  0.000e+00   0.0%
 4:       2nd Solve: 5.1505e-02   2.5%  2.3857e+09  30.7%  0.000e+00   0.0%  0.000e+00        0.0%  0.000e+00   0.0%
 5:       3rd Setup: 4.3100e-07   0.0%  0.0000e+00   0.0%  0.000e+00   0.0%  0.000e+00        0.0%  0.000e+00   0.0%
 6:       3rd Solve: 5.1404e-02   2.5%  2.3932e+09  30.8%  0.000e+00   0.0%  0.000e+00        0.0%  0.000e+00   0.0%

------------------------------------------------------------------------------------------------------------------------
See the 'Profiling' chapter of the users' manual for details on interpreting output.
Phase summary info:
   Count: number of times phase was executed
   Time and Flop: Max - maximum over all processes
                  Ratio - ratio of maximum to minimum over all processes
   Mess: number of messages sent
   AvgLen: average message length (bytes)
   Reduct: number of global reductions
   Global: entire computation
   Stage: stages of a computation. Set stages with PetscLogStagePush() and PetscLogStagePop().
      %T - percent time in this phase         %F - percent flop in this phase
      %M - percent messages in this phase     %L - percent message lengths in this phase
      %R - percent reductions in this phase
   Total Mflop/s: 1e-6 * (sum of flop over all processes)/(max time over all processes)
   GPU Mflop/s: 1e-6 * (sum of flop on GPU over all processes)/(max GPU time over all processes)
   CpuToGpu Count: total number of CPU to GPU copies per processor
   CpuToGpu Size (Mbytes): 1e-6 * (total size of CPU to GPU copies per processor)
   GpuToCpu Count: total number of GPU to CPU copies per processor
   GpuToCpu Size (Mbytes): 1e-6 * (total size of GPU to CPU copies per processor)
   GPU %F: percent flops on GPU in this event
------------------------------------------------------------------------------------------------------------------------
Event                Count      Time (sec)     Flop                              --- Global ---  --- Stage ----  Total   GPU    - CpuToGpu -   - GpuToCpu - GPU
                   Max Ratio  Max     Ratio   Max  Ratio  Mess   AvgLen  Reduct  %T %F %M %L %R  %T %F %M %L %R Mflop/s Mflop/s Count   Size   Count   Size  %F
---------------------------------------------------------------------------------------------------------------------------------------------------------------

--- Event Stage 0: Main Stage

BuildTwoSided          2 1.0 2.3314e-05 1.0 0.00e+00 0.0 0.0e+00 0.0e+00 0.0e+00  0  0  0  0  0   0  0  0  0  0     0       0      0 0.00e+00    0 0.00e+00  0
BuildTwoSidedF         2 1.0 3.2734e-05 1.0 0.00e+00 0.0 0.0e+00 0.0e+00 0.0e+00  0  0  0  0  0   0  0  0  0  0     0       0      0 0.00e+00    0 0.00e+00  0
MatMult                1 1.0 1.3406e-05 1.0 1.50e+07 1.0 0.0e+00 0.0e+00 0.0e+00  0  0  0  0  0   0 71  0  0  0 1115211       0      0 0.00e+00    0 0.00e+00 100
MatAssemblyBegin       1 1.0 7.4504e-05 1.0 0.00e+00 0.0 0.0e+00 0.0e+00 0.0e+00  0  0  0  0  0   0  0  0  0  0     0       0      0 0.00e+00    0 0.00e+00  0
MatAssemblyEnd         1 1.0 3.1433e-02 1.0 0.00e+00 0.0 0.0e+00 0.0e+00 0.0e+00  2  0  0  0  0   5  0  0  0  0     0       0      0 0.00e+00    0 0.00e+00  0
DCtxCreate             1 1.0 4.1160e-05 1.0 0.00e+00 0.0 0.0e+00 0.0e+00 0.0e+00  0  0  0  0  0   0  0  0  0  0     0       0      0 0.00e+00    0 0.00e+00  0
DCtxDestroy            1 1.0 2.3976e-05 1.0 0.00e+00 0.0 0.0e+00 0.0e+00 0.0e+00  0  0  0  0  0   0  0  0  0  0     0       0      0 0.00e+00    0 0.00e+00  0
DCtxSetUp              1 1.0 8.1860e-06 1.0 0.00e+00 0.0 0.0e+00 0.0e+00 0.0e+00  0  0  0  0  0   0  0  0  0  0     0       0      0 0.00e+00    0 0.00e+00  0
DCtxSetDevice          1 1.0 1.3967e-05 1.0 0.00e+00 0.0 0.0e+00 0.0e+00 0.0e+00  0  0  0  0  0   0  0  0  0  0     0       0      0 0.00e+00    0 0.00e+00  0
VecMDot                3 1.0 4.7873e-04 1.0 2.36e+06 1.0 0.0e+00 0.0e+00 0.0e+00  0  0  0  0  0   0 11  0  0  0  4928       0      0 0.00e+00    0 0.00e+00  0
VecNorm                5 1.0 1.5514e-04 1.0 9.83e+05 1.0 0.0e+00 0.0e+00 0.0e+00  0  0  0  0  0   0  5  0  0  0  6336       0      0 0.00e+00    0 0.00e+00 40
VecScale               3 1.0 4.9887e-05 1.0 2.95e+05 1.0 0.0e+00 0.0e+00 0.0e+00  0  0  0  0  0   0  1  0  0  0  5912       0      0 0.00e+00    0 0.00e+00  0
VecAXPY                1 1.0 4.9200e-06 1.0 1.97e+05 1.0 0.0e+00 0.0e+00 0.0e+00  0  0  0  0  0   0  1  0  0  0 39961       0      0 0.00e+00    0 0.00e+00 100
VecMAXPY               3 1.0 2.8191e-04 1.0 2.36e+06 1.0 0.0e+00 0.0e+00 0.0e+00  0  0  0  0  0   0 11  0  0  0  8369       0      0 0.00e+00    0 0.00e+00  0
VecAssemblyBegin       1 1.0 2.5100e-07 1.0 0.00e+00 0.0 0.0e+00 0.0e+00 0.0e+00  0  0  0  0  0   0  0  0  0  0     0       0      0 0.00e+00    0 0.00e+00  0
VecAssemblyEnd         1 1.0 9.0000e-08 1.0 0.00e+00 0.0 0.0e+00 0.0e+00 0.0e+00  0  0  0  0  0   0  0  0  0  0     0       0      0 0.00e+00    0 0.00e+00  0
VecNormalize           3 1.0 1.2467e-04 1.0 8.85e+05 1.0 0.0e+00 0.0e+00 0.0e+00  0  0  0  0  0   0  4  0  0  0  7097       0      0 0.00e+00    0 0.00e+00  0

--- Event Stage 1: Setup

BuildTwoSided         93 1.0 7.0883e-05 1.0 0.00e+00 0.0 0.0e+00 0.0e+00 0.0e+00  0  0  0  0  0   0  0  0  0  0     0       0      0 0.00e+00    0 0.00e+00  0
BuildTwoSidedF        23 1.0 3.3243e-05 1.0 0.00e+00 0.0 0.0e+00 0.0e+00 0.0e+00  0  0  0  0  0   0  0  0  0  0     0       0      0 0.00e+00    0 0.00e+00  0
MatMult               80 1.0 1.0183e-03 1.0 3.42e+08 1.0 0.0e+00 0.0e+00 0.0e+00  0  4  0  0  0   0 90  0  0  0 335709       0      3 0.00e+00    0 0.00e+00 100
MatConvert            16 1.0 6.4286e-01 1.0 0.00e+00 0.0 0.0e+00 0.0e+00 0.0e+00 31  0  0  0  0  51  0  0  0  0     0       0      0 0.00e+00    8 2.00e+01  0
MatScale              12 1.0 1.5459e-03 1.0 4.22e+06 1.0 0.0e+00 0.0e+00 0.0e+00  0  0  0  0  0   0  1  0  0  0  2732       0      0 0.00e+00    0 0.00e+00 59
MatAssemblyBegin      68 1.0 1.4609e-04 1.0 0.00e+00 0.0 0.0e+00 0.0e+00 0.0e+00  0  0  0  0  0   0  0  0  0  0     0       0      0 0.00e+00    0 0.00e+00  0
MatAssemblyEnd        68 1.0 1.7479e-02 1.0 0.00e+00 0.0 0.0e+00 0.0e+00 0.0e+00  1  0  0  0  0   1  0  0  0  0     0       0      0 0.00e+00    0 0.00e+00  0
MatSetValues     3494847 1.0 4.6120e-01 1.0 1.48e+06 1.0 0.0e+00 0.0e+00 0.0e+00 22  0  0  0  0  37  0  0  0  0     3       0      0 0.00e+00    0 0.00e+00  0
MatGetRow         411096 1.0 3.8177e-02 1.0 0.00e+00 0.0 0.0e+00 0.0e+00 0.0e+00  2  0  0  0  0   3  0  0  0  0     0       0      0 0.00e+00    0 0.00e+00  0
MatCoarsen             4 1.0 3.1556e-03 1.0 0.00e+00 0.0 0.0e+00 0.0e+00 0.0e+00  0  0  0  0  0   0  0  0  0  0     0       0      0 0.00e+00    0 0.00e+00  0
MatAXPY                8 1.0 7.1955e-01 1.0 1.48e+06 1.0 0.0e+00 0.0e+00 0.0e+00 34  0  0  0  0  58  0  0  0  0     2       0      0 0.00e+00    8 2.00e+01  0
MatTranspose           9 1.0 1.5744e-02 1.0 0.00e+00 0.0 0.0e+00 0.0e+00 0.0e+00  1  0  0  0  0   1  0  0  0  0     0       0      0 0.00e+00    0 0.00e+00  0
MatMatMultSym          4 1.0 1.1534e-01 1.0 0.00e+00 0.0 0.0e+00 0.0e+00 0.0e+00  6  0  0  0  0   9  0  0  0  0     0       0      0 0.00e+00   28 1.18e+02  0
MatMatMultNum          4 1.0 6.9100e-07 1.0 0.00e+00 0.0 0.0e+00 0.0e+00 0.0e+00  0  0  0  0  0   0  0  0  0  0     0       0      0 0.00e+00    0 0.00e+00  0
MatPtAPSymbolic        4 1.0 7.9737e-02 1.0 0.00e+00 0.0 0.0e+00 0.0e+00 0.0e+00  4  0  0  0  0   6  0  0  0  0     0       0      0 0.00e+00   28 1.26e+02  0
MatPtAPNumeric         4 1.0 6.8200e-07 1.0 0.00e+00 0.0 0.0e+00 0.0e+00 0.0e+00  0  0  0  0  0   0  0  0  0  0     0       0      0 0.00e+00    0 0.00e+00  0
MatTrnMatMultSym       1 1.0 1.3508e-01 1.0 0.00e+00 0.0 0.0e+00 0.0e+00 0.0e+00  6  0  0  0  0  11  0  0  0  0     0       0      0 0.00e+00    0 0.00e+00  0
MatCreateGraph         4 1.0 7.9822e-02 1.0 2.58e+06 1.0 0.0e+00 0.0e+00 0.0e+00  4  0  0  0  0   6  1  0  0  0    32       0      0 0.00e+00    6 8.57e+00  0
MatSetPreallCOO        8 1.0 3.2097e-02 1.0 0.00e+00 0.0 0.0e+00 0.0e+00 0.0e+00  2  0  0  0  0   3  0  0  0  0     0       0      0 0.00e+00   24 2.86e+01  0
MatSetValuesCOO        8 1.0 4.9563e-04 1.0 0.00e+00 0.0 0.0e+00 0.0e+00 0.0e+00  0  0  0  0  0   0  0  0  0  0     0       0      0 0.00e+00    0 0.00e+00  0
KSPSetUp               1 1.0 4.2512e-03 1.0 0.00e+00 0.0 0.0e+00 0.0e+00 0.0e+00  0  0  0  0  0   0  0  0  0  0     0       0      0 0.00e+00    0 0.00e+00  0
PCSetUp_GAMG+          1 1.0 1.2441e+00 1.0 3.80e+08 1.0 0.0e+00 0.0e+00 0.0e+00 59  5  0  0  0 100 100  0  0  0   305       0      3 0.00e+00   70 2.72e+02 99
 PCGAMGCreateG         4 1.0 7.9828e-02 1.0 2.58e+06 1.0 0.0e+00 0.0e+00 0.0e+00  4  0  0  0  0   6  1  0  0  0    32       0      0 0.00e+00    6 8.57e+00  0
 GAMG Coarsen          8 1.0 1.6286e-01 1.0 0.00e+00 0.0 0.0e+00 0.0e+00 0.0e+00  8  0  0  0  0  13  0  0  0  0     0       0      0 0.00e+00    0 0.00e+00  0
  GAMG MIS/Agg         4 1.0 1.3832e-01 1.0 0.00e+00 0.0 0.0e+00 0.0e+00 0.0e+00  7  0  0  0  0  11  0  0  0  0     0       0      0 0.00e+00    0 0.00e+00  0
 PCGAMGProl            4 1.0 6.7942e-02 1.0 0.00e+00 0.0 0.0e+00 0.0e+00 0.0e+00  3  0  0  0  0   5  0  0  0  0     0       0      0 0.00e+00    0 0.00e+00  0
  GAMG Prol-col        4 1.0 2.2354e-05 1.0 0.00e+00 0.0 0.0e+00 0.0e+00 0.0e+00  0  0  0  0  0   0  0  0  0  0     0       0      0 0.00e+00    0 0.00e+00  0
  GAMG Prol-lift       4 1.0 6.5696e-02 1.0 0.00e+00 0.0 0.0e+00 0.0e+00 0.0e+00  3  0  0  0  0   5  0  0  0  0     0       0      0 0.00e+00    0 0.00e+00  0
 PCGAMGOptProl         4 1.0 8.3742e-01 1.0 1.86e+08 1.0 0.0e+00 0.0e+00 0.0e+00 40  2  0  0  0  67 49  0  0  0   222       0      3 0.00e+00   36 1.38e+02 100
  GAMG smooth          4 1.0 8.1431e-01 1.0 3.12e+06 1.0 0.0e+00 0.0e+00 0.0e+00 39  0  0  0  0  65  1  0  0  0     4       0      0 0.00e+00   36 1.38e+02 80
 PCGAMGCreateL         4 1.0 7.9808e-02 1.0 0.00e+00 0.0 0.0e+00 0.0e+00 0.0e+00  4  0  0  0  0   6  0  0  0  0     0       0      0 0.00e+00   28 1.26e+02  0
  GAMG PtAP            4 1.0 7.9796e-02 1.0 0.00e+00 0.0 0.0e+00 0.0e+00 0.0e+00  4  0  0  0  0   6  0  0  0  0     0       0      0 0.00e+00   28 1.26e+02  0
PCGAMG Squ l00         1 1.0 1.3508e-01 1.0 0.00e+00 0.0 0.0e+00 0.0e+00 0.0e+00  6  0  0  0  0  11  0  0  0  0     0       0      0 0.00e+00    0 0.00e+00  0
PCGAMG Gal l00         1 1.0 6.2125e-02 1.0 0.00e+00 0.0 0.0e+00 0.0e+00 0.0e+00  3  0  0  0  0   5  0  0  0  0     0       0      0 0.00e+00    7 1.12e+02  0
PCGAMG Opt l00         1 1.0 1.0406e-01 1.0 0.00e+00 0.0 0.0e+00 0.0e+00 0.0e+00  5  0  0  0  0   8  0  0  0  0     0       0      0 0.00e+00    7 1.06e+02  0
PCGAMG Gal l01         1 1.0 1.0861e-02 1.0 0.00e+00 0.0 0.0e+00 0.0e+00 0.0e+00  1  0  0  0  0   1  0  0  0  0     0       0      0 0.00e+00    7 1.26e+01  0
PCGAMG Opt l01         1 1.0 6.1358e-03 1.0 0.00e+00 0.0 0.0e+00 0.0e+00 0.0e+00  0  0  0  0  0   0  0  0  0  0     0       0      0 0.00e+00    7 1.13e+01  0
PCGAMG Gal l02         1 1.0 3.7530e-03 1.0 0.00e+00 0.0 0.0e+00 0.0e+00 0.0e+00  0  0  0  0  0   0  0  0  0  0     0       0      0 0.00e+00    7 1.05e+00  0
PCGAMG Opt l02         1 1.0 2.8286e-03 1.0 0.00e+00 0.0 0.0e+00 0.0e+00 0.0e+00  0  0  0  0  0   0  0  0  0  0     0       0      0 0.00e+00    7 1.07e+00  0
PCGAMG Gal l03         1 1.0 3.0537e-03 1.0 0.00e+00 0.0 0.0e+00 0.0e+00 0.0e+00  0  0  0  0  0   0  0  0  0  0     0       0      0 0.00e+00    7 1.07e-02  0
PCGAMG Opt l03         1 1.0 2.3563e-03 1.0 0.00e+00 0.0 0.0e+00 0.0e+00 0.0e+00  0  0  0  0  0   0  0  0  0  0     0       0      0 0.00e+00    7 1.30e-02  0
PCSetUp                1 1.0 1.2441e+00 1.0 3.80e+08 1.0 0.0e+00 0.0e+00 0.0e+00 59  5  0  0  0 100 100  0  0  0   305       0      3 0.00e+00   70 2.72e+02 99
VecTDot              184 1.0 9.9873e-03 1.0 9.51e+06 1.0 0.0e+00 0.0e+00 0.0e+00  0  0  0  0  0   1  3  0  0  0   952       0      0 0.00e+00    0 0.00e+00 100
VecNorm               44 1.0 2.3961e-03 1.0 2.27e+06 1.0 0.0e+00 0.0e+00 0.0e+00  0  0  0  0  0   0  1  0  0  0   949       0      0 0.00e+00    0 0.00e+00 100
VecCopy               16 1.0 1.6149e-04 1.0 0.00e+00 0.0 0.0e+00 0.0e+00 0.0e+00  0  0  0  0  0   0  0  0  0  0     0       0      0 0.00e+00    0 0.00e+00  0
VecSet                 8 1.0 4.7541e-05 1.0 0.00e+00 0.0 0.0e+00 0.0e+00 0.0e+00  0  0  0  0  0   0  0  0  0  0     0       0      0 0.00e+00    0 0.00e+00  0
VecAXPY              160 1.0 1.1452e-02 1.0 8.27e+06 1.0 0.0e+00 0.0e+00 0.0e+00  1  0  0  0  0   1  2  0  0  0   722       0      0 0.00e+00    0 0.00e+00 100
VecAYPX               72 1.0 8.9136e-04 1.0 3.72e+06 1.0 0.0e+00 0.0e+00 0.0e+00  0  0  0  0  0   0  1  0  0  0  4176       0      0 0.00e+00    0 0.00e+00 100
VecAssemblyBegin       4 1.0 2.9100e-07 1.0 0.00e+00 0.0 0.0e+00 0.0e+00 0.0e+00  0  0  0  0  0   0  0  0  0  0     0       0      0 0.00e+00    0 0.00e+00  0
VecAssemblyEnd         4 1.0 3.4200e-07 1.0 0.00e+00 0.0 0.0e+00 0.0e+00 0.0e+00  0  0  0  0  0   0  0  0  0  0     0       0      0 0.00e+00    0 0.00e+00  0
VecPointwiseMult      44 1.0 1.8930e-04 1.0 1.14e+06 1.0 0.0e+00 0.0e+00 0.0e+00  0  0  0  0  0   0  0  0  0  0  6008       0      0 0.00e+00    0 0.00e+00 100
VecReciprocal         12 1.0 1.3639e-04 1.0 0.00e+00 0.0 0.0e+00 0.0e+00 0.0e+00  0  0  0  0  0   0  0  0  0  0     0       0      0 0.00e+00    0 0.00e+00  0
VecSetValues      131072 1.0 8.4205e-03 1.0 0.00e+00 0.0 0.0e+00 0.0e+00 0.0e+00  0  0  0  0  0   1  0  0  0  0     0       0      0 0.00e+00    0 0.00e+00  0
VecScatterBegin       69 1.0 8.6106e-05 1.0 0.00e+00 0.0 0.0e+00 0.0e+00 0.0e+00  0  0  0  0  0   0  0  0  0  0     0       0      3 0.00e+00    0 0.00e+00  0
VecScatterEnd         69 1.0 3.7241e-05 1.0 0.00e+00 0.0 0.0e+00 0.0e+00 0.0e+00  0  0  0  0  0   0  0  0  0  0     0       0      0 0.00e+00    0 0.00e+00  0
SFSetGraph            70 1.0 9.6370e-06 1.0 0.00e+00 0.0 0.0e+00 0.0e+00 0.0e+00  0  0  0  0  0   0  0  0  0  0     0       0      0 0.00e+00    0 0.00e+00  0
SFSetUp               70 1.0 2.1785e-04 1.0 0.00e+00 0.0 0.0e+00 0.0e+00 0.0e+00  0  0  0  0  0   0  0  0  0  0     0       0      0 0.00e+00    0 0.00e+00  0
SFBcastBegin          12 1.0 2.4136e-05 1.0 0.00e+00 0.0 0.0e+00 0.0e+00 0.0e+00  0  0  0  0  0   0  0  0  0  0     0       0      0 0.00e+00    0 0.00e+00  0
SFBcastEnd            12 1.0 3.9390e-06 1.0 0.00e+00 0.0 0.0e+00 0.0e+00 0.0e+00  0  0  0  0  0   0  0  0  0  0     0       0      0 0.00e+00    0 0.00e+00  0
SFReduceBegin         31 1.0 1.2511e-04 1.0 0.00e+00 0.0 0.0e+00 0.0e+00 0.0e+00  0  0  0  0  0   0  0  0  0  0     0       0      0 0.00e+00    0 0.00e+00  0
SFReduceEnd           31 1.0 1.9378e-05 1.0 0.00e+00 0.0 0.0e+00 0.0e+00 0.0e+00  0  0  0  0  0   0  0  0  0  0     0       0      0 0.00e+00    0 0.00e+00  0
SFFetchOpBegin         8 1.0 2.0520e-05 1.0 0.00e+00 0.0 0.0e+00 0.0e+00 0.0e+00  0  0  0  0  0   0  0  0  0  0     0       0      0 0.00e+00    0 0.00e+00  0
SFFetchOpEnd           8 1.0 9.1570e-06 1.0 0.00e+00 0.0 0.0e+00 0.0e+00 0.0e+00  0  0  0  0  0   0  0  0  0  0     0       0      0 0.00e+00    0 0.00e+00  0
SFPack               120 1.0 1.0529e-05 1.0 0.00e+00 0.0 0.0e+00 0.0e+00 0.0e+00  0  0  0  0  0   0  0  0  0  0     0       0      0 0.00e+00    0 0.00e+00  0
SFUnpack             128 1.0 1.3465e-05 1.0 0.00e+00 0.0 0.0e+00 0.0e+00 0.0e+00  0  0  0  0  0   0  0  0  0  0     0       0      0 0.00e+00    0 0.00e+00  0

--- Event Stage 2: Solve

MatMult              551 1.0 5.8754e-03 1.0 2.00e+09 1.0 0.0e+00 0.0e+00 0.0e+00  0 26  0  0  0  11 84  0  0  0 340349       0      1 0.00e+00    0 0.00e+00 100
MatMultAdd            96 1.0 4.9170e-04 1.0 1.20e+08 1.0 0.0e+00 0.0e+00 0.0e+00  0  2  0  0  0   1  5  0  0  0 244291       0      0 0.00e+00    0 0.00e+00 100
MatMultTranspose      96 1.0 7.2809e-04 1.0 1.20e+08 1.0 0.0e+00 0.0e+00 0.0e+00  0  2  0  0  0   1  5  0  0  0 164978       0      0 0.00e+00    0 0.00e+00 100
MatResidual           96 1.0 1.3440e-03 1.0 4.15e+08 1.0 0.0e+00 0.0e+00 0.0e+00  0  5  0  0  0   3 17  0  0  0 308912       0      0 0.00e+00    0 0.00e+00 100
KSPSolve               1 1.0 5.2131e-02 1.0 2.39e+09 1.0 0.0e+00 0.0e+00 0.0e+00  2 31  0  0  0 100 100  0  0  0 45764       0      1 0.00e+00    0 0.00e+00 100
PCApply               24 1.0 3.7933e-02 1.0 2.00e+09 1.0 0.0e+00 0.0e+00 0.0e+00  2 26  0  0  0  73 84  0  0  0 52678       0      1 0.00e+00    0 0.00e+00 100
VecTDot              384 1.0 1.8077e-02 1.0 9.83e+06 1.0 0.0e+00 0.0e+00 0.0e+00  1  0  0  0  0  35  0  0  0  0   544       0      0 0.00e+00    0 0.00e+00 100
VecNorm              192 1.0 1.7007e-02 1.0 4.92e+06 1.0 0.0e+00 0.0e+00 0.0e+00  1  0  0  0  0  33  0  0  0  0   289       0      0 0.00e+00    0 0.00e+00 100
VecCopy              338 1.0 1.8837e-03 1.0 0.00e+00 0.0 0.0e+00 0.0e+00 0.0e+00  0  0  0  0  0   4  0  0  0  0     0       0      0 0.00e+00    0 0.00e+00  0
VecSet               121 1.0 3.2280e-04 1.0 0.00e+00 0.0 0.0e+00 0.0e+00 0.0e+00  0  0  0  0  0   1  0  0  0  0     0       0      0 0.00e+00    0 0.00e+00  0
VecAXPY              334 1.0 9.0740e-04 1.0 9.44e+06 1.0 0.0e+00 0.0e+00 0.0e+00  0  0  0  0  0   2  0  0  0  0 10404       0      0 0.00e+00    0 0.00e+00 100
VecAYPX              718 1.0 2.5292e-03 1.0 3.43e+07 1.0 0.0e+00 0.0e+00 0.0e+00  0  0  0  0  0   5  1  0  0  0 13562       0      0 0.00e+00    0 0.00e+00 100
VecAXPBYCZ           192 1.0 8.9901e-04 1.0 2.48e+07 1.0 0.0e+00 0.0e+00 0.0e+00  0  0  0  0  0   2  1  0  0  0 27602       0      0 0.00e+00    0 0.00e+00 100
VecPointwiseMult     167 1.0 6.1946e-04 1.0 1.00e+03 1.0 0.0e+00 0.0e+00 0.0e+00  0  0  0  0  0   1  0  0  0  0     2       0      0 0.00e+00    0 0.00e+00 100
VecReciprocal          1 1.0 5.0000e-06 1.0 0.00e+00 0.0 0.0e+00 0.0e+00 0.0e+00  0  0  0  0  0   0  0  0  0  0     0       0      0 0.00e+00    0 0.00e+00  0
VecScatterBegin      431 1.0 2.9680e-04 1.0 0.00e+00 0.0 0.0e+00 0.0e+00 0.0e+00  0  0  0  0  0   1  0  0  0  0     0       0      1 0.00e+00    0 0.00e+00  0
VecScatterEnd        431 1.0 1.7788e-04 1.0 0.00e+00 0.0 0.0e+00 0.0e+00 0.0e+00  0  0  0  0  0   0  0  0  0  0     0       0      0 0.00e+00    0 0.00e+00  0
SFPack               431 1.0 2.9737e-05 1.0 0.00e+00 0.0 0.0e+00 0.0e+00 0.0e+00  0  0  0  0  0   0  0  0  0  0     0       0      0 0.00e+00    0 0.00e+00  0
SFUnpack             431 1.0 3.4987e-05 1.0 0.00e+00 0.0 0.0e+00 0.0e+00 0.0e+00  0  0  0  0  0   0  0  0  0  0     0       0      0 0.00e+00    0 0.00e+00  0

--- Event Stage 3: 2nd Setup

MatMult               40 1.0 4.6467e-04 1.0 1.71e+08 1.0 0.0e+00 0.0e+00 0.0e+00  0  2  0  0  0   2 86  0  0  0 367840       0      0 0.00e+00    0 0.00e+00 100
MatScale               1 1.0 1.4488e-05 1.0 7.48e+06 1.0 0.0e+00 0.0e+00 0.0e+00  0  0  0  0  0   0  4  0  0  0 515962       0      0 0.00e+00    0 0.00e+00 100
MatAssemblyBegin       4 1.0 3.9000e-07 1.0 0.00e+00 0.0 0.0e+00 0.0e+00 0.0e+00  0  0  0  0  0   0  0  0  0  0     0       0      0 0.00e+00    0 0.00e+00  0
MatAssemblyEnd         4 1.0 1.4830e-06 1.0 0.00e+00 0.0 0.0e+00 0.0e+00 0.0e+00  0  0  0  0  0   0  0  0  0  0     0       0      0 0.00e+00    0 0.00e+00  0
MatPtAPNumeric         4 1.0 6.0079e-03 1.0 0.00e+00 0.0 0.0e+00 0.0e+00 0.0e+00  0  0  0  0  0  25  0  0  0  0     0       0      0 0.00e+00    0 0.00e+00  0
MatSetValuesCOO        4 1.0 5.1560e-05 1.0 0.00e+00 0.0 0.0e+00 0.0e+00 0.0e+00  0  0  0  0  0   0  0  0  0  0     0       0      0 0.00e+00    0 0.00e+00  0
KSPSetUp               1 1.0 2.4100e-07 1.0 0.00e+00 0.0 0.0e+00 0.0e+00 0.0e+00  0  0  0  0  0   0  0  0  0  0     0       0      0 0.00e+00    0 0.00e+00  0
PCSetUp_GAMG+          1 1.0 2.4041e-02 1.0 1.91e+08 1.0 0.0e+00 0.0e+00 0.0e+00  1  2  0  0  0 100 96  0  0  0  7949       0      4 2.60e+00    5 6.84e+01 100
PCGAMG Gal l00         1 1.0 1.6034e-03 1.0 0.00e+00 0.0 0.0e+00 0.0e+00 0.0e+00  0  0  0  0  0   7  0  0  0  0     0       0      0 0.00e+00    0 0.00e+00  0
PCGAMG Gal l01         1 1.0 1.8271e-03 1.0 0.00e+00 0.0 0.0e+00 0.0e+00 0.0e+00  0  0  0  0  0   8  0  0  0  0     0       0      0 0.00e+00    0 0.00e+00  0
PCGAMG Gal l02         1 1.0 2.4249e-03 1.0 0.00e+00 0.0 0.0e+00 0.0e+00 0.0e+00  0  0  0  0  0  10  0  0  0  0     0       0      0 0.00e+00    0 0.00e+00  0
PCGAMG Gal l03         1 1.0 1.5638e-04 1.0 0.00e+00 0.0 0.0e+00 0.0e+00 0.0e+00  0  0  0  0  0   1  0  0  0  0     0       0      0 0.00e+00    0 0.00e+00  0
PCSetUp                1 1.0 2.4044e-02 1.0 1.91e+08 1.0 0.0e+00 0.0e+00 0.0e+00  1  2  0  0  0 100 96  0  0  0  7948       0      4 2.60e+00    5 6.84e+01 100
VecTDot               92 1.0 3.2313e-03 1.0 4.76e+06 1.0 0.0e+00 0.0e+00 0.0e+00  0  0  0  0  0  13  2  0  0  0  1472       0      0 0.00e+00    0 0.00e+00 100
VecNorm               44 1.0 1.7794e-03 1.0 2.27e+06 1.0 0.0e+00 0.0e+00 0.0e+00  0  0  0  0  0   7  1  0  0  0  1278       0      0 0.00e+00    0 0.00e+00 100
VecCopy                8 1.0 1.1024e-04 1.0 0.00e+00 0.0 0.0e+00 0.0e+00 0.0e+00  0  0  0  0  0   0  0  0  0  0     0       0      0 0.00e+00    0 0.00e+00  0
VecSet                 4 1.0 1.9808e-05 1.0 0.00e+00 0.0 0.0e+00 0.0e+00 0.0e+00  0  0  0  0  0   0  0  0  0  0     0       0      0 0.00e+00    0 0.00e+00  0
VecAXPY               80 1.0 2.1033e-04 1.0 4.14e+06 1.0 0.0e+00 0.0e+00 0.0e+00  0  0  0  0  0   1  2  0  0  0 19663       0      0 0.00e+00    0 0.00e+00 100
VecAYPX               36 1.0 1.4152e-04 1.0 1.86e+06 1.0 0.0e+00 0.0e+00 0.0e+00  0  0  0  0  0   1  1  0  0  0 13151       0      0 0.00e+00    0 0.00e+00 100
VecReciprocal          1 1.0 4.0580e-06 1.0 0.00e+00 0.0 0.0e+00 0.0e+00 0.0e+00  0  0  0  0  0   0  0  0  0  0     0       0      0 0.00e+00    0 0.00e+00  0
VecScatterBegin       30 1.0 2.6564e-05 1.0 0.00e+00 0.0 0.0e+00 0.0e+00 0.0e+00  0  0  0  0  0   0  0  0  0  0     0       0      0 0.00e+00    0 0.00e+00  0
VecScatterEnd         30 1.0 1.4521e-05 1.0 0.00e+00 0.0 0.0e+00 0.0e+00 0.0e+00  0  0  0  0  0   0  0  0  0  0     0       0      0 0.00e+00    0 0.00e+00  0
SFReduceBegin          4 1.0 6.2220e-06 1.0 0.00e+00 0.0 0.0e+00 0.0e+00 0.0e+00  0  0  0  0  0   0  0  0  0  0     0       0      0 0.00e+00    0 0.00e+00  0
SFReduceEnd            4 1.0 2.5940e-06 1.0 0.00e+00 0.0 0.0e+00 0.0e+00 0.0e+00  0  0  0  0  0   0  0  0  0  0     0       0      0 0.00e+00    0 0.00e+00  0
SFPack                34 1.0 2.5670e-06 1.0 0.00e+00 0.0 0.0e+00 0.0e+00 0.0e+00  0  0  0  0  0   0  0  0  0  0     0       0      0 0.00e+00    0 0.00e+00  0
SFUnpack              34 1.0 2.9980e-06 1.0 0.00e+00 0.0 0.0e+00 0.0e+00 0.0e+00  0  0  0  0  0   0  0  0  0  0     0       0      0 0.00e+00    0 0.00e+00  0

--- Event Stage 4: 2nd Solve

MatMult              551 1.0 5.9396e-03 1.0 2.00e+09 1.0 0.0e+00 0.0e+00 0.0e+00  0 26  0  0  0  12 84  0  0  0 336669       0      0 0.00e+00    0 0.00e+00 100
MatMultAdd            96 1.0 4.6835e-04 1.0 1.20e+08 1.0 0.0e+00 0.0e+00 0.0e+00  0  2  0  0  0   1  5  0  0  0 256470       0      0 0.00e+00    0 0.00e+00 100
MatMultTranspose      96 1.0 6.7646e-04 1.0 1.20e+08 1.0 0.0e+00 0.0e+00 0.0e+00  0  2  0  0  0   1  5  0  0  0 177568       0      0 0.00e+00    0 0.00e+00 100
MatResidual           96 1.0 1.3389e-03 1.0 4.15e+08 1.0 0.0e+00 0.0e+00 0.0e+00  0  5  0  0  0   3 17  0  0  0 310090       0      0 0.00e+00    0 0.00e+00 100
KSPSolve               1 1.0 5.1477e-02 1.0 2.39e+09 1.0 0.0e+00 0.0e+00 0.0e+00  2 31  0  0  0 100 100  0  0  0 46346       0      0 0.00e+00    0 0.00e+00 100
PCApply               24 1.0 3.7842e-02 1.0 2.00e+09 1.0 0.0e+00 0.0e+00 0.0e+00  2 26  0  0  0  73 84  0  0  0 52804       0      0 0.00e+00    0 0.00e+00 100
VecTDot              384 1.0 1.8093e-02 1.0 9.83e+06 1.0 0.0e+00 0.0e+00 0.0e+00  1  0  0  0  0  35  0  0  0  0   544       0      0 0.00e+00    0 0.00e+00 100
VecNorm              192 1.0 1.7265e-02 1.0 4.92e+06 1.0 0.0e+00 0.0e+00 0.0e+00  1  0  0  0  0  34  0  0  0  0   285       0      0 0.00e+00    0 0.00e+00 100
VecCopy              338 1.0 1.4098e-03 1.0 0.00e+00 0.0 0.0e+00 0.0e+00 0.0e+00  0  0  0  0  0   3  0  0  0  0     0       0      0 0.00e+00    0 0.00e+00  0
VecSet               121 1.0 3.2222e-04 1.0 0.00e+00 0.0 0.0e+00 0.0e+00 0.0e+00  0  0  0  0  0   1  0  0  0  0     0       0      0 0.00e+00    0 0.00e+00  0
VecAXPY              334 1.0 9.2515e-04 1.0 9.44e+06 1.0 0.0e+00 0.0e+00 0.0e+00  0  0  0  0  0   2  0  0  0  0 10204       0      0 0.00e+00    0 0.00e+00 100
VecAYPX              718 1.0 2.4998e-03 1.0 3.43e+07 1.0 0.0e+00 0.0e+00 0.0e+00  0  0  0  0  0   5  1  0  0  0 13721       0      0 0.00e+00    0 0.00e+00 100
VecAXPBYCZ           192 1.0 6.6903e-04 1.0 2.48e+07 1.0 0.0e+00 0.0e+00 0.0e+00  0  0  0  0  0   1  1  0  0  0 37090       0      0 0.00e+00    0 0.00e+00 100
VecPointwiseMult     167 1.0 1.0384e-03 1.0 1.00e+03 1.0 0.0e+00 0.0e+00 0.0e+00  0  0  0  0  0   2  0  0  0  0     1       0      0 0.00e+00    0 0.00e+00 100
VecScatterBegin      431 1.0 3.0549e-04 1.0 0.00e+00 0.0 0.0e+00 0.0e+00 0.0e+00  0  0  0  0  0   1  0  0  0  0     0       0      0 0.00e+00    0 0.00e+00  0
VecScatterEnd        431 1.0 1.8315e-04 1.0 0.00e+00 0.0 0.0e+00 0.0e+00 0.0e+00  0  0  0  0  0   0  0  0  0  0     0       0      0 0.00e+00    0 0.00e+00  0
SFPack               431 1.0 3.2452e-05 1.0 0.00e+00 0.0 0.0e+00 0.0e+00 0.0e+00  0  0  0  0  0   0  0  0  0  0     0       0      0 0.00e+00    0 0.00e+00  0
SFUnpack             431 1.0 3.5080e-05 1.0 0.00e+00 0.0 0.0e+00 0.0e+00 0.0e+00  0  0  0  0  0   0  0  0  0  0     0       0      0 0.00e+00    0 0.00e+00  0

--- Event Stage 5: 3rd Setup


--- Event Stage 6: 3rd Solve

MatMult              551 1.0 5.9381e-03 1.0 2.00e+09 1.0 0.0e+00 0.0e+00 0.0e+00  0 26  0  0  0  12 84  0  0  0 336758       0      0 0.00e+00    0 0.00e+00 100
MatMultAdd            96 1.0 4.5852e-04 1.0 1.20e+08 1.0 0.0e+00 0.0e+00 0.0e+00  0  2  0  0  0   1  5  0  0  0 261970       0      0 0.00e+00    0 0.00e+00 100
MatMultTranspose      96 1.0 6.7387e-04 1.0 1.20e+08 1.0 0.0e+00 0.0e+00 0.0e+00  0  2  0  0  0   1  5  0  0  0 178253       0      0 0.00e+00    0 0.00e+00 100
MatScale               1 1.0 1.3146e-05 1.0 7.48e+06 1.0 0.0e+00 0.0e+00 0.0e+00  0  0  0  0  0   0  0  0  0  0 568634       0      0 0.00e+00    0 0.00e+00 100
MatResidual           96 1.0 1.3524e-03 1.0 4.15e+08 1.0 0.0e+00 0.0e+00 0.0e+00  0  5  0  0  0   3 17  0  0  0 306994       0      0 0.00e+00    0 0.00e+00 100
KSPSolve               1 1.0 5.1385e-02 1.0 2.39e+09 1.0 0.0e+00 0.0e+00 0.0e+00  2 31  0  0  0 100 100  0  0  0 46428       0      0 0.00e+00    0 0.00e+00 100
PCApply               24 1.0 3.7699e-02 1.0 2.00e+09 1.0 0.0e+00 0.0e+00 0.0e+00  2 26  0  0  0  73 83  0  0  0 53005       0      0 0.00e+00    0 0.00e+00 100
VecTDot              384 1.0 1.8096e-02 1.0 9.83e+06 1.0 0.0e+00 0.0e+00 0.0e+00  1  0  0  0  0  35  0  0  0  0   543       0      0 0.00e+00    0 0.00e+00 100
VecNorm              192 1.0 1.7664e-02 1.0 4.92e+06 1.0 0.0e+00 0.0e+00 0.0e+00  1  0  0  0  0  34  0  0  0  0   278       0      0 0.00e+00    0 0.00e+00 100
VecCopy              338 1.0 1.3915e-03 1.0 0.00e+00 0.0 0.0e+00 0.0e+00 0.0e+00  0  0  0  0  0   3  0  0  0  0     0       0      0 0.00e+00    0 0.00e+00  0
VecSet               121 1.0 3.2349e-04 1.0 0.00e+00 0.0 0.0e+00 0.0e+00 0.0e+00  0  0  0  0  0   1  0  0  0  0     0       0      0 0.00e+00    0 0.00e+00  0
VecAXPY              334 1.0 9.1472e-04 1.0 9.44e+06 1.0 0.0e+00 0.0e+00 0.0e+00  0  0  0  0  0   2  0  0  0  0 10321       0      0 0.00e+00    0 0.00e+00 100
VecAYPX              718 1.0 2.4973e-03 1.0 3.43e+07 1.0 0.0e+00 0.0e+00 0.0e+00  0  0  0  0  0   5  1  0  0  0 13735       0      0 0.00e+00    0 0.00e+00 100
VecAXPBYCZ           192 1.0 6.6878e-04 1.0 2.48e+07 1.0 0.0e+00 0.0e+00 0.0e+00  0  0  0  0  0   1  1  0  0  0 37104       0      0 0.00e+00    0 0.00e+00 100
VecPointwiseMult     167 1.0 6.1090e-04 1.0 1.00e+03 1.0 0.0e+00 0.0e+00 0.0e+00  0  0  0  0  0   1  0  0  0  0     2       0      0 0.00e+00    0 0.00e+00 100
VecScatterBegin      431 1.0 2.9968e-04 1.0 0.00e+00 0.0 0.0e+00 0.0e+00 0.0e+00  0  0  0  0  0   1  0  0  0  0     0       0      0 0.00e+00    0 0.00e+00  0
VecScatterEnd        431 1.0 1.9562e-04 1.0 0.00e+00 0.0 0.0e+00 0.0e+00 0.0e+00  0  0  0  0  0   0  0  0  0  0     0       0      0 0.00e+00    0 0.00e+00  0
SFPack               431 1.0 3.7031e-05 1.0 0.00e+00 0.0 0.0e+00 0.0e+00 0.0e+00  0  0  0  0  0   0  0  0  0  0     0       0      0 0.00e+00    0 0.00e+00  0
SFUnpack             431 1.0 3.4895e-05 1.0 0.00e+00 0.0 0.0e+00 0.0e+00 0.0e+00  0  0  0  0  0   0  0  0  0  0     0       0      0 0.00e+00    0 0.00e+00  0
---------------------------------------------------------------------------------------------------------------------------------------------------------------

Object Type          Creations   Destructions. Reports information only for process 0.

--- Event Stage 0: Main Stage

           Container     4             12
       Krylov Solver     1             10
              Matrix     5             53
      Matrix Coarsen     0              1
   Matrix Null Space     1              1
      Preconditioner     1              6
              Viewer     1              1
  PetscDeviceContext     1              0
              Vector    10             57
   Star Forest Graph     0             16
    Distributed Mesh     0              4
     Discrete System     0              4
           Weak Form     0              4

--- Event Stage 1: Setup

           Container    37             29
       Krylov Solver    13              4
              Matrix   272            224
      Matrix Coarsen     4              3
      Preconditioner    13              8
              Vector   231            185
           Index Set    91             91
   Star Forest Graph    70             62
         PetscRandom     4              4

--- Event Stage 2: Solve

              Vector     1              0
   Star Forest Graph     8              0
    Distributed Mesh     4              0
     Discrete System     4              0
           Weak Form     4              0

--- Event Stage 3: 2nd Setup

              Vector    12             12

--- Event Stage 4: 2nd Solve


--- Event Stage 5: 3rd Setup


--- Event Stage 6: 3rd Solve

========================================================================================================================
Average time to get PetscTime(): 3.41e-08
#PETSc Option Table entries:
-alpha 1.e-3 # (source: command line)
-ksp_converged_reason # (source: command line)
-ksp_norm_type unpreconditioned # (source: command line)
-ksp_rtol 1e-6 # (source: command line)
-ksp_type cg # (source: command line)
-log_view # (source: command line)
-mat_type mpibaijkokkos # (source: command line)
-mg_coarse_ksp_type cg # (source: command line)
-mg_coarse_pc_type jacobi # (source: command line)
-mg_levels_ksp_type chebyshev # (source: command line)
-mg_levels_pc_type pbjacobi # (source: command line)
-ne 31 # (source: command line)
-pc_gamg_agg_nsmooths 1 # (source: command line)
-pc_gamg_coarse_eq_limit 20 # (source: command line)
-pc_gamg_parallel_coarse_grid_solver # (source: command line)
-pc_gamg_reuse_interpolation true # (source: command line)
-pc_gamg_type agg # (source: command line)
-pc_type gamg # (source: command line)
-two_solves # (source: command line)
-use_mat_nearnullspace # (source: command line)
#End of PETSc Option Table entries
Compiled without FORTRAN kernels
Compiled with full precision matrices (default)
sizeof(short) 2 sizeof(int) 4 sizeof(long) 8 sizeof(void*) 8 sizeof(PetscScalar) 8 sizeof(PetscInt) 4
Configure options: --with-make-np=8 --with-mpiexec="srun -G4 --gpu-bind=none" --with-batch=0 --download-triangle=1 --with-cc=cc --with-cxx=CC --with-fc=0 --with-debugging=0 --with-cuda=1 --with-cuda-arch=80 --download-kokkos --download-kokkos-kernels --force PETSC_ARCH=arch-perlmutter-opt-gcc-kokkos-cuda
-----------------------------------------
Libraries compiled on 2026-06-22 11:34:59 on login15
Machine characteristics: Linux-6.4.0-150600.23.103_15.0.24-cray_shasta_c-x86_64-with-glibc2.3.4
Using PETSc directory: /global/u2/m/madams/petsc
Using PETSc arch: arch-perlmutter-opt-gcc-kokkos-cuda
-----------------------------------------

Using C compiler: cc  -fPIC -Wall -Wwrite-strings -Wno-unknown-pragmas -Wno-lto-type-mismatch -Wno-stringop-overflow -fstack-protector -fvisibility=hidden -g -O 
-----------------------------------------

Using include paths: -I/global/u2/m/madams/petsc/include -I/global/u2/m/madams/petsc/arch-perlmutter-opt-gcc-kokkos-cuda/include -I/opt/nvidia/hpc_sdk/Linux_x86_64/25.5/cuda/12.9/include -I/opt/nvidia/hpc_sdk/Linux_x86_64/25.5/math_libs/12.9/include
-----------------------------------------

Using C linker: cc
Using libraries: -Wl,-rpath,/global/u2/m/madams/petsc/arch-perlmutter-opt-gcc-kokkos-cuda/lib -L/global/u2/m/madams/petsc/arch-perlmutter-opt-gcc-kokkos-cuda/lib -lpetsc -Wl,-rpath,/global/u2/m/madams/petsc/arch-perlmutter-opt-gcc-kokkos-cuda/lib -L/global/u2/m/madams/petsc/arch-perlmutter-opt-gcc-kokkos-cuda/lib -Wl,-rpath,/opt/nvidia/hpc_sdk/Linux_x86_64/25.5/cuda/12.9/lib64 -L/opt/nvidia/hpc_sdk/Linux_x86_64/25.5/cuda/12.9/lib64 -Wl,-rpath,/opt/nvidia/hpc_sdk/Linux_x86_64/25.5/math_libs/12.9/lib64 -L/opt/nvidia/hpc_sdk/Linux_x86_64/25.5/math_libs/12.9/lib64 -L/opt/nvidia/hpc_sdk/Linux_x86_64/25.5/cuda/12.9/lib64/stubs -lkokkoskernels -lkokkoscontainers -lkokkoscore -lkokkossimd -ltriangle -lcudart -lnvtx3interop -lcufft -lcublas -lcusparse -lcusolver -lcurand -lcuda -lnvidia-ml -lX11 -lstdc++ -lquadmath
-----------------------------------------

  Linear solve converged due to CONVERGED_RTOL iterations 24
  Linear solve converged due to CONVERGED_RTOL iterations 24
  Linear solve converged due to CONVERGED_RTOL iterations 24
[0]main |b-Ax|/|b|=7.102693e-07, |b|=3.122584e+00, emax=9.984292e-01
****************************************************************************************************************************************************************
***                                WIDEN YOUR WINDOW TO 160 CHARACTERS.  Use 'enscript -r -fCourier9' to print this document                                 ***
****************************************************************************************************************************************************************

------------------------------------------------------------------ PETSc Performance Summary: ------------------------------------------------------------------



      ##########################################################
      #                                                        #
      #                       WARNING!!!                       #
      #                                                        #
      #   This code was run with -log_view_gpu_time            #
      #   This provides accurate timing within the GPU kernels #
      #   but can slow down the entire computation by a        #
      #   measurable amount. For fastest runs we recommend     #
      #   not using this option.                               #
      #                                                        #
      ##########################################################


/global/homes/m/madams/petsc/arch-perlmutter-opt-gcc-kokkos-cuda/tests/ksp/ksp/tutorials/ex56 on a arch-perlmutter-opt-gcc-kokkos-cuda named nid001164 with 1 process and CUDA architecture 80, by madams on Mon Jun 22 08:03:23 2026
Using PETSc Development Git Revision: v3.25.2-340-g83d2bd4a8b4 Git Date: 2026-06-21 14:23:19 -0400

                         Max       Max/Min     Avg       Total
Time (sec):           2.226e+00     1.000   2.226e+00
Objects:              0.000e+00     0.000   0.000e+00
Flops:                7.764e+09     1.000   7.764e+09  7.764e+09
Flops/sec:            3.489e+09     1.000   3.489e+09  3.489e+09
MPI Msg Count:        0.000e+00     0.000   0.000e+00  0.000e+00
MPI Msg Len (bytes):  0.000e+00     0.000   0.000e+00  0.000e+00
MPI Reductions:       0.000e+00     0.000

Flop counting convention: 1 flop = 1 real number operation of type (multiply/divide/add/subtract)
                            e.g., VecAXPY() for real vectors of length N --> 2N flops
                            and VecAXPY() for complex vectors of length N --> 8N flops

Summary of Stages:   ----- Time ------  ----- Flop ------  --- Messages ---  -- Message Lengths --  -- Reductions --
                        Avg     %Total     Avg     %Total    Count   %Total     Avg         %Total    Count   %Total
 0:      Main Stage: 5.7059e-01  25.6%  2.1144e+07   0.3%  0.000e+00   0.0%  0.000e+00        0.0%  0.000e+00   0.0%
 1:           Setup: 1.3193e+00  59.3%  3.7963e+08   4.9%  0.000e+00   0.0%  0.000e+00        0.0%  0.000e+00   0.0%
 2:           Solve: 1.0349e-01   4.6%  2.3857e+09  30.7%  0.000e+00   0.0%  0.000e+00        0.0%  0.000e+00   0.0%
 3:       2nd Setup: 2.7707e-02   1.2%  1.9859e+08   2.6%  0.000e+00   0.0%  0.000e+00        0.0%  0.000e+00   0.0%
 4:       2nd Solve: 1.0243e-01   4.6%  2.3857e+09  30.7%  0.000e+00   0.0%  0.000e+00        0.0%  0.000e+00   0.0%
 5:       3rd Setup: 2.6000e-07   0.0%  0.0000e+00   0.0%  0.000e+00   0.0%  0.000e+00        0.0%  0.000e+00   0.0%
 6:       3rd Solve: 1.0207e-01   4.6%  2.3932e+09  30.8%  0.000e+00   0.0%  0.000e+00        0.0%  0.000e+00   0.0%

------------------------------------------------------------------------------------------------------------------------
See the 'Profiling' chapter of the users' manual for details on interpreting output.
Phase summary info:
   Count: number of times phase was executed
   Time and Flop: Max - maximum over all processes
                  Ratio - ratio of maximum to minimum over all processes
   Mess: number of messages sent
   AvgLen: average message length (bytes)
   Reduct: number of global reductions
   Global: entire computation
   Stage: stages of a computation. Set stages with PetscLogStagePush() and PetscLogStagePop().
      %T - percent time in this phase         %F - percent flop in this phase
      %M - percent messages in this phase     %L - percent message lengths in this phase
      %R - percent reductions in this phase
   Total Mflop/s: 1e-6 * (sum of flop over all processes)/(max time over all processes)
   GPU Mflop/s: 1e-6 * (sum of flop on GPU over all processes)/(max GPU time over all processes)
   CpuToGpu Count: total number of CPU to GPU copies per processor
   CpuToGpu Size (Mbytes): 1e-6 * (total size of CPU to GPU copies per processor)
   GpuToCpu Count: total number of GPU to CPU copies per processor
   GpuToCpu Size (Mbytes): 1e-6 * (total size of GPU to CPU copies per processor)
   GPU %F: percent flops on GPU in this event
------------------------------------------------------------------------------------------------------------------------
Event                Count      Time (sec)     Flop                              --- Global ---  --- Stage ----  Total   GPU    - CpuToGpu -   - GpuToCpu - GPU
                   Max Ratio  Max     Ratio   Max  Ratio  Mess   AvgLen  Reduct  %T %F %M %L %R  %T %F %M %L %R Mflop/s Mflop/s Count   Size   Count   Size  %F
---------------------------------------------------------------------------------------------------------------------------------------------------------------

--- Event Stage 0: Main Stage

BuildTwoSided          2 1.0 2.3455e-05 1.0 0.00e+00 0.0 0.0e+00 0.0e+00 0.0e+00  0  0  0  0  0   0  0  0  0  0     0       0      0 0.00e+00    0 0.00e+00  0
BuildTwoSidedF         2 1.0 3.3073e-05 1.0 0.00e+00 0.0 0.0e+00 0.0e+00 0.0e+00  0  0  0  0  0   0  0  0  0  0     0       0      0 0.00e+00    0 0.00e+00  0
MatMult                1 1.0 1.4543e-04 1.0 1.50e+07 1.0 0.0e+00 0.0e+00 0.0e+00  0  0  0  0  0   0 71  0  0  0 102801   110320      0 0.00e+00    0 0.00e+00 100
MatAssemblyBegin       1 1.0 7.1238e-05 1.0 0.00e+00 0.0 0.0e+00 0.0e+00 0.0e+00  0  0  0  0  0   0  0  0  0  0     0       0      0 0.00e+00    0 0.00e+00  0
MatAssemblyEnd         1 1.0 1.8191e-02 1.0 0.00e+00 0.0 0.0e+00 0.0e+00 0.0e+00  1  0  0  0  0   3  0  0  0  0     0       0      0 0.00e+00    0 0.00e+00  0
DCtxCreate             1 1.0 4.1139e-05 1.0 0.00e+00 0.0 0.0e+00 0.0e+00 0.0e+00  0  0  0  0  0   0  0  0  0  0     0       0      0 0.00e+00    0 0.00e+00  0
DCtxDestroy            1 1.0 2.6391e-05 1.0 0.00e+00 0.0 0.0e+00 0.0e+00 0.0e+00  0  0  0  0  0   0  0  0  0  0     0       0      0 0.00e+00    0 0.00e+00  0
DCtxSetUp              1 1.0 7.7550e-06 1.0 0.00e+00 0.0 0.0e+00 0.0e+00 0.0e+00  0  0  0  0  0   0  0  0  0  0     0       0      0 0.00e+00    0 0.00e+00  0
DCtxSetDevice          1 1.0 1.3997e-05 1.0 0.00e+00 0.0 0.0e+00 0.0e+00 0.0e+00  0  0  0  0  0   0  0  0  0  0     0       0      0 0.00e+00    0 0.00e+00  0
VecMDot                3 1.0 4.5530e-04 1.0 2.36e+06 1.0 0.0e+00 0.0e+00 0.0e+00  0  0  0  0  0   0 11  0  0  0  5182       0      0 0.00e+00    0 0.00e+00  0
VecNorm                5 1.0 1.7972e-04 1.0 9.83e+05 1.0 0.0e+00 0.0e+00 0.0e+00  0  0  0  0  0   0  5  0  0  0  5470    4174      0 0.00e+00    0 0.00e+00 40
VecScale               3 1.0 4.8594e-05 1.0 2.95e+05 1.0 0.0e+00 0.0e+00 0.0e+00  0  0  0  0  0   0  1  0  0  0  6069       0      0 0.00e+00    0 0.00e+00  0
VecAXPY                1 1.0 1.7273e-05 1.0 1.97e+05 1.0 0.0e+00 0.0e+00 0.0e+00  0  0  0  0  0   0  1  0  0  0 11382   27552      0 0.00e+00    0 0.00e+00 100
VecMAXPY               3 1.0 3.0786e-04 1.0 2.36e+06 1.0 0.0e+00 0.0e+00 0.0e+00  0  0  0  0  0   0 11  0  0  0  7663       0      0 0.00e+00    0 0.00e+00  0
VecAssemblyBegin       1 1.0 2.6100e-07 1.0 0.00e+00 0.0 0.0e+00 0.0e+00 0.0e+00  0  0  0  0  0   0  0  0  0  0     0       0      0 0.00e+00    0 0.00e+00  0
VecAssemblyEnd         1 1.0 1.1000e-07 1.0 0.00e+00 0.0 0.0e+00 0.0e+00 0.0e+00  0  0  0  0  0   0  0  0  0  0     0       0      0 0.00e+00    0 0.00e+00  0
VecNormalize           3 1.0 1.2309e-04 1.0 8.85e+05 1.0 0.0e+00 0.0e+00 0.0e+00  0  0  0  0  0   0  4  0  0  0  7188       0      0 0.00e+00    0 0.00e+00  0

--- Event Stage 1: Setup

BuildTwoSided         93 1.0 6.9600e-05 1.0 0.00e+00 0.0 0.0e+00 0.0e+00 0.0e+00  0  0  0  0  0   0  0  0  0  0     0       0      0 0.00e+00    0 0.00e+00  0
BuildTwoSidedF        23 1.0 3.1863e-05 1.0 0.00e+00 0.0 0.0e+00 0.0e+00 0.0e+00  0  0  0  0  0   0  0  0  0  0     0       0      0 0.00e+00    0 0.00e+00  0
MatMult               80 1.0 5.7980e-03 1.0 3.42e+08 1.0 0.0e+00 0.0e+00 0.0e+00  0  4  0  0  0   0 90  0  0  0 58960   79235      3 0.00e+00    0 0.00e+00 100
MatConvert            16 1.0 6.4943e-01 1.0 0.00e+00 0.0 0.0e+00 0.0e+00 0.0e+00 29  0  0  0  0  49  0  0  0  0     0       0      0 0.00e+00    8 2.00e+01  0
MatScale              12 1.0 1.9741e-03 1.0 4.22e+06 1.0 0.0e+00 0.0e+00 0.0e+00  0  0  0  0  0   0  1  0  0  0  2139    6377      0 0.00e+00    0 0.00e+00 59
MatAssemblyBegin      68 1.0 1.4069e-04 1.0 0.00e+00 0.0 0.0e+00 0.0e+00 0.0e+00  0  0  0  0  0   0  0  0  0  0     0       0      0 0.00e+00    0 0.00e+00  0
MatAssemblyEnd        68 1.0 1.8587e-02 1.0 0.00e+00 0.0 0.0e+00 0.0e+00 0.0e+00  1  0  0  0  0   1  0  0  0  0     0       0      0 0.00e+00    0 0.00e+00  0
MatSetValues     3494847 1.0 4.8113e-01 1.0 1.48e+06 1.0 0.0e+00 0.0e+00 0.0e+00 22  0  0  0  0  36  0  0  0  0     3       0      0 0.00e+00    0 0.00e+00  0
MatGetRow         411096 1.0 3.7894e-02 1.0 0.00e+00 0.0 0.0e+00 0.0e+00 0.0e+00  2  0  0  0  0   3  0  0  0  0     0       0      0 0.00e+00    0 0.00e+00  0
MatCoarsen             4 1.0 3.3451e-03 1.0 0.00e+00 0.0 0.0e+00 0.0e+00 0.0e+00  0  0  0  0  0   0  0  0  0  0     0       0      0 0.00e+00    0 0.00e+00  0
MatAXPY                8 1.0 7.2773e-01 1.0 1.48e+06 1.0 0.0e+00 0.0e+00 0.0e+00 33  0  0  0  0  55  0  0  0  0     2       0      0 0.00e+00    8 2.00e+01  0
MatTranspose           9 1.0 1.5603e-02 1.0 0.00e+00 0.0 0.0e+00 0.0e+00 0.0e+00  1  0  0  0  0   1  0  0  0  0     0       0      0 0.00e+00    0 0.00e+00  0
MatMatMultSym          4 1.0 9.6243e-02 1.0 0.00e+00 0.0 0.0e+00 0.0e+00 0.0e+00  4  0  0  0  0   7  0  0  0  0     0       0      0 0.00e+00   28 1.18e+02  0
MatMatMultNum          4 1.0 7.7200e-07 1.0 0.00e+00 0.0 0.0e+00 0.0e+00 0.0e+00  0  0  0  0  0   0  0  0  0  0     0       0      0 0.00e+00    0 0.00e+00  0
MatPtAPSymbolic        4 1.0 1.6992e-01 1.0 0.00e+00 0.0 0.0e+00 0.0e+00 0.0e+00  8  0  0  0  0  13  0  0  0  0     0       0      0 0.00e+00   28 1.26e+02  0
MatPtAPNumeric         4 1.0 7.8100e-07 1.0 0.00e+00 0.0 0.0e+00 0.0e+00 0.0e+00  0  0  0  0  0   0  0  0  0  0     0       0      0 0.00e+00    0 0.00e+00  0
MatTrnMatMultSym       1 1.0 1.3704e-01 1.0 0.00e+00 0.0 0.0e+00 0.0e+00 0.0e+00  6  0  0  0  0  10  0  0  0  0     0       0      0 0.00e+00    0 0.00e+00  0
MatCreateGraph         4 1.0 8.1301e-02 1.0 2.58e+06 1.0 0.0e+00 0.0e+00 0.0e+00  4  0  0  0  0   6  1  0  0  0    32       0      0 0.00e+00    6 8.57e+00  0
MatSetPreallCOO        8 1.0 2.9990e-02 1.0 0.00e+00 0.0 0.0e+00 0.0e+00 0.0e+00  1  0  0  0  0   2  0  0  0  0     0       0      0 0.00e+00   24 2.86e+01  0
MatSetValuesCOO        8 1.0 6.2727e-04 1.0 0.00e+00 0.0 0.0e+00 0.0e+00 0.0e+00  0  0  0  0  0   0  0  0  0  0     0       0      0 0.00e+00    0 0.00e+00  0
KSPSetUp               1 1.0 1.3104e-03 1.0 0.00e+00 0.0 0.0e+00 0.0e+00 0.0e+00  0  0  0  0  0   0  0  0  0  0     0       0      0 0.00e+00    0 0.00e+00  0
PCSetUp_GAMG+          1 1.0 1.3179e+00 1.0 3.80e+08 1.0 0.0e+00 0.0e+00 0.0e+00 59  5  0  0  0 100 100  0  0  0   288    3629      3 0.00e+00   70 2.72e+02 99
 PCGAMGCreateG         4 1.0 8.1307e-02 1.0 2.58e+06 1.0 0.0e+00 0.0e+00 0.0e+00  4  0  0  0  0   6  1  0  0  0    32       0      0 0.00e+00    6 8.57e+00  0
 GAMG Coarsen          8 1.0 1.6381e-01 1.0 0.00e+00 0.0 0.0e+00 0.0e+00 0.0e+00  7  0  0  0  0  12  0  0  0  0     0       0      0 0.00e+00    0 0.00e+00  0
  GAMG MIS/Agg         4 1.0 1.4049e-01 1.0 0.00e+00 0.0 0.0e+00 0.0e+00 0.0e+00  6  0  0  0  0  11  0  0  0  0     0       0      0 0.00e+00    0 0.00e+00  0
 PCGAMGProl            4 1.0 7.0169e-02 1.0 0.00e+00 0.0 0.0e+00 0.0e+00 0.0e+00  3  0  0  0  0   5  0  0  0  0     0       0      0 0.00e+00    0 0.00e+00  0
  GAMG Prol-col        4 1.0 2.2154e-05 1.0 0.00e+00 0.0 0.0e+00 0.0e+00 0.0e+00  0  0  0  0  0   0  0  0  0  0     0       0      0 0.00e+00    0 0.00e+00  0
  GAMG Prol-lift       4 1.0 6.5529e-02 1.0 0.00e+00 0.0 0.0e+00 0.0e+00 0.0e+00  3  0  0  0  0   5  0  0  0  0     0       0      0 0.00e+00    0 0.00e+00  0
 PCGAMGOptProl         4 1.0 8.1178e-01 1.0 1.86e+08 1.0 0.0e+00 0.0e+00 0.0e+00 36  2  0  0  0  62 49  0  0  0   229    4172      3 0.00e+00   36 1.38e+02 100
  GAMG smooth          4 1.0 7.8429e-01 1.0 3.12e+06 1.0 0.0e+00 0.0e+00 0.0e+00 35  0  0  0  0  59  1  0  0  0     4     111      0 0.00e+00   36 1.38e+02 80
 PCGAMGCreateL         4 1.0 1.6999e-01 1.0 0.00e+00 0.0 0.0e+00 0.0e+00 0.0e+00  8  0  0  0  0  13  0  0  0  0     0       0      0 0.00e+00   28 1.26e+02  0
  GAMG PtAP            4 1.0 1.6998e-01 1.0 0.00e+00 0.0 0.0e+00 0.0e+00 0.0e+00  8  0  0  0  0  13  0  0  0  0     0       0      0 0.00e+00   28 1.26e+02  0
PCGAMG Squ l00         1 1.0 1.3705e-01 1.0 0.00e+00 0.0 0.0e+00 0.0e+00 0.0e+00  6  0  0  0  0  10  0  0  0  0     0       0      0 0.00e+00    0 0.00e+00  0
PCGAMG Gal l00         1 1.0 1.5204e-01 1.0 0.00e+00 0.0 0.0e+00 0.0e+00 0.0e+00  7  0  0  0  0  12  0  0  0  0     0       0      0 0.00e+00    7 1.12e+02  0
PCGAMG Opt l00         1 1.0 8.1206e-02 1.0 0.00e+00 0.0 0.0e+00 0.0e+00 0.0e+00  4  0  0  0  0   6  0  0  0  0     0       0      0 0.00e+00    7 1.06e+02  0
PCGAMG Gal l01         1 1.0 1.1005e-02 1.0 0.00e+00 0.0 0.0e+00 0.0e+00 0.0e+00  0  0  0  0  0   1  0  0  0  0     0       0      0 0.00e+00    7 1.26e+01  0
PCGAMG Opt l01         1 1.0 9.8548e-03 1.0 0.00e+00 0.0 0.0e+00 0.0e+00 0.0e+00  0  0  0  0  0   1  0  0  0  0     0       0      0 0.00e+00    7 1.13e+01  0
PCGAMG Gal l02         1 1.0 3.8308e-03 1.0 0.00e+00 0.0 0.0e+00 0.0e+00 0.0e+00  0  0  0  0  0   0  0  0  0  0     0       0      0 0.00e+00    7 1.05e+00  0
PCGAMG Opt l02         1 1.0 2.8071e-03 1.0 0.00e+00 0.0 0.0e+00 0.0e+00 0.0e+00  0  0  0  0  0   0  0  0  0  0     0       0      0 0.00e+00    7 1.07e+00  0
PCGAMG Gal l03         1 1.0 3.0966e-03 1.0 0.00e+00 0.0 0.0e+00 0.0e+00 0.0e+00  0  0  0  0  0   0  0  0  0  0     0       0      0 0.00e+00    7 1.07e-02  0
PCGAMG Opt l03         1 1.0 2.4156e-03 1.0 0.00e+00 0.0 0.0e+00 0.0e+00 0.0e+00  0  0  0  0  0   0  0  0  0  0     0       0      0 0.00e+00    7 1.30e-02  0
PCSetUp                1 1.0 1.3179e+00 1.0 3.80e+08 1.0 0.0e+00 0.0e+00 0.0e+00 59  5  0  0  0 100 100  0  0  0   288    3629      3 0.00e+00   70 2.72e+02 99
VecTDot              184 1.0 9.1219e-03 1.0 9.51e+06 1.0 0.0e+00 0.0e+00 0.0e+00  0  0  0  0  0   1  3  0  0  0  1043    1274      0 0.00e+00    0 0.00e+00 100
VecNorm               44 1.0 2.9116e-03 1.0 2.27e+06 1.0 0.0e+00 0.0e+00 0.0e+00  0  0  0  0  0   0  1  0  0  0   781     931      0 0.00e+00    0 0.00e+00 100
VecCopy               16 1.0 3.5393e-04 1.0 0.00e+00 0.0 0.0e+00 0.0e+00 0.0e+00  0  0  0  0  0   0  0  0  0  0     0       0      0 0.00e+00    0 0.00e+00  0
VecSet                 8 1.0 1.6300e-04 1.0 0.00e+00 0.0 0.0e+00 0.0e+00 0.0e+00  0  0  0  0  0   0  0  0  0  0     0       0      0 0.00e+00    0 0.00e+00  0
VecAXPY              160 1.0 1.3437e-02 1.0 8.27e+06 1.0 0.0e+00 0.0e+00 0.0e+00  1  0  0  0  0   1  2  0  0  0   616     693      0 0.00e+00    0 0.00e+00 100
VecAYPX               72 1.0 1.7742e-03 1.0 3.72e+06 1.0 0.0e+00 0.0e+00 0.0e+00  0  0  0  0  0   0  1  0  0  0  2098    3407      0 0.00e+00    0 0.00e+00 100
VecAssemblyBegin       4 1.0 3.0100e-07 1.0 0.00e+00 0.0 0.0e+00 0.0e+00 0.0e+00  0  0  0  0  0   0  0  0  0  0     0       0      0 0.00e+00    0 0.00e+00  0
VecAssemblyEnd         4 1.0 3.4100e-07 1.0 0.00e+00 0.0 0.0e+00 0.0e+00 0.0e+00  0  0  0  0  0   0  0  0  0  0     0       0      0 0.00e+00    0 0.00e+00  0
VecPointwiseMult      44 1.0 7.3669e-04 1.0 1.14e+06 1.0 0.0e+00 0.0e+00 0.0e+00  0  0  0  0  0   0  0  0  0  0  1544    3593      0 0.00e+00    0 0.00e+00 100
VecReciprocal         12 1.0 2.3160e-04 1.0 0.00e+00 0.0 0.0e+00 0.0e+00 0.0e+00  0  0  0  0  0   0  0  0  0  0     0       0      0 0.00e+00    0 0.00e+00  0
VecSetValues      131072 1.0 7.5625e-03 1.0 0.00e+00 0.0 0.0e+00 0.0e+00 0.0e+00  0  0  0  0  0   1  0  0  0  0     0       0      0 0.00e+00    0 0.00e+00  0
VecScatterBegin       69 1.0 9.3002e-05 1.0 0.00e+00 0.0 0.0e+00 0.0e+00 0.0e+00  0  0  0  0  0   0  0  0  0  0     0       0      3 0.00e+00    0 0.00e+00  0
VecScatterEnd         69 1.0 4.4337e-05 1.0 0.00e+00 0.0 0.0e+00 0.0e+00 0.0e+00  0  0  0  0  0   0  0  0  0  0     0       0      0 0.00e+00    0 0.00e+00  0
SFSetGraph            70 1.0 1.0159e-05 1.0 0.00e+00 0.0 0.0e+00 0.0e+00 0.0e+00  0  0  0  0  0   0  0  0  0  0     0       0      0 0.00e+00    0 0.00e+00  0
SFSetUp               70 1.0 2.1917e-04 1.0 0.00e+00 0.0 0.0e+00 0.0e+00 0.0e+00  0  0  0  0  0   0  0  0  0  0     0       0      0 0.00e+00    0 0.00e+00  0
SFBcastBegin          12 1.0 2.3665e-05 1.0 0.00e+00 0.0 0.0e+00 0.0e+00 0.0e+00  0  0  0  0  0   0  0  0  0  0     0       0      0 0.00e+00    0 0.00e+00  0
SFBcastEnd            12 1.0 3.8060e-06 1.0 0.00e+00 0.0 0.0e+00 0.0e+00 0.0e+00  0  0  0  0  0   0  0  0  0  0     0       0      0 0.00e+00    0 0.00e+00  0
SFReduceBegin         31 1.0 1.2423e-04 1.0 0.00e+00 0.0 0.0e+00 0.0e+00 0.0e+00  0  0  0  0  0   0  0  0  0  0     0       0      0 0.00e+00    0 0.00e+00  0
SFReduceEnd           31 1.0 1.8956e-05 1.0 0.00e+00 0.0 0.0e+00 0.0e+00 0.0e+00  0  0  0  0  0   0  0  0  0  0     0       0      0 0.00e+00    0 0.00e+00  0
SFFetchOpBegin         8 1.0 2.2115e-05 1.0 0.00e+00 0.0 0.0e+00 0.0e+00 0.0e+00  0  0  0  0  0   0  0  0  0  0     0       0      0 0.00e+00    0 0.00e+00  0
SFFetchOpEnd           8 1.0 8.9990e-06 1.0 0.00e+00 0.0 0.0e+00 0.0e+00 0.0e+00  0  0  0  0  0   0  0  0  0  0     0       0      0 0.00e+00    0 0.00e+00  0
SFPack               120 1.0 1.0489e-05 1.0 0.00e+00 0.0 0.0e+00 0.0e+00 0.0e+00  0  0  0  0  0   0  0  0  0  0     0       0      0 0.00e+00    0 0.00e+00  0
SFUnpack             128 1.0 1.3285e-05 1.0 0.00e+00 0.0 0.0e+00 0.0e+00 0.0e+00  0  0  0  0  0   0  0  0  0  0     0       0      0 0.00e+00    0 0.00e+00  0

--- Event Stage 2: Solve

MatMult              551 1.0 3.6399e-02 1.0 2.00e+09 1.0 0.0e+00 0.0e+00 0.0e+00  2 26  0  0  0  35 84  0  0  0 54938   76168      1 0.00e+00    0 0.00e+00 100
MatMultAdd            96 1.0 2.8068e-03 1.0 1.20e+08 1.0 0.0e+00 0.0e+00 0.0e+00  0  2  0  0  0   3  5  0  0  0 42796   64734      0 0.00e+00    0 0.00e+00 100
MatMultTranspose      96 1.0 4.4606e-03 1.0 1.20e+08 1.0 0.0e+00 0.0e+00 0.0e+00  0  2  0  0  0   4  5  0  0  0 26929   34046      0 0.00e+00    0 0.00e+00 100
MatResidual           96 1.0 8.4720e-03 1.0 4.15e+08 1.0 0.0e+00 0.0e+00 0.0e+00  0  5  0  0  0   8 17  0  0  0 49006   71963      0 0.00e+00    0 0.00e+00 100
KSPSolve               1 1.0 1.0348e-01 1.0 2.39e+09 1.0 0.0e+00 0.0e+00 0.0e+00  5 31  0  0  0 100 100  0  0  0 23055   37935      1 0.00e+00    0 0.00e+00 100
PCApply               24 1.0 9.5216e-02 1.0 2.00e+09 1.0 0.0e+00 0.0e+00 0.0e+00  4 26  0  0  0  92 84  0  0  0 20986   35420      1 0.00e+00    0 0.00e+00 100
VecTDot              384 1.0 1.1258e-02 1.0 9.83e+06 1.0 0.0e+00 0.0e+00 0.0e+00  1  0  0  0  0  11  0  0  0  0   874    1258      0 0.00e+00    0 0.00e+00 100
VecNorm              192 1.0 9.6061e-03 1.0 4.92e+06 1.0 0.0e+00 0.0e+00 0.0e+00  0  0  0  0  0   9  0  0  0  0   512     653      0 0.00e+00    0 0.00e+00 100
VecCopy              338 1.0 6.1134e-03 1.0 0.00e+00 0.0 0.0e+00 0.0e+00 0.0e+00  0  0  0  0  0   6  0  0  0  0     0       0      0 0.00e+00    0 0.00e+00  0
VecSet               121 1.0 1.7218e-03 1.0 0.00e+00 0.0 0.0e+00 0.0e+00 0.0e+00  0  0  0  0  0   2  0  0  0  0     0       0      0 0.00e+00    0 0.00e+00  0
VecAXPY              334 1.0 5.0023e-03 1.0 9.44e+06 1.0 0.0e+00 0.0e+00 0.0e+00  0  0  0  0  0   5  0  0  0  0  1887    5091      0 0.00e+00    0 0.00e+00 100
VecAYPX              718 1.0 1.1623e-02 1.0 3.43e+07 1.0 0.0e+00 0.0e+00 0.0e+00  1  0  0  0  0  11  1  0  0  0  2951    7152      0 0.00e+00    0 0.00e+00 100
VecAXPBYCZ           192 1.0 3.3595e-03 1.0 2.48e+07 1.0 0.0e+00 0.0e+00 0.0e+00  0  0  0  0  0   3  1  0  0  0  7386   16187      0 0.00e+00    0 0.00e+00 100
VecPointwiseMult     167 1.0 2.6077e-03 1.0 1.00e+03 1.0 0.0e+00 0.0e+00 0.0e+00  0  0  0  0  0   3  0  0  0  0     0       1      0 0.00e+00    0 0.00e+00 100
VecReciprocal          1 1.0 1.5479e-05 1.0 0.00e+00 0.0 0.0e+00 0.0e+00 0.0e+00  0  0  0  0  0   0  0  0  0  0     0       0      0 0.00e+00    0 0.00e+00  0
VecScatterBegin      431 1.0 3.6122e-04 1.0 0.00e+00 0.0 0.0e+00 0.0e+00 0.0e+00  0  0  0  0  0   0  0  0  0  0     0       0      1 0.00e+00    0 0.00e+00  0
VecScatterEnd        431 1.0 2.3364e-04 1.0 0.00e+00 0.0 0.0e+00 0.0e+00 0.0e+00  0  0  0  0  0   0  0  0  0  0     0       0      0 0.00e+00    0 0.00e+00  0
SFPack               431 1.0 3.4674e-05 1.0 0.00e+00 0.0 0.0e+00 0.0e+00 0.0e+00  0  0  0  0  0   0  0  0  0  0     0       0      0 0.00e+00    0 0.00e+00  0
SFUnpack             431 1.0 3.1940e-05 1.0 0.00e+00 0.0 0.0e+00 0.0e+00 0.0e+00  0  0  0  0  0   0  0  0  0  0     0       0      0 0.00e+00    0 0.00e+00  0

--- Event Stage 3: 2nd Setup

MatMult               40 1.0 2.8075e-03 1.0 1.71e+08 1.0 0.0e+00 0.0e+00 0.0e+00  0  2  0  0  0  10 86  0  0  0 60882   81832      0 0.00e+00    0 0.00e+00 100
MatScale               1 1.0 1.0816e-04 1.0 7.48e+06 1.0 0.0e+00 0.0e+00 0.0e+00  0  0  0  0  0   0  4  0  0  0 69114   85163      0 0.00e+00    0 0.00e+00 100
MatAssemblyBegin       4 1.0 5.1100e-07 1.0 0.00e+00 0.0 0.0e+00 0.0e+00 0.0e+00  0  0  0  0  0   0  0  0  0  0     0       0      0 0.00e+00    0 0.00e+00  0
MatAssemblyEnd         4 1.0 1.6730e-06 1.0 0.00e+00 0.0 0.0e+00 0.0e+00 0.0e+00  0  0  0  0  0   0  0  0  0  0     0       0      0 0.00e+00    0 0.00e+00  0
MatPtAPNumeric         4 1.0 6.0786e-03 1.0 0.00e+00 0.0 0.0e+00 0.0e+00 0.0e+00  0  0  0  0  0  22  0  0  0  0     0       0      0 0.00e+00    0 0.00e+00  0
MatSetValuesCOO        4 1.0 1.1219e-04 1.0 0.00e+00 0.0 0.0e+00 0.0e+00 0.0e+00  0  0  0  0  0   0  0  0  0  0     0       0      0 0.00e+00    0 0.00e+00  0
KSPSetUp               1 1.0 1.6100e-07 1.0 0.00e+00 0.0 0.0e+00 0.0e+00 0.0e+00  0  0  0  0  0   0  0  0  0  0     0       0      0 0.00e+00    0 0.00e+00  0
PCSetUp_GAMG+          1 1.0 2.7584e-02 1.0 1.91e+08 1.0 0.0e+00 0.0e+00 0.0e+00  1  2  0  0  0 100 96  0  0  0  6928   15166      4 2.60e+00    5 6.84e+01 100
PCGAMG Gal l00         1 1.0 2.9322e-03 1.0 0.00e+00 0.0 0.0e+00 0.0e+00 0.0e+00  0  0  0  0  0  11  0  0  0  0     0       0      0 0.00e+00    0 0.00e+00  0
PCGAMG Gal l01         1 1.0 2.7582e-03 1.0 0.00e+00 0.0 0.0e+00 0.0e+00 0.0e+00  0  0  0  0  0  10  0  0  0  0     0       0      0 0.00e+00    0 0.00e+00  0
PCGAMG Gal l02         1 1.0 2.9015e-04 1.0 0.00e+00 0.0 0.0e+00 0.0e+00 0.0e+00  0  0  0  0  0   1  0  0  0  0     0       0      0 0.00e+00    0 0.00e+00  0
PCGAMG Gal l03         1 1.0 1.0148e-04 1.0 0.00e+00 0.0 0.0e+00 0.0e+00 0.0e+00  0  0  0  0  0   0  0  0  0  0     0       0      0 0.00e+00    0 0.00e+00  0
PCSetUp                1 1.0 2.7586e-02 1.0 1.91e+08 1.0 0.0e+00 0.0e+00 0.0e+00  1  2  0  0  0 100 96  0  0  0  6928   15166      4 2.60e+00    5 6.84e+01 100
VecTDot               92 1.0 2.8025e-03 1.0 4.76e+06 1.0 0.0e+00 0.0e+00 0.0e+00  0  0  0  0  0  10  2  0  0  0  1697    2369      0 0.00e+00    0 0.00e+00 100
VecNorm               44 1.0 2.2443e-03 1.0 2.27e+06 1.0 0.0e+00 0.0e+00 0.0e+00  0  0  0  0  0   8  1  0  0  0  1013    1276      0 0.00e+00    0 0.00e+00 100
VecCopy                8 1.0 1.5893e-04 1.0 0.00e+00 0.0 0.0e+00 0.0e+00 0.0e+00  0  0  0  0  0   1  0  0  0  0     0       0      0 0.00e+00    0 0.00e+00  0
VecSet                 4 1.0 1.0657e-04 1.0 0.00e+00 0.0 0.0e+00 0.0e+00 0.0e+00  0  0  0  0  0   0  0  0  0  0     0       0      0 0.00e+00    0 0.00e+00  0
VecAXPY               80 1.0 1.1974e-03 1.0 4.14e+06 1.0 0.0e+00 0.0e+00 0.0e+00  0  0  0  0  0   4  2  0  0  0  3454    9128      0 0.00e+00    0 0.00e+00 100
VecAYPX               36 1.0 5.8358e-04 1.0 1.86e+06 1.0 0.0e+00 0.0e+00 0.0e+00  0  0  0  0  0   2  1  0  0  0  3189    7552      0 0.00e+00    0 0.00e+00 100
VecReciprocal          1 1.0 1.6983e-05 1.0 0.00e+00 0.0 0.0e+00 0.0e+00 0.0e+00  0  0  0  0  0   0  0  0  0  0     0       0      0 0.00e+00    0 0.00e+00  0
VecScatterBegin       30 1.0 2.9077e-05 1.0 0.00e+00 0.0 0.0e+00 0.0e+00 0.0e+00  0  0  0  0  0   0  0  0  0  0     0       0      0 0.00e+00    0 0.00e+00  0
VecScatterEnd         30 1.0 1.6793e-05 1.0 0.00e+00 0.0 0.0e+00 0.0e+00 0.0e+00  0  0  0  0  0   0  0  0  0  0     0       0      0 0.00e+00    0 0.00e+00  0
SFReduceBegin          4 1.0 6.4440e-06 1.0 0.00e+00 0.0 0.0e+00 0.0e+00 0.0e+00  0  0  0  0  0   0  0  0  0  0     0       0      0 0.00e+00    0 0.00e+00  0
SFReduceEnd            4 1.0 2.7340e-06 1.0 0.00e+00 0.0 0.0e+00 0.0e+00 0.0e+00  0  0  0  0  0   0  0  0  0  0     0       0      0 0.00e+00    0 0.00e+00  0
SFPack                34 1.0 2.8050e-06 1.0 0.00e+00 0.0 0.0e+00 0.0e+00 0.0e+00  0  0  0  0  0   0  0  0  0  0     0       0      0 0.00e+00    0 0.00e+00  0
SFUnpack              34 1.0 2.9390e-06 1.0 0.00e+00 0.0 0.0e+00 0.0e+00 0.0e+00  0  0  0  0  0   0  0  0  0  0     0       0      0 0.00e+00    0 0.00e+00  0

--- Event Stage 4: 2nd Solve

MatMult              551 1.0 3.6517e-02 1.0 2.00e+09 1.0 0.0e+00 0.0e+00 0.0e+00  2 26  0  0  0  36 84  0  0  0 54760   76137      0 0.00e+00    0 0.00e+00 100
MatMultAdd            96 1.0 2.7939e-03 1.0 1.20e+08 1.0 0.0e+00 0.0e+00 0.0e+00  0  2  0  0  0   3  5  0  0  0 42993   65449      0 0.00e+00    0 0.00e+00 100
MatMultTranspose      96 1.0 4.3967e-03 1.0 1.20e+08 1.0 0.0e+00 0.0e+00 0.0e+00  0  2  0  0  0   4  5  0  0  0 27320   34628      0 0.00e+00    0 0.00e+00 100
MatResidual           96 1.0 8.4446e-03 1.0 4.15e+08 1.0 0.0e+00 0.0e+00 0.0e+00  0  5  0  0  0   8 17  0  0  0 49165   72304      0 0.00e+00    0 0.00e+00 100
KSPSolve               1 1.0 1.0240e-01 1.0 2.39e+09 1.0 0.0e+00 0.0e+00 0.0e+00  5 31  0  0  0 100 100  0  0  0 23298   38537      0 0.00e+00    0 0.00e+00 100
PCApply               24 1.0 9.4863e-02 1.0 2.00e+09 1.0 0.0e+00 0.0e+00 0.0e+00  4 26  0  0  0  93 84  0  0  0 21064   35614      0 0.00e+00    0 0.00e+00 100
VecTDot              384 1.0 1.1176e-02 1.0 9.83e+06 1.0 0.0e+00 0.0e+00 0.0e+00  1  0  0  0  0  11  0  0  0  0   880    1276      0 0.00e+00    0 0.00e+00 100
VecNorm              192 1.0 9.7302e-03 1.0 4.92e+06 1.0 0.0e+00 0.0e+00 0.0e+00  0  0  0  0  0   9  0  0  0  0   505     641      0 0.00e+00    0 0.00e+00 100
VecCopy              338 1.0 5.6054e-03 1.0 0.00e+00 0.0 0.0e+00 0.0e+00 0.0e+00  0  0  0  0  0   5  0  0  0  0     0       0      0 0.00e+00    0 0.00e+00  0
VecSet               121 1.0 1.7349e-03 1.0 0.00e+00 0.0 0.0e+00 0.0e+00 0.0e+00  0  0  0  0  0   2  0  0  0  0     0       0      0 0.00e+00    0 0.00e+00  0
VecAXPY              334 1.0 5.0327e-03 1.0 9.44e+06 1.0 0.0e+00 0.0e+00 0.0e+00  0  0  0  0  0   5  0  0  0  0  1876    5133      0 0.00e+00    0 0.00e+00 100
VecAYPX              718 1.0 1.1605e-02 1.0 3.43e+07 1.0 0.0e+00 0.0e+00 0.0e+00  1  0  0  0  0  11  1  0  0  0  2956    7293      0 0.00e+00    0 0.00e+00 100
VecAXPBYCZ           192 1.0 3.1443e-03 1.0 2.48e+07 1.0 0.0e+00 0.0e+00 0.0e+00  0  0  0  0  0   3  1  0  0  0  7892   19040      0 0.00e+00    0 0.00e+00 100
VecPointwiseMult     167 1.0 2.6290e-03 1.0 1.00e+03 1.0 0.0e+00 0.0e+00 0.0e+00  0  0  0  0  0   3  0  0  0  0     0       1      0 0.00e+00    0 0.00e+00 100
VecScatterBegin      431 1.0 3.5286e-04 1.0 0.00e+00 0.0 0.0e+00 0.0e+00 0.0e+00  0  0  0  0  0   0  0  0  0  0     0       0      0 0.00e+00    0 0.00e+00  0
VecScatterEnd        431 1.0 2.5037e-04 1.0 0.00e+00 0.0 0.0e+00 0.0e+00 0.0e+00  0  0  0  0  0   0  0  0  0  0     0       0      0 0.00e+00    0 0.00e+00  0
SFPack               431 1.0 3.2921e-05 1.0 0.00e+00 0.0 0.0e+00 0.0e+00 0.0e+00  0  0  0  0  0   0  0  0  0  0     0       0      0 0.00e+00    0 0.00e+00  0
SFUnpack             431 1.0 3.8394e-05 1.0 0.00e+00 0.0 0.0e+00 0.0e+00 0.0e+00  0  0  0  0  0   0  0  0  0  0     0       0      0 0.00e+00    0 0.00e+00  0

--- Event Stage 5: 3rd Setup


--- Event Stage 6: 3rd Solve

MatMult              551 1.0 3.6319e-02 1.0 2.00e+09 1.0 0.0e+00 0.0e+00 0.0e+00  2 26  0  0  0  36 84  0  0  0 55059   76261      0 0.00e+00    0 0.00e+00 100
MatMultAdd            96 1.0 2.7837e-03 1.0 1.20e+08 1.0 0.0e+00 0.0e+00 0.0e+00  0  2  0  0  0   3  5  0  0  0 43151   65372      0 0.00e+00    0 0.00e+00 100
MatMultTranspose      96 1.0 4.3960e-03 1.0 1.20e+08 1.0 0.0e+00 0.0e+00 0.0e+00  0  2  0  0  0   4  5  0  0  0 27325   34628      0 0.00e+00    0 0.00e+00 100
MatScale               1 1.0 1.0514e-04 1.0 7.48e+06 1.0 0.0e+00 0.0e+00 0.0e+00  0  0  0  0  0   0  0  0  0  0 71096   87886      0 0.00e+00    0 0.00e+00 100
MatResidual           96 1.0 8.4193e-03 1.0 4.15e+08 1.0 0.0e+00 0.0e+00 0.0e+00  0  5  0  0  0   8 17  0  0  0 49313   72548      0 0.00e+00    0 0.00e+00 100
KSPSolve               1 1.0 1.0196e-01 1.0 2.39e+09 1.0 0.0e+00 0.0e+00 0.0e+00  5 31  0  0  0 100 100  0  0  0 23398   38507      0 0.00e+00    0 0.00e+00 100
PCApply               24 1.0 9.4360e-02 1.0 2.00e+09 1.0 0.0e+00 0.0e+00 0.0e+00  4 26  0  0  0  92 83  0  0  0 21176   35621      0 0.00e+00    0 0.00e+00 100
VecTDot              384 1.0 1.1164e-02 1.0 9.83e+06 1.0 0.0e+00 0.0e+00 0.0e+00  1  0  0  0  0  11  0  0  0  0   881    1275      0 0.00e+00    0 0.00e+00 100
VecNorm              192 1.0 9.7984e-03 1.0 4.92e+06 1.0 0.0e+00 0.0e+00 0.0e+00  0  0  0  0  0  10  0  0  0  0   502     636      0 0.00e+00    0 0.00e+00 100
VecCopy              338 1.0 5.5740e-03 1.0 0.00e+00 0.0 0.0e+00 0.0e+00 0.0e+00  0  0  0  0  0   5  0  0  0  0     0       0      0 0.00e+00    0 0.00e+00  0
VecSet               121 1.0 1.7131e-03 1.0 0.00e+00 0.0 0.0e+00 0.0e+00 0.0e+00  0  0  0  0  0   2  0  0  0  0     0       0      0 0.00e+00    0 0.00e+00  0
VecAXPY              334 1.0 5.0011e-03 1.0 9.44e+06 1.0 0.0e+00 0.0e+00 0.0e+00  0  0  0  0  0   5  0  0  0  0  1888    5118      0 0.00e+00    0 0.00e+00 100
VecAYPX              718 1.0 1.1514e-02 1.0 3.43e+07 1.0 0.0e+00 0.0e+00 0.0e+00  1  0  0  0  0  11  1  0  0  0  2979    7274      0 0.00e+00    0 0.00e+00 100
VecAXPBYCZ           192 1.0 3.1010e-03 1.0 2.48e+07 1.0 0.0e+00 0.0e+00 0.0e+00  0  0  0  0  0   3  1  0  0  0  8002   19289      0 0.00e+00    0 0.00e+00 100
VecPointwiseMult     167 1.0 2.6125e-03 1.0 1.00e+03 1.0 0.0e+00 0.0e+00 0.0e+00  0  0  0  0  0   3  0  0  0  0     0       1      0 0.00e+00    0 0.00e+00 100
VecScatterBegin      431 1.0 3.5549e-04 1.0 0.00e+00 0.0 0.0e+00 0.0e+00 0.0e+00  0  0  0  0  0   0  0  0  0  0     0       0      0 0.00e+00    0 0.00e+00  0
VecScatterEnd        431 1.0 2.2486e-04 1.0 0.00e+00 0.0 0.0e+00 0.0e+00 0.0e+00  0  0  0  0  0   0  0  0  0  0     0       0      0 0.00e+00    0 0.00e+00  0
SFPack               431 1.0 3.3328e-05 1.0 0.00e+00 0.0 0.0e+00 0.0e+00 0.0e+00  0  0  0  0  0   0  0  0  0  0     0       0      0 0.00e+00    0 0.00e+00  0
SFUnpack             431 1.0 3.1163e-05 1.0 0.00e+00 0.0 0.0e+00 0.0e+00 0.0e+00  0  0  0  0  0   0  0  0  0  0     0       0      0 0.00e+00    0 0.00e+00  0
---------------------------------------------------------------------------------------------------------------------------------------------------------------

Object Type          Creations   Destructions. Reports information only for process 0.

--- Event Stage 0: Main Stage

           Container     4             12
       Krylov Solver     1             10
              Matrix     5             53
      Matrix Coarsen     0              1
   Matrix Null Space     1              1
      Preconditioner     1              6
              Viewer     1              1
  PetscDeviceContext     1              0
              Vector    10             57
   Star Forest Graph     0             16
    Distributed Mesh     0              4
     Discrete System     0              4
           Weak Form     0              4

--- Event Stage 1: Setup

           Container    37             29
       Krylov Solver    13              4
              Matrix   272            224
      Matrix Coarsen     4              3
      Preconditioner    13              8
              Vector   231            185
           Index Set    91             91
   Star Forest Graph    70             62
         PetscRandom     4              4

--- Event Stage 2: Solve

              Vector     1              0
   Star Forest Graph     8              0
    Distributed Mesh     4              0
     Discrete System     4              0
           Weak Form     4              0

--- Event Stage 3: 2nd Setup

              Vector    12             12

--- Event Stage 4: 2nd Solve


--- Event Stage 5: 3rd Setup


--- Event Stage 6: 3rd Solve

========================================================================================================================
Average time to get PetscTime(): 3.21e-08
#PETSc Option Table entries:
-alpha 1.e-3 # (source: command line)
-ksp_converged_reason # (source: command line)
-ksp_norm_type unpreconditioned # (source: command line)
-ksp_rtol 1e-6 # (source: command line)
-ksp_type cg # (source: command line)
-log_view # (source: command line)
-log_view_gpu_time # (source: command line)
-mat_type mpibaijkokkos # (source: command line)
-mg_coarse_ksp_type cg # (source: command line)
-mg_coarse_pc_type jacobi # (source: command line)
-mg_levels_ksp_type chebyshev # (source: command line)
-mg_levels_pc_type pbjacobi # (source: command line)
-ne 31 # (source: command line)
-pc_gamg_agg_nsmooths 1 # (source: command line)
-pc_gamg_coarse_eq_limit 20 # (source: command line)
-pc_gamg_parallel_coarse_grid_solver # (source: command line)
-pc_gamg_reuse_interpolation true # (source: command line)
-pc_gamg_type agg # (source: command line)
-pc_type gamg # (source: command line)
-two_solves # (source: command line)
-use_mat_nearnullspace # (source: command line)
#End of PETSc Option Table entries
Compiled without FORTRAN kernels
Compiled with full precision matrices (default)
sizeof(short) 2 sizeof(int) 4 sizeof(long) 8 sizeof(void*) 8 sizeof(PetscScalar) 8 sizeof(PetscInt) 4
Configure options: --with-make-np=8 --with-mpiexec="srun -G4 --gpu-bind=none" --with-batch=0 --download-triangle=1 --with-cc=cc --with-cxx=CC --with-fc=0 --with-debugging=0 --with-cuda=1 --with-cuda-arch=80 --download-kokkos --download-kokkos-kernels --force PETSC_ARCH=arch-perlmutter-opt-gcc-kokkos-cuda
-----------------------------------------
Libraries compiled on 2026-06-22 11:34:59 on login15
Machine characteristics: Linux-6.4.0-150600.23.103_15.0.24-cray_shasta_c-x86_64-with-glibc2.3.4
Using PETSc directory: /global/u2/m/madams/petsc
Using PETSc arch: arch-perlmutter-opt-gcc-kokkos-cuda
-----------------------------------------

Using C compiler: cc  -fPIC -Wall -Wwrite-strings -Wno-unknown-pragmas -Wno-lto-type-mismatch -Wno-stringop-overflow -fstack-protector -fvisibility=hidden -g -O 
-----------------------------------------

Using include paths: -I/global/u2/m/madams/petsc/include -I/global/u2/m/madams/petsc/arch-perlmutter-opt-gcc-kokkos-cuda/include -I/opt/nvidia/hpc_sdk/Linux_x86_64/25.5/cuda/12.9/include -I/opt/nvidia/hpc_sdk/Linux_x86_64/25.5/math_libs/12.9/include
-----------------------------------------

Using C linker: cc
Using libraries: -Wl,-rpath,/global/u2/m/madams/petsc/arch-perlmutter-opt-gcc-kokkos-cuda/lib -L/global/u2/m/madams/petsc/arch-perlmutter-opt-gcc-kokkos-cuda/lib -lpetsc -Wl,-rpath,/global/u2/m/madams/petsc/arch-perlmutter-opt-gcc-kokkos-cuda/lib -L/global/u2/m/madams/petsc/arch-perlmutter-opt-gcc-kokkos-cuda/lib -Wl,-rpath,/opt/nvidia/hpc_sdk/Linux_x86_64/25.5/cuda/12.9/lib64 -L/opt/nvidia/hpc_sdk/Linux_x86_64/25.5/cuda/12.9/lib64 -Wl,-rpath,/opt/nvidia/hpc_sdk/Linux_x86_64/25.5/math_libs/12.9/lib64 -L/opt/nvidia/hpc_sdk/Linux_x86_64/25.5/math_libs/12.9/lib64 -L/opt/nvidia/hpc_sdk/Linux_x86_64/25.5/cuda/12.9/lib64/stubs -lkokkoskernels -lkokkoscontainers -lkokkoscore -lkokkossimd -ltriangle -lcudart -lnvtx3interop -lcufft -lcublas -lcusparse -lcusolver -lcurand -lcuda -lnvidia-ml -lX11 -lstdc++ -lquadmath
-----------------------------------------

  Linear solve converged due to CONVERGED_RTOL iterations 24
  Linear solve converged due to CONVERGED_RTOL iterations 24
  Linear solve converged due to CONVERGED_RTOL iterations 24
[0]main |b-Ax|/|b|=7.121479e-07, |b|=3.122584e+00, emax=9.984289e-01
****************************************************************************************************************************************************************
***                                WIDEN YOUR WINDOW TO 160 CHARACTERS.  Use 'enscript -r -fCourier9' to print this document                                 ***
****************************************************************************************************************************************************************

------------------------------------------------------------------ PETSc Performance Summary: ------------------------------------------------------------------

/global/homes/m/madams/petsc/arch-perlmutter-opt-gcc-kokkos-cuda/tests/ksp/ksp/tutorials/ex56 on a arch-perlmutter-opt-gcc-kokkos-cuda named nid001161 with 1 process and CUDA architecture 80, by madams on Mon Jun 22 08:03:25 2026
Using PETSc Development Git Revision: v3.25.2-340-g83d2bd4a8b4 Git Date: 2026-06-21 14:23:19 -0400

                         Max       Max/Min     Avg       Total
Time (sec):           1.235e+00     1.000   1.235e+00
Objects:              0.000e+00     0.000   0.000e+00
Flops:                7.776e+09     1.000   7.776e+09  7.776e+09
Flops/sec:            6.297e+09     1.000   6.297e+09  6.297e+09
MPI Msg Count:        0.000e+00     0.000   0.000e+00  0.000e+00
MPI Msg Len (bytes):  0.000e+00     0.000   0.000e+00  0.000e+00
MPI Reductions:       0.000e+00     0.000

Flop counting convention: 1 flop = 1 real number operation of type (multiply/divide/add/subtract)
                            e.g., VecAXPY() for real vectors of length N --> 2N flops
                            and VecAXPY() for complex vectors of length N --> 8N flops

Summary of Stages:   ----- Time ------  ----- Flop ------  --- Messages ---  -- Message Lengths --  -- Reductions --
                        Avg     %Total     Avg     %Total    Count   %Total     Avg         %Total    Count   %Total
 0:      Main Stage: 5.1161e-01  41.4%  3.0828e+07   0.4%  0.000e+00   0.0%  0.000e+00        0.0%  0.000e+00   0.0%
 1:           Setup: 5.8010e-01  47.0%  3.8189e+08   4.9%  0.000e+00   0.0%  0.000e+00        0.0%  0.000e+00   0.0%
 2:           Solve: 4.4093e-02   3.6%  2.3857e+09  30.7%  0.000e+00   0.0%  0.000e+00        0.0%  0.000e+00   0.0%
 3:       2nd Setup: 1.3581e-02   1.1%  1.9859e+08   2.6%  0.000e+00   0.0%  0.000e+00        0.0%  0.000e+00   0.0%
 4:       2nd Solve: 4.2788e-02   3.5%  2.3857e+09  30.7%  0.000e+00   0.0%  0.000e+00        0.0%  0.000e+00   0.0%
 5:       3rd Setup: 2.7000e-07   0.0%  0.0000e+00   0.0%  0.000e+00   0.0%  0.000e+00        0.0%  0.000e+00   0.0%
 6:       3rd Solve: 4.2742e-02   3.5%  2.3932e+09  30.8%  0.000e+00   0.0%  0.000e+00        0.0%  0.000e+00   0.0%

------------------------------------------------------------------------------------------------------------------------
See the 'Profiling' chapter of the users' manual for details on interpreting output.
Phase summary info:
   Count: number of times phase was executed
   Time and Flop: Max - maximum over all processes
                  Ratio - ratio of maximum to minimum over all processes
   Mess: number of messages sent
   AvgLen: average message length (bytes)
   Reduct: number of global reductions
   Global: entire computation
   Stage: stages of a computation. Set stages with PetscLogStagePush() and PetscLogStagePop().
      %T - percent time in this phase         %F - percent flop in this phase
      %M - percent messages in this phase     %L - percent message lengths in this phase
      %R - percent reductions in this phase
   Total Mflop/s: 1e-6 * (sum of flop over all processes)/(max time over all processes)
   GPU Mflop/s: 1e-6 * (sum of flop on GPU over all processes)/(max GPU time over all processes)
   CpuToGpu Count: total number of CPU to GPU copies per processor
   CpuToGpu Size (Mbytes): 1e-6 * (total size of CPU to GPU copies per processor)
   GpuToCpu Count: total number of GPU to CPU copies per processor
   GpuToCpu Size (Mbytes): 1e-6 * (total size of GPU to CPU copies per processor)
   GPU %F: percent flops on GPU in this event
------------------------------------------------------------------------------------------------------------------------
Event                Count      Time (sec)     Flop                              --- Global ---  --- Stage ----  Total   GPU    - CpuToGpu -   - GpuToCpu - GPU
                   Max Ratio  Max     Ratio   Max  Ratio  Mess   AvgLen  Reduct  %T %F %M %L %R  %T %F %M %L %R Mflop/s Mflop/s Count   Size   Count   Size  %F
---------------------------------------------------------------------------------------------------------------------------------------------------------------

--- Event Stage 0: Main Stage

MatMult                1 1.0 2.8766e-05 1.0 1.50e+07 1.0 0.0e+00 0.0e+00 0.0e+00  0  0  0  0  0   0 48  0  0  0 519729       0      0 0.00e+00    0 0.00e+00 100
MatAssemblyBegin       1 1.0 4.7100e-07 1.0 0.00e+00 0.0 0.0e+00 0.0e+00 0.0e+00  0  0  0  0  0   0  0  0  0  0     0       0      0 0.00e+00    0 0.00e+00  0
MatAssemblyEnd         1 1.0 6.5647e-03 1.0 0.00e+00 0.0 0.0e+00 0.0e+00 0.0e+00  1  0  0  0  0   1  0  0  0  0     0       0      0 0.00e+00    0 0.00e+00  0
DCtxCreate             1 1.0 4.1400e-05 1.0 0.00e+00 0.0 0.0e+00 0.0e+00 0.0e+00  0  0  0  0  0   0  0  0  0  0     0       0      0 0.00e+00    0 0.00e+00  0
DCtxDestroy            1 1.0 2.0830e-05 1.0 0.00e+00 0.0 0.0e+00 0.0e+00 0.0e+00  0  0  0  0  0   0  0  0  0  0     0       0      0 0.00e+00    0 0.00e+00  0
DCtxSetUp              1 1.0 7.7440e-06 1.0 0.00e+00 0.0 0.0e+00 0.0e+00 0.0e+00  0  0  0  0  0   0  0  0  0  0     0       0      0 0.00e+00    0 0.00e+00  0
DCtxSetDevice          1 1.0 1.3777e-05 1.0 0.00e+00 0.0 0.0e+00 0.0e+00 0.0e+00  0  0  0  0  0   0  0  0  0  0     0       0      0 0.00e+00    0 0.00e+00  0
VecMDot                3 1.0 3.4588e-04 1.0 2.36e+06 1.0 0.0e+00 0.0e+00 0.0e+00  0  0  0  0  0   0  8  0  0  0  6821       0      0 0.00e+00    0 0.00e+00  0
VecNorm                5 1.0 1.1916e-04 1.0 9.83e+05 1.0 0.0e+00 0.0e+00 0.0e+00  0  0  0  0  0   0  3  0  0  0  8250       0      0 0.00e+00    0 0.00e+00 40
VecScale               3 1.0 4.8904e-05 1.0 2.95e+05 1.0 0.0e+00 0.0e+00 0.0e+00  0  0  0  0  0   0  1  0  0  0  6030       0      0 0.00e+00    0 0.00e+00  0
VecAXPY                1 1.0 4.0180e-06 1.0 1.97e+05 1.0 0.0e+00 0.0e+00 0.0e+00  0  0  0  0  0   0  1  0  0  0 48932       0      0 0.00e+00    0 0.00e+00 100
VecMAXPY               3 1.0 2.4764e-04 1.0 2.36e+06 1.0 0.0e+00 0.0e+00 0.0e+00  0  0  0  0  0   0  8  0  0  0  9527       0      0 0.00e+00    0 0.00e+00  0
VecAssemblyBegin       1 1.0 2.4000e-07 1.0 0.00e+00 0.0 0.0e+00 0.0e+00 0.0e+00  0  0  0  0  0   0  0  0  0  0     0       0      0 0.00e+00    0 0.00e+00  0
VecAssemblyEnd         1 1.0 8.0000e-08 1.0 0.00e+00 0.0 0.0e+00 0.0e+00 0.0e+00  0  0  0  0  0   0  0  0  0  0     0       0      0 0.00e+00    0 0.00e+00  0
VecNormalize           3 1.0 9.7719e-05 1.0 8.85e+05 1.0 0.0e+00 0.0e+00 0.0e+00  0  0  0  0  0   0  3  0  0  0  9054       0      0 0.00e+00    0 0.00e+00  0

--- Event Stage 1: Setup

MatMult               80 1.0 5.0520e-03 1.0 3.42e+08 1.0 0.0e+00 0.0e+00 0.0e+00  0  4  0  0  0   1 90  0  0  0 67666       0      0 0.00e+00    0 0.00e+00 100
MatScale              12 1.0 9.7626e-04 1.0 6.73e+06 1.0 0.0e+00 0.0e+00 0.0e+00  0  0  0  0  0   0  2  0  0  0  6889       0      0 0.00e+00    0 0.00e+00 100
MatAssemblyBegin      30 1.0 5.8440e-06 1.0 0.00e+00 0.0 0.0e+00 0.0e+00 0.0e+00  0  0  0  0  0   0  0  0  0  0     0       0      0 0.00e+00    0 0.00e+00  0
MatAssemblyEnd        30 1.0 1.6808e-02 1.0 0.00e+00 0.0 0.0e+00 0.0e+00 0.0e+00  1  0  0  0  0   3  0  0  0  0     0       0      0 0.00e+00    0 0.00e+00  0
MatSetValues       35313 1.0 1.6520e-02 1.0 0.00e+00 0.0 0.0e+00 0.0e+00 0.0e+00  1  0  0  0  0   3  0  0  0  0     0       0      0 0.00e+00    0 0.00e+00  0
MatGetValues       33616 1.0 6.4268e-02 1.0 0.00e+00 0.0 0.0e+00 0.0e+00 0.0e+00  5  0  0  0  0  11  0  0  0  0     0       0      0 0.00e+00    0 0.00e+00  0
MatGetRow         137080 1.0 1.0650e-01 1.0 0.00e+00 0.0 0.0e+00 0.0e+00 0.0e+00  9  0  0  0  0  18  0  0  0  0     0       0      0 0.00e+00   10 1.55e+01  0
MatCoarsen             4 1.0 4.4866e-03 1.0 0.00e+00 0.0 0.0e+00 0.0e+00 0.0e+00  0  0  0  0  0   1  0  0  0  0     0       0      3 6.78e-03    3 6.78e-03  0
MatAXPY                4 1.0 6.5727e-05 1.0 1.24e+06 1.0 0.0e+00 0.0e+00 0.0e+00  0  0  0  0  0   0  0  0  0  0 18877       0      0 0.00e+00    0 0.00e+00 100
MatTranspose           3 1.0 9.7668e-04 1.0 0.00e+00 0.0 0.0e+00 0.0e+00 0.0e+00  0  0  0  0  0   0  0  0  0  0     0       0      3 6.78e-03    0 0.00e+00  0
MatMatMultSym          4 1.0 2.4578e-02 1.0 0.00e+00 0.0 0.0e+00 0.0e+00 0.0e+00  2  0  0  0  0   4  0  0  0  0     0       0      4 4.96e+00    0 0.00e+00  0
MatMatMultNum          4 1.0 4.6400e-06 1.0 0.00e+00 0.0 0.0e+00 0.0e+00 0.0e+00  0  0  0  0  0   0  0  0  0  0     0       0      0 0.00e+00    0 0.00e+00  0
MatPtAPSymbolic        4 1.0 2.1280e-01 1.0 0.00e+00 0.0 0.0e+00 0.0e+00 0.0e+00 17  0  0  0  0  37  0  0  0  0     0       0      0 0.00e+00    0 0.00e+00  0
MatPtAPNumeric         4 1.0 5.6010e-06 1.0 0.00e+00 0.0 0.0e+00 0.0e+00 0.0e+00  0  0  0  0  0   0  0  0  0  0     0       0      0 0.00e+00    0 0.00e+00  0
MatTrnMatMultSym       1 1.0 2.7942e-02 1.0 0.00e+00 0.0 0.0e+00 0.0e+00 0.0e+00  2  0  0  0  0   5  0  0  0  0     0       0      0 0.00e+00    0 0.00e+00  0
MatCreateGraph         4 1.0 1.4221e-01 1.0 1.72e+06 1.0 0.0e+00 0.0e+00 0.0e+00 12  0  0  0  0  25  0  0  0  0    12       0      4 6.88e+00    7 8.84e+00 100
KSPSetUp               1 1.0 1.6248e-03 1.0 0.00e+00 0.0 0.0e+00 0.0e+00 0.0e+00  0  0  0  0  0   0  0  0  0  0     0       0      0 0.00e+00    0 0.00e+00  0
PCSetUp_GAMG+          1 1.0 5.7844e-01 1.0 3.82e+08 1.0 0.0e+00 0.0e+00 0.0e+00 47  5  0  0  0 100 100  0  0  0   660       0     12 7.17e+01   14 1.57e+01 100
 PCGAMGCreateG         4 1.0 1.4222e-01 1.0 1.72e+06 1.0 0.0e+00 0.0e+00 0.0e+00 12  0  0  0  0  25  0  0  0  0    12       0      4 6.88e+00    7 8.84e+00 100
 GAMG Coarsen          8 1.0 7.0029e-02 1.0 0.00e+00 0.0 0.0e+00 0.0e+00 0.0e+00  6  0  0  0  0  12  0  0  0  0     0       0      3 6.78e-03    7 6.89e+00  0
  GAMG MIS/Agg         4 1.0 3.2944e-02 1.0 0.00e+00 0.0 0.0e+00 0.0e+00 0.0e+00  3  0  0  0  0   6  0  0  0  0     0       0      3 6.78e-03    3 6.78e-03  0
 PCGAMGProl            4 1.0 1.4897e-02 1.0 0.00e+00 0.0 0.0e+00 0.0e+00 0.0e+00  1  0  0  0  0   3  0  0  0  0     0       0      0 0.00e+00    0 0.00e+00  0
  GAMG Prol-col        4 1.0 2.1561e-05 1.0 0.00e+00 0.0 0.0e+00 0.0e+00 0.0e+00  0  0  0  0  0   0  0  0  0  0     0       0      0 0.00e+00    0 0.00e+00  0
  GAMG Prol-lift       4 1.0 1.4452e-02 1.0 0.00e+00 0.0 0.0e+00 0.0e+00 0.0e+00  1  0  0  0  0   2  0  0  0  0     0       0      0 0.00e+00    0 0.00e+00  0
 PCGAMGOptProl         4 1.0 5.6165e-02 1.0 1.89e+08 1.0 0.0e+00 0.0e+00 0.0e+00  5  2  0  0  0  10 50  0  0  0  3366       0      5 6.48e+01    0 0.00e+00 100
  GAMG smooth          4 1.0 2.6600e-02 1.0 6.25e+06 1.0 0.0e+00 0.0e+00 0.0e+00  2  0  0  0  0   5  2  0  0  0   235       0      4 4.96e+00    0 0.00e+00 100
 PCGAMGCreateL         4 1.0 2.1286e-01 1.0 0.00e+00 0.0 0.0e+00 0.0e+00 0.0e+00 17  0  0  0  0  37  0  0  0  0     0       0      0 0.00e+00    0 0.00e+00  0
  GAMG PtAP            4 1.0 2.1285e-01 1.0 0.00e+00 0.0 0.0e+00 0.0e+00 0.0e+00 17  0  0  0  0  37  0  0  0  0     0       0      0 0.00e+00    0 0.00e+00  0
PCGAMG Squ l00         1 1.0 2.7946e-02 1.0 0.00e+00 0.0 0.0e+00 0.0e+00 0.0e+00  2  0  0  0  0   5  0  0  0  0     0       0      0 0.00e+00    0 0.00e+00  0
PCGAMG Gal l00         1 1.0 1.8142e-01 1.0 0.00e+00 0.0 0.0e+00 0.0e+00 0.0e+00 15  0  0  0  0  31  0  0  0  0     0       0      0 0.00e+00    0 0.00e+00  0
PCGAMG Opt l00         1 1.0 1.8625e-02 1.0 0.00e+00 0.0 0.0e+00 0.0e+00 0.0e+00  2  0  0  0  0   3  0  0  0  0     0       0      1 4.72e+00    0 0.00e+00  0
PCGAMG Gal l01         1 1.0 2.6978e-02 1.0 0.00e+00 0.0 0.0e+00 0.0e+00 0.0e+00  2  0  0  0  0   5  0  0  0  0     0       0      0 0.00e+00    0 0.00e+00  0
PCGAMG Opt l01         1 1.0 4.0174e-03 1.0 0.00e+00 0.0 0.0e+00 0.0e+00 0.0e+00  0  0  0  0  0   1  0  0  0  0     0       0      1 2.24e-01    0 0.00e+00  0
PCGAMG Gal l02         1 1.0 3.1859e-03 1.0 0.00e+00 0.0 0.0e+00 0.0e+00 0.0e+00  0  0  0  0  0   1  0  0  0  0     0       0      0 0.00e+00    0 0.00e+00  0
PCGAMG Opt l02         1 1.0 1.3816e-03 1.0 0.00e+00 0.0 0.0e+00 0.0e+00 0.0e+00  0  0  0  0  0   0  0  0  0  0     0       0      1 1.90e-02    0 0.00e+00  0
PCGAMG Gal l03         1 1.0 1.2654e-03 1.0 0.00e+00 0.0 0.0e+00 0.0e+00 0.0e+00  0  0  0  0  0   0  0  0  0  0     0       0      0 0.00e+00    0 0.00e+00  0
PCGAMG Opt l03         1 1.0 5.9771e-04 1.0 0.00e+00 0.0 0.0e+00 0.0e+00 0.0e+00  0  0  0  0  0   0  0  0  0  0     0       0      1 1.44e-03    0 0.00e+00  0
PCSetUp                1 1.0 5.7845e-01 1.0 3.82e+08 1.0 0.0e+00 0.0e+00 0.0e+00 47  5  0  0  0 100 100  0  0  0   660       0     12 7.17e+01   14 1.57e+01 100
VecTDot              184 1.0 5.9157e-03 1.0 9.51e+06 1.0 0.0e+00 0.0e+00 0.0e+00  0  0  0  0  0   1  2  0  0  0  1608       0      0 0.00e+00    0 0.00e+00 100
VecNorm               44 1.0 2.6245e-03 1.0 2.27e+06 1.0 0.0e+00 0.0e+00 0.0e+00  0  0  0  0  0   0  1  0  0  0   867       0      0 0.00e+00    0 0.00e+00 100
VecCopy               16 1.0 1.6450e-04 1.0 0.00e+00 0.0 0.0e+00 0.0e+00 0.0e+00  0  0  0  0  0   0  0  0  0  0     0       0      0 0.00e+00    0 0.00e+00  0
VecSet                 8 1.0 4.6448e-05 1.0 0.00e+00 0.0 0.0e+00 0.0e+00 0.0e+00  0  0  0  0  0   0  0  0  0  0     0       0      0 0.00e+00    0 0.00e+00  0
VecAXPY              160 1.0 1.3133e-02 1.0 8.27e+06 1.0 0.0e+00 0.0e+00 0.0e+00  1  0  0  0  0   2  2  0  0  0   630       0      0 0.00e+00    0 0.00e+00 100
VecAYPX               72 1.0 1.5903e-03 1.0 3.72e+06 1.0 0.0e+00 0.0e+00 0.0e+00  0  0  0  0  0   0  1  0  0  0  2340       0      0 0.00e+00    0 0.00e+00 100
VecPointwiseMult      44 1.0 2.2036e-04 1.0 1.14e+06 1.0 0.0e+00 0.0e+00 0.0e+00  0  0  0  0  0   0  0  0  0  0  5161       0      0 0.00e+00    0 0.00e+00 100
VecReciprocal         12 1.0 2.1312e-03 1.0 0.00e+00 0.0 0.0e+00 0.0e+00 0.0e+00  0  0  0  0  0   0  0  0  0  0     0       0      0 0.00e+00    0 0.00e+00  0

--- Event Stage 2: Solve

MatMult              551 1.0 5.7167e-03 1.0 2.00e+09 1.0 0.0e+00 0.0e+00 0.0e+00  0 26  0  0  0  13 84  0  0  0 349796       0      0 0.00e+00    0 0.00e+00 100
MatMultAdd            96 1.0 1.0323e-03 1.0 1.20e+08 1.0 0.0e+00 0.0e+00 0.0e+00  0  2  0  0  0   2  5  0  0  0 116357       0      0 0.00e+00    0 0.00e+00 100
MatMultTranspose      96 1.0 8.8138e-04 1.0 1.20e+08 1.0 0.0e+00 0.0e+00 0.0e+00  0  2  0  0  0   2  5  0  0  0 136284       0      0 0.00e+00    0 0.00e+00 100
MatResidual           96 1.0 1.3128e-03 1.0 4.15e+08 1.0 0.0e+00 0.0e+00 0.0e+00  0  5  0  0  0   3 17  0  0  0 316254       0      0 0.00e+00    0 0.00e+00 100
KSPSolve               1 1.0 4.4089e-02 1.0 2.39e+09 1.0 0.0e+00 0.0e+00 0.0e+00  4 31  0  0  0 100 100  0  0  0 54112       0      0 0.00e+00    0 0.00e+00 100
PCApply               24 1.0 3.3788e-02 1.0 2.00e+09 1.0 0.0e+00 0.0e+00 0.0e+00  3 26  0  0  0  77 84  0  0  0 59139       0      0 0.00e+00    0 0.00e+00 100
VecTDot              384 1.0 1.4350e-02 1.0 9.83e+06 1.0 0.0e+00 0.0e+00 0.0e+00  1  0  0  0  0  33  0  0  0  0   685       0      0 0.00e+00    0 0.00e+00 100
VecNorm              192 1.0 1.1800e-02 1.0 4.92e+06 1.0 0.0e+00 0.0e+00 0.0e+00  1  0  0  0  0  27  0  0  0  0   417       0      0 0.00e+00    0 0.00e+00 100
VecCopy              338 1.0 1.8881e-03 1.0 0.00e+00 0.0 0.0e+00 0.0e+00 0.0e+00  0  0  0  0  0   4  0  0  0  0     0       0      0 0.00e+00    0 0.00e+00  0
VecSet               121 1.0 3.9631e-04 1.0 0.00e+00 0.0 0.0e+00 0.0e+00 0.0e+00  0  0  0  0  0   1  0  0  0  0     0       0      0 0.00e+00    0 0.00e+00  0
VecAXPY              334 1.0 9.0258e-04 1.0 9.44e+06 1.0 0.0e+00 0.0e+00 0.0e+00  0  0  0  0  0   2  0  0  0  0 10460       0      0 0.00e+00    0 0.00e+00 100
VecAYPX              718 1.0 2.6026e-03 1.0 3.43e+07 1.0 0.0e+00 0.0e+00 0.0e+00  0  0  0  0  0   6  1  0  0  0 13179       0      0 0.00e+00    0 0.00e+00 100
VecAXPBYCZ           192 1.0 9.6625e-04 1.0 2.48e+07 1.0 0.0e+00 0.0e+00 0.0e+00  0  0  0  0  0   2  1  0  0  0 25681       0      0 0.00e+00    0 0.00e+00 100
VecPointwiseMult     167 1.0 6.3954e-04 1.0 1.00e+03 1.0 0.0e+00 0.0e+00 0.0e+00  0  0  0  0  0   1  0  0  0  0     2       0      0 0.00e+00    0 0.00e+00 100
VecReciprocal          1 1.0 6.3620e-06 1.0 0.00e+00 0.0 0.0e+00 0.0e+00 0.0e+00  0  0  0  0  0   0  0  0  0  0     0       0      0 0.00e+00    0 0.00e+00  0

--- Event Stage 3: 2nd Setup

MatMult               40 1.0 4.9966e-04 1.0 1.71e+08 1.0 0.0e+00 0.0e+00 0.0e+00  0  2  0  0  0   4 86  0  0  0 342081       0      0 0.00e+00    0 0.00e+00 100
MatScale               1 1.0 6.4030e-06 1.0 7.48e+06 1.0 0.0e+00 0.0e+00 0.0e+00  0  0  0  0  0   0  4  0  0  0 1167462       0      0 0.00e+00    0 0.00e+00 100
MatPtAPNumeric         4 1.0 5.6339e-03 1.0 0.00e+00 0.0 0.0e+00 0.0e+00 0.0e+00  0  0  0  0  0  41  0  0  0  0     0       0      0 0.00e+00    0 0.00e+00  0
KSPSetUp               1 1.0 1.9000e-07 1.0 0.00e+00 0.0 0.0e+00 0.0e+00 0.0e+00  0  0  0  0  0   0  0  0  0  0     0       0      0 0.00e+00    0 0.00e+00  0
PCSetUp_GAMG+          1 1.0 1.3505e-02 1.0 1.91e+08 1.0 0.0e+00 0.0e+00 0.0e+00  1  2  0  0  0  99 96  0  0  0 14151       0      4 2.60e+00    1 4.80e-05 100
PCGAMG Gal l00         1 1.0 2.2864e-03 1.0 0.00e+00 0.0 0.0e+00 0.0e+00 0.0e+00  0  0  0  0  0  17  0  0  0  0     0       0      0 0.00e+00    0 0.00e+00  0
PCGAMG Gal l01         1 1.0 2.5904e-03 1.0 0.00e+00 0.0 0.0e+00 0.0e+00 0.0e+00  0  0  0  0  0  19  0  0  0  0     0       0      0 0.00e+00    0 0.00e+00  0
PCGAMG Gal l02         1 1.0 6.0012e-04 1.0 0.00e+00 0.0 0.0e+00 0.0e+00 0.0e+00  0  0  0  0  0   4  0  0  0  0     0       0      0 0.00e+00    0 0.00e+00  0
PCGAMG Gal l03         1 1.0 1.6124e-04 1.0 0.00e+00 0.0 0.0e+00 0.0e+00 0.0e+00  0  0  0  0  0   1  0  0  0  0     0       0      0 0.00e+00    0 0.00e+00  0
PCSetUp                1 1.0 1.3507e-02 1.0 1.91e+08 1.0 0.0e+00 0.0e+00 0.0e+00  1  2  0  0  0  99 96  0  0  0 14149       0      4 2.60e+00    1 4.80e-05 100
VecTDot               92 1.0 2.7889e-03 1.0 4.76e+06 1.0 0.0e+00 0.0e+00 0.0e+00  0  0  0  0  0  21  2  0  0  0  1705       0      0 0.00e+00    0 0.00e+00 100
VecNorm               44 1.0 1.7620e-03 1.0 2.27e+06 1.0 0.0e+00 0.0e+00 0.0e+00  0  0  0  0  0  13  1  0  0  0  1291       0      0 0.00e+00    0 0.00e+00 100
VecCopy                8 1.0 1.1048e-04 1.0 0.00e+00 0.0 0.0e+00 0.0e+00 0.0e+00  0  0  0  0  0   1  0  0  0  0     0       0      0 0.00e+00    0 0.00e+00  0
VecSet                 4 1.0 1.9187e-05 1.0 0.00e+00 0.0 0.0e+00 0.0e+00 0.0e+00  0  0  0  0  0   0  0  0  0  0     0       0      0 0.00e+00    0 0.00e+00  0
VecAXPY               80 1.0 2.0914e-04 1.0 4.14e+06 1.0 0.0e+00 0.0e+00 0.0e+00  0  0  0  0  0   2  2  0  0  0 19775       0      0 0.00e+00    0 0.00e+00 100
VecAYPX               36 1.0 1.3746e-04 1.0 1.86e+06 1.0 0.0e+00 0.0e+00 0.0e+00  0  0  0  0  0   1  1  0  0  0 13539       0      0 0.00e+00    0 0.00e+00 100
VecReciprocal          1 1.0 4.2480e-06 1.0 0.00e+00 0.0 0.0e+00 0.0e+00 0.0e+00  0  0  0  0  0   0  0  0  0  0     0       0      0 0.00e+00    0 0.00e+00  0

--- Event Stage 4: 2nd Solve

MatMult              551 1.0 5.7214e-03 1.0 2.00e+09 1.0 0.0e+00 0.0e+00 0.0e+00  0 26  0  0  0  13 84  0  0  0 349508       0      0 0.00e+00    0 0.00e+00 100
MatMultAdd            96 1.0 1.0352e-03 1.0 1.20e+08 1.0 0.0e+00 0.0e+00 0.0e+00  0  2  0  0  0   2  5  0  0  0 116036       0      0 0.00e+00    0 0.00e+00 100
MatMultTranspose      96 1.0 8.7118e-04 1.0 1.20e+08 1.0 0.0e+00 0.0e+00 0.0e+00  0  2  0  0  0   2  5  0  0  0 137880       0      0 0.00e+00    0 0.00e+00 100
MatResidual           96 1.0 1.3127e-03 1.0 4.15e+08 1.0 0.0e+00 0.0e+00 0.0e+00  0  5  0  0  0   3 17  0  0  0 316291       0      0 0.00e+00    0 0.00e+00 100
KSPSolve               1 1.0 4.2763e-02 1.0 2.39e+09 1.0 0.0e+00 0.0e+00 0.0e+00  3 31  0  0  0 100 100  0  0  0 55789       0      0 0.00e+00    0 0.00e+00 100
PCApply               24 1.0 3.3170e-02 1.0 2.00e+09 1.0 0.0e+00 0.0e+00 0.0e+00  3 26  0  0  0  78 84  0  0  0 60241       0      0 0.00e+00    0 0.00e+00 100
VecTDot              384 1.0 1.4252e-02 1.0 9.83e+06 1.0 0.0e+00 0.0e+00 0.0e+00  1  0  0  0  0  33  0  0  0  0   690       0      0 0.00e+00    0 0.00e+00 100
VecNorm              192 1.0 1.1836e-02 1.0 4.92e+06 1.0 0.0e+00 0.0e+00 0.0e+00  1  0  0  0  0  28  0  0  0  0   415       0      0 0.00e+00    0 0.00e+00 100
VecCopy              338 1.0 1.4129e-03 1.0 0.00e+00 0.0 0.0e+00 0.0e+00 0.0e+00  0  0  0  0  0   3  0  0  0  0     0       0      0 0.00e+00    0 0.00e+00  0
VecSet               121 1.0 3.9482e-04 1.0 0.00e+00 0.0 0.0e+00 0.0e+00 0.0e+00  0  0  0  0  0   1  0  0  0  0     0       0      0 0.00e+00    0 0.00e+00  0
VecAXPY              334 1.0 8.9247e-04 1.0 9.44e+06 1.0 0.0e+00 0.0e+00 0.0e+00  0  0  0  0  0   2  0  0  0  0 10578       0      0 0.00e+00    0 0.00e+00 100
VecAYPX              718 1.0 2.5337e-03 1.0 3.43e+07 1.0 0.0e+00 0.0e+00 0.0e+00  0  0  0  0  0   6  1  0  0  0 13538       0      0 0.00e+00    0 0.00e+00 100
VecAXPBYCZ           192 1.0 6.6056e-04 1.0 2.48e+07 1.0 0.0e+00 0.0e+00 0.0e+00  0  0  0  0  0   2  1  0  0  0 37565       0      0 0.00e+00    0 0.00e+00 100
VecPointwiseMult     167 1.0 8.4740e-04 1.0 1.00e+03 1.0 0.0e+00 0.0e+00 0.0e+00  0  0  0  0  0   2  0  0  0  0     1       0      0 0.00e+00    0 0.00e+00 100

--- Event Stage 5: 3rd Setup


--- Event Stage 6: 3rd Solve

MatMult              551 1.0 5.7059e-03 1.0 2.00e+09 1.0 0.0e+00 0.0e+00 0.0e+00  0 26  0  0  0  13 84  0  0  0 350460       0      0 0.00e+00    0 0.00e+00 100
MatMultAdd            96 1.0 1.0266e-03 1.0 1.20e+08 1.0 0.0e+00 0.0e+00 0.0e+00  0  2  0  0  0   2  5  0  0  0 117010       0      0 0.00e+00    0 0.00e+00 100
MatMultTranspose      96 1.0 8.6188e-04 1.0 1.20e+08 1.0 0.0e+00 0.0e+00 0.0e+00  0  2  0  0  0   2  5  0  0  0 139368       0      0 0.00e+00    0 0.00e+00 100
MatScale               1 1.0 4.4680e-06 1.0 7.48e+06 1.0 0.0e+00 0.0e+00 0.0e+00  0  0  0  0  0   0  0  0  0  0 1673065       0      0 0.00e+00    0 0.00e+00 100
MatResidual           96 1.0 1.3014e-03 1.0 4.15e+08 1.0 0.0e+00 0.0e+00 0.0e+00  0  5  0  0  0   3 17  0  0  0 319033       0      0 0.00e+00    0 0.00e+00 100
KSPSolve               1 1.0 4.2732e-02 1.0 2.39e+09 1.0 0.0e+00 0.0e+00 0.0e+00  3 31  0  0  0 100 100  0  0  0 55830       0      0 0.00e+00    0 0.00e+00 100
PCApply               24 1.0 3.3128e-02 1.0 2.00e+09 1.0 0.0e+00 0.0e+00 0.0e+00  3 26  0  0  0  78 83  0  0  0 60317       0      0 0.00e+00    0 0.00e+00 100
VecTDot              384 1.0 1.4195e-02 1.0 9.83e+06 1.0 0.0e+00 0.0e+00 0.0e+00  1  0  0  0  0  33  0  0  0  0   693       0      0 0.00e+00    0 0.00e+00 100
VecNorm              192 1.0 1.2147e-02 1.0 4.92e+06 1.0 0.0e+00 0.0e+00 0.0e+00  1  0  0  0  0  28  0  0  0  0   405       0      0 0.00e+00    0 0.00e+00 100
VecCopy              338 1.0 1.3968e-03 1.0 0.00e+00 0.0 0.0e+00 0.0e+00 0.0e+00  0  0  0  0  0   3  0  0  0  0     0       0      0 0.00e+00    0 0.00e+00  0
VecSet               121 1.0 4.0331e-04 1.0 0.00e+00 0.0 0.0e+00 0.0e+00 0.0e+00  0  0  0  0  0   1  0  0  0  0     0       0      0 0.00e+00    0 0.00e+00  0
VecAXPY              334 1.0 8.9426e-04 1.0 9.44e+06 1.0 0.0e+00 0.0e+00 0.0e+00  0  0  0  0  0   2  0  0  0  0 10557       0      0 0.00e+00    0 0.00e+00 100
VecAYPX              718 1.0 2.5277e-03 1.0 3.43e+07 1.0 0.0e+00 0.0e+00 0.0e+00  0  0  0  0  0   6  1  0  0  0 13570       0      0 0.00e+00    0 0.00e+00 100
VecAXPBYCZ           192 1.0 6.5212e-04 1.0 2.48e+07 1.0 0.0e+00 0.0e+00 0.0e+00  0  0  0  0  0   2  1  0  0  0 38051       0      0 0.00e+00    0 0.00e+00 100
VecPointwiseMult     167 1.0 6.3150e-04 1.0 1.00e+03 1.0 0.0e+00 0.0e+00 0.0e+00  0  0  0  0  0   1  0  0  0  0     2       0      0 0.00e+00    0 0.00e+00 100
---------------------------------------------------------------------------------------------------------------------------------------------------------------

Object Type          Creations   Destructions. Reports information only for process 0.

--- Event Stage 0: Main Stage

           Container     4              4
       Krylov Solver     1             10
              Matrix     1             17
      Matrix Coarsen     0              1
   Matrix Null Space     1              1
      Preconditioner     1              6
              Viewer     1              1
  PetscDeviceContext     1              0
              Vector    10             53
    Distributed Mesh     0              4
   Star Forest Graph     0              8
     Discrete System     0              4
           Weak Form     0              4

--- Event Stage 1: Setup

       Krylov Solver    13              4
              Matrix    34             18
      Matrix Coarsen     4              3
      Preconditioner    13              8
              Vector    85             43
         PetscRandom     4              4
           Index Set     5              5

--- Event Stage 2: Solve

              Vector     1              0
    Distributed Mesh     4              0
   Star Forest Graph     8              0
     Discrete System     4              0
           Weak Form     4              0

--- Event Stage 3: 2nd Setup

              Vector    12             12

--- Event Stage 4: 2nd Solve


--- Event Stage 5: 3rd Setup


--- Event Stage 6: 3rd Solve

========================================================================================================================
Average time to get PetscTime(): 3.1e-08
#PETSc Option Table entries:
-alpha 1.e-3 # (source: command line)
-ksp_converged_reason # (source: command line)
-ksp_norm_type unpreconditioned # (source: command line)
-ksp_rtol 1e-6 # (source: command line)
-ksp_type cg # (source: command line)
-log_view # (source: command line)
-mat_type aijkokkos # (source: command line)
-mg_coarse_ksp_type cg # (source: command line)
-mg_coarse_pc_type jacobi # (source: command line)
-mg_levels_ksp_type chebyshev # (source: command line)
-mg_levels_pc_type pbjacobi # (source: command line)
-ne 31 # (source: command line)
-pc_gamg_agg_nsmooths 1 # (source: command line)
-pc_gamg_coarse_eq_limit 20 # (source: command line)
-pc_gamg_parallel_coarse_grid_solver # (source: command line)
-pc_gamg_reuse_interpolation true # (source: command line)
-pc_gamg_type agg # (source: command line)
-pc_type gamg # (source: command line)
-two_solves # (source: command line)
-use_mat_nearnullspace # (source: command line)
#End of PETSc Option Table entries
Compiled without FORTRAN kernels
Compiled with full precision matrices (default)
sizeof(short) 2 sizeof(int) 4 sizeof(long) 8 sizeof(void*) 8 sizeof(PetscScalar) 8 sizeof(PetscInt) 4
Configure options: --with-make-np=8 --with-mpiexec="srun -G4 --gpu-bind=none" --with-batch=0 --download-triangle=1 --with-cc=cc --with-cxx=CC --with-fc=0 --with-debugging=0 --with-cuda=1 --with-cuda-arch=80 --download-kokkos --download-kokkos-kernels --force PETSC_ARCH=arch-perlmutter-opt-gcc-kokkos-cuda
-----------------------------------------
Libraries compiled on 2026-06-22 11:34:59 on login15
Machine characteristics: Linux-6.4.0-150600.23.103_15.0.24-cray_shasta_c-x86_64-with-glibc2.3.4
Using PETSc directory: /global/u2/m/madams/petsc
Using PETSc arch: arch-perlmutter-opt-gcc-kokkos-cuda
-----------------------------------------

Using C compiler: cc  -fPIC -Wall -Wwrite-strings -Wno-unknown-pragmas -Wno-lto-type-mismatch -Wno-stringop-overflow -fstack-protector -fvisibility=hidden -g -O 
-----------------------------------------

Using include paths: -I/global/u2/m/madams/petsc/include -I/global/u2/m/madams/petsc/arch-perlmutter-opt-gcc-kokkos-cuda/include -I/opt/nvidia/hpc_sdk/Linux_x86_64/25.5/cuda/12.9/include -I/opt/nvidia/hpc_sdk/Linux_x86_64/25.5/math_libs/12.9/include
-----------------------------------------

Using C linker: cc
Using libraries: -Wl,-rpath,/global/u2/m/madams/petsc/arch-perlmutter-opt-gcc-kokkos-cuda/lib -L/global/u2/m/madams/petsc/arch-perlmutter-opt-gcc-kokkos-cuda/lib -lpetsc -Wl,-rpath,/global/u2/m/madams/petsc/arch-perlmutter-opt-gcc-kokkos-cuda/lib -L/global/u2/m/madams/petsc/arch-perlmutter-opt-gcc-kokkos-cuda/lib -Wl,-rpath,/opt/nvidia/hpc_sdk/Linux_x86_64/25.5/cuda/12.9/lib64 -L/opt/nvidia/hpc_sdk/Linux_x86_64/25.5/cuda/12.9/lib64 -Wl,-rpath,/opt/nvidia/hpc_sdk/Linux_x86_64/25.5/math_libs/12.9/lib64 -L/opt/nvidia/hpc_sdk/Linux_x86_64/25.5/math_libs/12.9/lib64 -L/opt/nvidia/hpc_sdk/Linux_x86_64/25.5/cuda/12.9/lib64/stubs -lkokkoskernels -lkokkoscontainers -lkokkoscore -lkokkossimd -ltriangle -lcudart -lnvtx3interop -lcufft -lcublas -lcusparse -lcusolver -lcurand -lcuda -lnvidia-ml -lX11 -lstdc++ -lquadmath
-----------------------------------------

  Linear solve converged due to CONVERGED_RTOL iterations 24
  Linear solve converged due to CONVERGED_RTOL iterations 24
  Linear solve converged due to CONVERGED_RTOL iterations 24
[0]main |b-Ax|/|b|=7.121479e-07, |b|=3.122584e+00, emax=9.984289e-01
****************************************************************************************************************************************************************
***                                WIDEN YOUR WINDOW TO 160 CHARACTERS.  Use 'enscript -r -fCourier9' to print this document                                 ***
****************************************************************************************************************************************************************

------------------------------------------------------------------ PETSc Performance Summary: ------------------------------------------------------------------



      ##########################################################
      #                                                        #
      #                       WARNING!!!                       #
      #                                                        #
      #   This code was run with -log_view_gpu_time            #
      #   This provides accurate timing within the GPU kernels #
      #   but can slow down the entire computation by a        #
      #   measurable amount. For fastest runs we recommend     #
      #   not using this option.                               #
      #                                                        #
      ##########################################################


/global/homes/m/madams/petsc/arch-perlmutter-opt-gcc-kokkos-cuda/tests/ksp/ksp/tutorials/ex56 on a arch-perlmutter-opt-gcc-kokkos-cuda named nid001164 with 1 process and CUDA architecture 80, by madams on Mon Jun 22 08:03:28 2026
Using PETSc Development Git Revision: v3.25.2-340-g83d2bd4a8b4 Git Date: 2026-06-21 14:23:19 -0400

                         Max       Max/Min     Avg       Total
Time (sec):           1.391e+00     1.000   1.391e+00
Objects:              0.000e+00     0.000   0.000e+00
Flops:                7.776e+09     1.000   7.776e+09  7.776e+09
Flops/sec:            5.589e+09     1.000   5.589e+09  5.589e+09
MPI Msg Count:        0.000e+00     0.000   0.000e+00  0.000e+00
MPI Msg Len (bytes):  0.000e+00     0.000   0.000e+00  0.000e+00
MPI Reductions:       0.000e+00     0.000

Flop counting convention: 1 flop = 1 real number operation of type (multiply/divide/add/subtract)
                            e.g., VecAXPY() for real vectors of length N --> 2N flops
                            and VecAXPY() for complex vectors of length N --> 8N flops

Summary of Stages:   ----- Time ------  ----- Flop ------  --- Messages ---  -- Message Lengths --  -- Reductions --
                        Avg     %Total     Avg     %Total    Count   %Total     Avg         %Total    Count   %Total
 0:      Main Stage: 5.1137e-01  36.8%  3.0828e+07   0.4%  0.000e+00   0.0%  0.000e+00        0.0%  0.000e+00   0.0%
 1:           Setup: 6.0180e-01  43.3%  3.8189e+08   4.9%  0.000e+00   0.0%  0.000e+00        0.0%  0.000e+00   0.0%
 2:           Solve: 8.6049e-02   6.2%  2.3857e+09  30.7%  0.000e+00   0.0%  0.000e+00        0.0%  0.000e+00   0.0%
 3:       2nd Setup: 2.1955e-02   1.6%  1.9859e+08   2.6%  0.000e+00   0.0%  0.000e+00        0.0%  0.000e+00   0.0%
 4:       2nd Solve: 8.4961e-02   6.1%  2.3857e+09  30.7%  0.000e+00   0.0%  0.000e+00        0.0%  0.000e+00   0.0%
 5:       3rd Setup: 3.0100e-07   0.0%  0.0000e+00   0.0%  0.000e+00   0.0%  0.000e+00        0.0%  0.000e+00   0.0%
 6:       3rd Solve: 8.5135e-02   6.1%  2.3932e+09  30.8%  0.000e+00   0.0%  0.000e+00        0.0%  0.000e+00   0.0%

------------------------------------------------------------------------------------------------------------------------
See the 'Profiling' chapter of the users' manual for details on interpreting output.
Phase summary info:
   Count: number of times phase was executed
   Time and Flop: Max - maximum over all processes
                  Ratio - ratio of maximum to minimum over all processes
   Mess: number of messages sent
   AvgLen: average message length (bytes)
   Reduct: number of global reductions
   Global: entire computation
   Stage: stages of a computation. Set stages with PetscLogStagePush() and PetscLogStagePop().
      %T - percent time in this phase         %F - percent flop in this phase
      %M - percent messages in this phase     %L - percent message lengths in this phase
      %R - percent reductions in this phase
   Total Mflop/s: 1e-6 * (sum of flop over all processes)/(max time over all processes)
   GPU Mflop/s: 1e-6 * (sum of flop on GPU over all processes)/(max GPU time over all processes)
   CpuToGpu Count: total number of CPU to GPU copies per processor
   CpuToGpu Size (Mbytes): 1e-6 * (total size of CPU to GPU copies per processor)
   GpuToCpu Count: total number of GPU to CPU copies per processor
   GpuToCpu Size (Mbytes): 1e-6 * (total size of GPU to CPU copies per processor)
   GPU %F: percent flops on GPU in this event
------------------------------------------------------------------------------------------------------------------------
Event                Count      Time (sec)     Flop                              --- Global ---  --- Stage ----  Total   GPU    - CpuToGpu -   - GpuToCpu - GPU
                   Max Ratio  Max     Ratio   Max  Ratio  Mess   AvgLen  Reduct  %T %F %M %L %R  %T %F %M %L %R Mflop/s Mflop/s Count   Size   Count   Size  %F
---------------------------------------------------------------------------------------------------------------------------------------------------------------

--- Event Stage 0: Main Stage

MatMult                1 1.0 1.0810e-04 1.0 1.50e+07 1.0 0.0e+00 0.0e+00 0.0e+00  0  0  0  0  0   0 48  0  0  0 138304   152731      0 0.00e+00    0 0.00e+00 100
MatAssemblyBegin       1 1.0 6.7100e-07 1.0 0.00e+00 0.0 0.0e+00 0.0e+00 0.0e+00  0  0  0  0  0   0  0  0  0  0     0       0      0 0.00e+00    0 0.00e+00  0
MatAssemblyEnd         1 1.0 6.5855e-03 1.0 0.00e+00 0.0 0.0e+00 0.0e+00 0.0e+00  0  0  0  0  0   1  0  0  0  0     0       0      0 0.00e+00    0 0.00e+00  0
DCtxCreate             1 1.0 4.3764e-05 1.0 0.00e+00 0.0 0.0e+00 0.0e+00 0.0e+00  0  0  0  0  0   0  0  0  0  0     0       0      0 0.00e+00    0 0.00e+00  0
DCtxDestroy            1 1.0 2.4468e-05 1.0 0.00e+00 0.0 0.0e+00 0.0e+00 0.0e+00  0  0  0  0  0   0  0  0  0  0     0       0      0 0.00e+00    0 0.00e+00  0
DCtxSetUp              1 1.0 8.1160e-06 1.0 0.00e+00 0.0 0.0e+00 0.0e+00 0.0e+00  0  0  0  0  0   0  0  0  0  0     0       0      0 0.00e+00    0 0.00e+00  0
DCtxSetDevice          1 1.0 1.3677e-05 1.0 0.00e+00 0.0 0.0e+00 0.0e+00 0.0e+00  0  0  0  0  0   0  0  0  0  0     0       0      0 0.00e+00    0 0.00e+00  0
VecMDot                3 1.0 3.3958e-04 1.0 2.36e+06 1.0 0.0e+00 0.0e+00 0.0e+00  0  0  0  0  0   0  8  0  0  0  6948       0      0 0.00e+00    0 0.00e+00  0
VecNorm                5 1.0 1.4831e-04 1.0 9.83e+05 1.0 0.0e+00 0.0e+00 0.0e+00  0  0  0  0  0   0  3  0  0  0  6628    4577      0 0.00e+00    0 0.00e+00 40
VecScale               3 1.0 5.0468e-05 1.0 2.95e+05 1.0 0.0e+00 0.0e+00 0.0e+00  0  0  0  0  0   0  1  0  0  0  5844       0      0 0.00e+00    0 0.00e+00  0
VecAXPY                1 1.0 1.7283e-05 1.0 1.97e+05 1.0 0.0e+00 0.0e+00 0.0e+00  0  0  0  0  0   0  1  0  0  0 11376   26947      0 0.00e+00    0 0.00e+00 100
VecMAXPY               3 1.0 2.5388e-04 1.0 2.36e+06 1.0 0.0e+00 0.0e+00 0.0e+00  0  0  0  0  0   0  8  0  0  0  9293       0      0 0.00e+00    0 0.00e+00  0
VecAssemblyBegin       1 1.0 2.6100e-07 1.0 0.00e+00 0.0 0.0e+00 0.0e+00 0.0e+00  0  0  0  0  0   0  0  0  0  0     0       0      0 0.00e+00    0 0.00e+00  0
VecAssemblyEnd         1 1.0 1.0100e-07 1.0 0.00e+00 0.0 0.0e+00 0.0e+00 0.0e+00  0  0  0  0  0   0  0  0  0  0     0       0      0 0.00e+00    0 0.00e+00  0
VecNormalize           3 1.0 1.0184e-04 1.0 8.85e+05 1.0 0.0e+00 0.0e+00 0.0e+00  0  0  0  0  0   0  3  0  0  0  8688       0      0 0.00e+00    0 0.00e+00  0

--- Event Stage 1: Setup

MatMult               80 1.0 7.7436e-03 1.0 3.42e+08 1.0 0.0e+00 0.0e+00 0.0e+00  1  4  0  0  0   1 90  0  0  0 44146   48884      0 0.00e+00    0 0.00e+00 100
MatScale              12 1.0 1.8202e-03 1.0 6.73e+06 1.0 0.0e+00 0.0e+00 0.0e+00  0  0  0  0  0   0  2  0  0  0  3695    5043      0 0.00e+00    0 0.00e+00 100
MatAssemblyBegin      30 1.0 5.8290e-06 1.0 0.00e+00 0.0 0.0e+00 0.0e+00 0.0e+00  0  0  0  0  0   0  0  0  0  0     0       0      0 0.00e+00    0 0.00e+00  0
MatAssemblyEnd        30 1.0 1.7746e-02 1.0 0.00e+00 0.0 0.0e+00 0.0e+00 0.0e+00  1  0  0  0  0   3  0  0  0  0     0       0      0 0.00e+00    0 0.00e+00  0
MatSetValues       35313 1.0 1.6253e-02 1.0 0.00e+00 0.0 0.0e+00 0.0e+00 0.0e+00  1  0  0  0  0   3  0  0  0  0     0       0      0 0.00e+00    0 0.00e+00  0
MatGetValues       33616 1.0 6.6293e-02 1.0 0.00e+00 0.0 0.0e+00 0.0e+00 0.0e+00  5  0  0  0  0  11  0  0  0  0     0       0      0 0.00e+00    0 0.00e+00  0
MatGetRow         137080 1.0 1.0400e-01 1.0 0.00e+00 0.0 0.0e+00 0.0e+00 0.0e+00  7  0  0  0  0  17  0  0  0  0     0       0      0 0.00e+00   10 1.55e+01  0
MatCoarsen             4 1.0 4.6246e-03 1.0 0.00e+00 0.0 0.0e+00 0.0e+00 0.0e+00  0  0  0  0  0   1  0  0  0  0     0       0      3 6.78e-03    3 6.78e-03  0
MatAXPY                4 1.0 3.1908e-04 1.0 1.24e+06 1.0 0.0e+00 0.0e+00 0.0e+00  0  0  0  0  0   0  0  0  0  0  3888    4447      0 0.00e+00    0 0.00e+00 100
MatTranspose           3 1.0 9.0148e-04 1.0 0.00e+00 0.0 0.0e+00 0.0e+00 0.0e+00  0  0  0  0  0   0  0  0  0  0     0       0      3 6.78e-03    0 0.00e+00  0
MatMatMultSym          4 1.0 2.5500e-02 1.0 0.00e+00 0.0 0.0e+00 0.0e+00 0.0e+00  2  0  0  0  0   4  0  0  0  0     0       0      4 4.96e+00    0 0.00e+00  0
MatMatMultNum          4 1.0 4.5410e-06 1.0 0.00e+00 0.0 0.0e+00 0.0e+00 0.0e+00  0  0  0  0  0   0  0  0  0  0     0       0      0 0.00e+00    0 0.00e+00  0
MatPtAPSymbolic        4 1.0 1.5927e-01 1.0 0.00e+00 0.0 0.0e+00 0.0e+00 0.0e+00 11  0  0  0  0  26  0  0  0  0     0       0      0 0.00e+00    0 0.00e+00  0
MatPtAPNumeric         4 1.0 5.9200e-06 1.0 0.00e+00 0.0 0.0e+00 0.0e+00 0.0e+00  0  0  0  0  0   0  0  0  0  0     0       0      0 0.00e+00    0 0.00e+00  0
MatTrnMatMultSym       1 1.0 5.7988e-02 1.0 0.00e+00 0.0 0.0e+00 0.0e+00 0.0e+00  4  0  0  0  0  10  0  0  0  0     0       0      0 0.00e+00    0 0.00e+00  0
MatCreateGraph         4 1.0 1.4356e-01 1.0 1.72e+06 1.0 0.0e+00 0.0e+00 0.0e+00 10  0  0  0  0  24  0  0  0  0    12     557      4 6.88e+00    7 8.84e+00 100
KSPSetUp               1 1.0 1.6040e-03 1.0 0.00e+00 0.0 0.0e+00 0.0e+00 0.0e+00  0  0  0  0  0   0  0  0  0  0     0       0      0 0.00e+00    0 0.00e+00  0
PCSetUp_GAMG+          1 1.0 6.0015e-01 1.0 3.82e+08 1.0 0.0e+00 0.0e+00 0.0e+00 43  5  0  0  0 100 100  0  0  0   636    1478     12 7.17e+01   14 1.57e+01 100
 PCGAMGCreateG         4 1.0 1.4357e-01 1.0 1.72e+06 1.0 0.0e+00 0.0e+00 0.0e+00 10  0  0  0  0  24  0  0  0  0    12     557      4 6.88e+00    7 8.84e+00 100
 GAMG Coarsen          8 1.0 1.2413e-01 1.0 0.00e+00 0.0 0.0e+00 0.0e+00 0.0e+00  9  0  0  0  0  21  0  0  0  0     0       0      3 6.78e-03    7 6.89e+00  0
  GAMG MIS/Agg         4 1.0 7.3418e-02 1.0 0.00e+00 0.0 0.0e+00 0.0e+00 0.0e+00  5  0  0  0  0  12  0  0  0  0     0       0      3 6.78e-03    3 6.78e-03  0
 PCGAMGProl            4 1.0 1.5967e-02 1.0 0.00e+00 0.0 0.0e+00 0.0e+00 0.0e+00  1  0  0  0  0   3  0  0  0  0     0       0      0 0.00e+00    0 0.00e+00  0
  GAMG Prol-col        4 1.0 5.7300e-05 1.0 0.00e+00 0.0 0.0e+00 0.0e+00 0.0e+00  0  0  0  0  0   0  0  0  0  0     0       0      0 0.00e+00    0 0.00e+00  0
  GAMG Prol-lift       4 1.0 1.5268e-02 1.0 0.00e+00 0.0 0.0e+00 0.0e+00 0.0e+00  1  0  0  0  0   3  0  0  0  0     0       0      0 0.00e+00    0 0.00e+00  0
 PCGAMGOptProl         4 1.0 6.7469e-02 1.0 1.89e+08 1.0 0.0e+00 0.0e+00 0.0e+00  5  2  0  0  0  11 50  0  0  0  2802    3952      5 6.48e+01    0 0.00e+00 100
  GAMG smooth          4 1.0 2.8096e-02 1.0 6.25e+06 1.0 0.0e+00 0.0e+00 0.0e+00  2  0  0  0  0   5  2  0  0  0   222     318      4 4.96e+00    0 0.00e+00 100
 PCGAMGCreateL         4 1.0 1.5932e-01 1.0 0.00e+00 0.0 0.0e+00 0.0e+00 0.0e+00 11  0  0  0  0  26  0  0  0  0     0       0      0 0.00e+00    0 0.00e+00  0
  GAMG PtAP            4 1.0 1.5931e-01 1.0 0.00e+00 0.0 0.0e+00 0.0e+00 0.0e+00 11  0  0  0  0  26  0  0  0  0     0       0      0 0.00e+00    0 0.00e+00  0
PCGAMG Squ l00         1 1.0 5.7992e-02 1.0 0.00e+00 0.0 0.0e+00 0.0e+00 0.0e+00  4  0  0  0  0  10  0  0  0  0     0       0      0 0.00e+00    0 0.00e+00  0
PCGAMG Gal l00         1 1.0 1.2857e-01 1.0 0.00e+00 0.0 0.0e+00 0.0e+00 0.0e+00  9  0  0  0  0  21  0  0  0  0     0       0      0 0.00e+00    0 0.00e+00  0
PCGAMG Opt l00         1 1.0 1.8672e-02 1.0 0.00e+00 0.0 0.0e+00 0.0e+00 0.0e+00  1  0  0  0  0   3  0  0  0  0     0       0      1 4.72e+00    0 0.00e+00  0
PCGAMG Gal l01         1 1.0 2.6205e-02 1.0 0.00e+00 0.0 0.0e+00 0.0e+00 0.0e+00  2  0  0  0  0   4  0  0  0  0     0       0      0 0.00e+00    0 0.00e+00  0
PCGAMG Opt l01         1 1.0 4.1878e-03 1.0 0.00e+00 0.0 0.0e+00 0.0e+00 0.0e+00  0  0  0  0  0   1  0  0  0  0     0       0      1 2.24e-01    0 0.00e+00  0
PCGAMG Gal l02         1 1.0 3.2406e-03 1.0 0.00e+00 0.0 0.0e+00 0.0e+00 0.0e+00  0  0  0  0  0   1  0  0  0  0     0       0      0 0.00e+00    0 0.00e+00  0
PCGAMG Opt l02         1 1.0 2.0672e-03 1.0 0.00e+00 0.0 0.0e+00 0.0e+00 0.0e+00  0  0  0  0  0   0  0  0  0  0     0       0      1 1.90e-02    0 0.00e+00  0
PCGAMG Gal l03         1 1.0 1.2900e-03 1.0 0.00e+00 0.0 0.0e+00 0.0e+00 0.0e+00  0  0  0  0  0   0  0  0  0  0     0       0      0 0.00e+00    0 0.00e+00  0
PCGAMG Opt l03         1 1.0 6.1769e-04 1.0 0.00e+00 0.0 0.0e+00 0.0e+00 0.0e+00  0  0  0  0  0   0  0  0  0  0     0       0      1 1.44e-03    0 0.00e+00  0
PCSetUp                1 1.0 6.0016e-01 1.0 3.82e+08 1.0 0.0e+00 0.0e+00 0.0e+00 43  5  0  0  0 100 100  0  0  0   636    1478     12 7.17e+01   14 1.57e+01 100
VecTDot              184 1.0 5.8284e-03 1.0 9.51e+06 1.0 0.0e+00 0.0e+00 0.0e+00  0  0  0  0  0   1  2  0  0  0  1632    2237      0 0.00e+00    0 0.00e+00 100
VecNorm               44 1.0 2.8625e-03 1.0 2.27e+06 1.0 0.0e+00 0.0e+00 0.0e+00  0  0  0  0  0   0  1  0  0  0   795     952      0 0.00e+00    0 0.00e+00 100
VecCopy               16 1.0 3.6726e-04 1.0 0.00e+00 0.0 0.0e+00 0.0e+00 0.0e+00  0  0  0  0  0   0  0  0  0  0     0       0      0 0.00e+00    0 0.00e+00  0
VecSet                 8 1.0 1.2109e-03 1.0 0.00e+00 0.0 0.0e+00 0.0e+00 0.0e+00  0  0  0  0  0   0  0  0  0  0     0       0      0 0.00e+00    0 0.00e+00  0
VecAXPY              160 1.0 2.0408e-02 1.0 8.27e+06 1.0 0.0e+00 0.0e+00 0.0e+00  1  0  0  0  0   3  2  0  0  0   405     435      0 0.00e+00    0 0.00e+00 100
VecAYPX               72 1.0 2.5085e-03 1.0 3.72e+06 1.0 0.0e+00 0.0e+00 0.0e+00  0  0  0  0  0   0  1  0  0  0  1484    1981      0 0.00e+00    0 0.00e+00 100
VecPointwiseMult      44 1.0 7.3427e-04 1.0 1.14e+06 1.0 0.0e+00 0.0e+00 0.0e+00  0  0  0  0  0   0  0  0  0  0  1549    3367      0 0.00e+00    0 0.00e+00 100
VecReciprocal         12 1.0 3.2646e-03 1.0 0.00e+00 0.0 0.0e+00 0.0e+00 0.0e+00  0  0  0  0  0   1  0  0  0  0     0       0      0 0.00e+00    0 0.00e+00  0

--- Event Stage 2: Solve

MatMult              551 1.0 2.4064e-02 1.0 2.00e+09 1.0 0.0e+00 0.0e+00 0.0e+00  2 26  0  0  0  28 84  0  0  0 83100   103687      0 0.00e+00    0 0.00e+00 100
MatMultAdd            96 1.0 3.3814e-03 1.0 1.20e+08 1.0 0.0e+00 0.0e+00 0.0e+00  0  2  0  0  0   4  5  0  0  0 35523   46920      0 0.00e+00    0 0.00e+00 100
MatMultTranspose      96 1.0 3.0251e-03 1.0 1.20e+08 1.0 0.0e+00 0.0e+00 0.0e+00  0  2  0  0  0   4  5  0  0  0 39707   54739      0 0.00e+00    0 0.00e+00 100
MatResidual           96 1.0 5.9052e-03 1.0 4.15e+08 1.0 0.0e+00 0.0e+00 0.0e+00  0  5  0  0  0   7 17  0  0  0 70307   97960      0 0.00e+00    0 0.00e+00 100
KSPSolve               1 1.0 8.6045e-02 1.0 2.39e+09 1.0 0.0e+00 0.0e+00 0.0e+00  6 31  0  0  0 100 100  0  0  0 27727   44006      0 0.00e+00    0 0.00e+00 100
PCApply               24 1.0 7.9044e-02 1.0 2.00e+09 1.0 0.0e+00 0.0e+00 0.0e+00  6 26  0  0  0  92 84  0  0  0 25280   40937      0 0.00e+00    0 0.00e+00 100
VecTDot              384 1.0 1.0646e-02 1.0 9.83e+06 1.0 0.0e+00 0.0e+00 0.0e+00  1  0  0  0  0  12  0  0  0  0   924    1295      0 0.00e+00    0 0.00e+00 100
VecNorm              192 1.0 9.3467e-03 1.0 4.92e+06 1.0 0.0e+00 0.0e+00 0.0e+00  1  0  0  0  0  11  0  0  0  0   526     664      0 0.00e+00    0 0.00e+00 100
VecCopy              338 1.0 5.5900e-03 1.0 0.00e+00 0.0 0.0e+00 0.0e+00 0.0e+00  0  0  0  0  0   6  0  0  0  0     0       0      0 0.00e+00    0 0.00e+00  0
VecSet               121 1.0 1.6464e-03 1.0 0.00e+00 0.0 0.0e+00 0.0e+00 0.0e+00  0  0  0  0  0   2  0  0  0  0     0       0      0 0.00e+00    0 0.00e+00  0
VecAXPY              334 1.0 4.5345e-03 1.0 9.44e+06 1.0 0.0e+00 0.0e+00 0.0e+00  0  0  0  0  0   5  0  0  0  0  2082    5270      0 0.00e+00    0 0.00e+00 100
VecAYPX              718 1.0 1.0480e-02 1.0 3.43e+07 1.0 0.0e+00 0.0e+00 0.0e+00  1  0  0  0  0  12  1  0  0  0  3273    7566      0 0.00e+00    0 0.00e+00 100
VecAXPBYCZ           192 1.0 3.0496e-03 1.0 2.48e+07 1.0 0.0e+00 0.0e+00 0.0e+00  0  0  0  0  0   4  1  0  0  0  8137   17002      0 0.00e+00    0 0.00e+00 100
VecPointwiseMult     167 1.0 2.3769e-03 1.0 1.00e+03 1.0 0.0e+00 0.0e+00 0.0e+00  0  0  0  0  0   3  0  0  0  0     0       1      0 0.00e+00    0 0.00e+00 100
VecReciprocal          1 1.0 1.8286e-05 1.0 0.00e+00 0.0 0.0e+00 0.0e+00 0.0e+00  0  0  0  0  0   0  0  0  0  0     0       0      0 0.00e+00    0 0.00e+00  0

--- Event Stage 3: 2nd Setup

MatMult               40 1.0 1.9750e-03 1.0 1.71e+08 1.0 0.0e+00 0.0e+00 0.0e+00  0  2  0  0  0   9 86  0  0  0 86544   105398      0 0.00e+00    0 0.00e+00 100
MatScale               1 1.0 9.6717e-05 1.0 7.48e+06 1.0 0.0e+00 0.0e+00 0.0e+00  0  0  0  0  0   0  4  0  0  0 77290   85474      0 0.00e+00    0 0.00e+00 100
MatPtAPNumeric         4 1.0 5.7933e-03 1.0 0.00e+00 0.0 0.0e+00 0.0e+00 0.0e+00  0  0  0  0  0  26  0  0  0  0     0       0      0 0.00e+00    0 0.00e+00  0
KSPSetUp               1 1.0 2.0000e-07 1.0 0.00e+00 0.0 0.0e+00 0.0e+00 0.0e+00  0  0  0  0  0   0  0  0  0  0     0       0      0 0.00e+00    0 0.00e+00  0
PCSetUp_GAMG+          1 1.0 2.1781e-02 1.0 1.91e+08 1.0 0.0e+00 0.0e+00 0.0e+00  2  2  0  0  0  99 96  0  0  0  8774   15483      4 2.60e+00    1 4.80e-05 100
PCGAMG Gal l00         1 1.0 4.1971e-03 1.0 0.00e+00 0.0 0.0e+00 0.0e+00 0.0e+00  0  0  0  0  0  19  0  0  0  0     0       0      0 0.00e+00    0 0.00e+00  0
PCGAMG Gal l01         1 1.0 1.1865e-03 1.0 0.00e+00 0.0 0.0e+00 0.0e+00 0.0e+00  0  0  0  0  0   5  0  0  0  0     0       0      0 0.00e+00    0 0.00e+00  0
PCGAMG Gal l02         1 1.0 2.3227e-04 1.0 0.00e+00 0.0 0.0e+00 0.0e+00 0.0e+00  0  0  0  0  0   1  0  0  0  0     0       0      0 0.00e+00    0 0.00e+00  0
PCGAMG Gal l03         1 1.0 1.8148e-04 1.0 0.00e+00 0.0 0.0e+00 0.0e+00 0.0e+00  0  0  0  0  0   1  0  0  0  0     0       0      0 0.00e+00    0 0.00e+00  0
PCSetUp                1 1.0 2.1783e-02 1.0 1.91e+08 1.0 0.0e+00 0.0e+00 0.0e+00  2  2  0  0  0  99 96  0  0  0  8773   15483      4 2.60e+00    1 4.80e-05 100
VecTDot               92 1.0 2.7306e-03 1.0 4.76e+06 1.0 0.0e+00 0.0e+00 0.0e+00  0  0  0  0  0  12  2  0  0  0  1742    2386      0 0.00e+00    0 0.00e+00 100
VecNorm               44 1.0 2.1893e-03 1.0 2.27e+06 1.0 0.0e+00 0.0e+00 0.0e+00  0  0  0  0  0  10  1  0  0  0  1039    1306      0 0.00e+00    0 0.00e+00 100
VecCopy                8 1.0 1.6247e-04 1.0 0.00e+00 0.0 0.0e+00 0.0e+00 0.0e+00  0  0  0  0  0   1  0  0  0  0     0       0      0 0.00e+00    0 0.00e+00  0
VecSet                 4 1.0 1.0733e-04 1.0 0.00e+00 0.0 0.0e+00 0.0e+00 0.0e+00  0  0  0  0  0   0  0  0  0  0     0       0      0 0.00e+00    0 0.00e+00  0
VecAXPY               80 1.0 1.1073e-03 1.0 4.14e+06 1.0 0.0e+00 0.0e+00 0.0e+00  0  0  0  0  0   5  2  0  0  0  3735    9291      0 0.00e+00    0 0.00e+00 100
VecAYPX               36 1.0 5.3756e-04 1.0 1.86e+06 1.0 0.0e+00 0.0e+00 0.0e+00  0  0  0  0  0   2  1  0  0  0  3462    7613      0 0.00e+00    0 0.00e+00 100
VecReciprocal          1 1.0 1.7424e-05 1.0 0.00e+00 0.0 0.0e+00 0.0e+00 0.0e+00  0  0  0  0  0   0  0  0  0  0     0       0      0 0.00e+00    0 0.00e+00  0

--- Event Stage 4: 2nd Solve

MatMult              551 1.0 2.4125e-02 1.0 2.00e+09 1.0 0.0e+00 0.0e+00 0.0e+00  2 26  0  0  0  28 84  0  0  0 82889   103469      0 0.00e+00    0 0.00e+00 100
MatMultAdd            96 1.0 3.3746e-03 1.0 1.20e+08 1.0 0.0e+00 0.0e+00 0.0e+00  0  2  0  0  0   4  5  0  0  0 35595   47006      0 0.00e+00    0 0.00e+00 100
MatMultTranspose      96 1.0 3.0372e-03 1.0 1.20e+08 1.0 0.0e+00 0.0e+00 0.0e+00  0  2  0  0  0   4  5  0  0  0 39549   54668      0 0.00e+00    0 0.00e+00 100
MatResidual           96 1.0 5.9121e-03 1.0 4.15e+08 1.0 0.0e+00 0.0e+00 0.0e+00  0  5  0  0  0   7 17  0  0  0 70225   97919      0 0.00e+00    0 0.00e+00 100
KSPSolve               1 1.0 8.4937e-02 1.0 2.39e+09 1.0 0.0e+00 0.0e+00 0.0e+00  6 31  0  0  0 100 100  0  0  0 28088   44489      0 0.00e+00    0 0.00e+00 100
PCApply               24 1.0 7.8580e-02 1.0 2.00e+09 1.0 0.0e+00 0.0e+00 0.0e+00  6 26  0  0  0  92 84  0  0  0 25429   40934      0 0.00e+00    0 0.00e+00 100
VecTDot              384 1.0 1.0589e-02 1.0 9.83e+06 1.0 0.0e+00 0.0e+00 0.0e+00  1  0  0  0  0  12  0  0  0  0   929    1303      0 0.00e+00    0 0.00e+00 100
VecNorm              192 1.0 9.5410e-03 1.0 4.92e+06 1.0 0.0e+00 0.0e+00 0.0e+00  1  0  0  0  0  11  0  0  0  0   515     647      0 0.00e+00    0 0.00e+00 100
VecCopy              338 1.0 5.1269e-03 1.0 0.00e+00 0.0 0.0e+00 0.0e+00 0.0e+00  0  0  0  0  0   6  0  0  0  0     0       0      0 0.00e+00    0 0.00e+00  0
VecSet               121 1.0 1.6344e-03 1.0 0.00e+00 0.0 0.0e+00 0.0e+00 0.0e+00  0  0  0  0  0   2  0  0  0  0     0       0      0 0.00e+00    0 0.00e+00  0
VecAXPY              334 1.0 4.5326e-03 1.0 9.44e+06 1.0 0.0e+00 0.0e+00 0.0e+00  0  0  0  0  0   5  0  0  0  0  2083    5279      0 0.00e+00    0 0.00e+00 100
VecAYPX              718 1.0 1.0432e-02 1.0 3.43e+07 1.0 0.0e+00 0.0e+00 0.0e+00  1  0  0  0  0  12  1  0  0  0  3288    7615      0 0.00e+00    0 0.00e+00 100
VecAXPBYCZ           192 1.0 2.8035e-03 1.0 2.48e+07 1.0 0.0e+00 0.0e+00 0.0e+00  0  0  0  0  0   3  1  0  0  0  8851   20585      0 0.00e+00    0 0.00e+00 100
VecPointwiseMult     167 1.0 2.3984e-03 1.0 1.00e+03 1.0 0.0e+00 0.0e+00 0.0e+00  0  0  0  0  0   3  0  0  0  0     0       1      0 0.00e+00    0 0.00e+00 100

--- Event Stage 5: 3rd Setup


--- Event Stage 6: 3rd Solve

MatMult              551 1.0 2.4029e-02 1.0 2.00e+09 1.0 0.0e+00 0.0e+00 0.0e+00  2 26  0  0  0  28 84  0  0  0 83219   104117      0 0.00e+00    0 0.00e+00 100
MatMultAdd            96 1.0 3.4036e-03 1.0 1.20e+08 1.0 0.0e+00 0.0e+00 0.0e+00  0  2  0  0  0   4  5  0  0  0 35291   46573      0 0.00e+00    0 0.00e+00 100
MatMultTranspose      96 1.0 3.0378e-03 1.0 1.20e+08 1.0 0.0e+00 0.0e+00 0.0e+00  0  2  0  0  0   4  5  0  0  0 39542   54618      0 0.00e+00    0 0.00e+00 100
MatScale               1 1.0 9.5064e-05 1.0 7.48e+06 1.0 0.0e+00 0.0e+00 0.0e+00  0  0  0  0  0   0  0  0  0  0 78634   86680      0 0.00e+00    0 0.00e+00 100
MatResidual           96 1.0 5.8929e-03 1.0 4.15e+08 1.0 0.0e+00 0.0e+00 0.0e+00  0  5  0  0  0   7 17  0  0  0 70455   98477      0 0.00e+00    0 0.00e+00 100
KSPSolve               1 1.0 8.5035e-02 1.0 2.39e+09 1.0 0.0e+00 0.0e+00 0.0e+00  6 31  0  0  0 100 100  0  0  0 28056   44563      0 0.00e+00    0 0.00e+00 100
PCApply               24 1.0 7.8712e-02 1.0 2.00e+09 1.0 0.0e+00 0.0e+00 0.0e+00  6 26  0  0  0  92 83  0  0  0 25386   40973      0 0.00e+00    0 0.00e+00 100
VecTDot              384 1.0 1.0593e-02 1.0 9.83e+06 1.0 0.0e+00 0.0e+00 0.0e+00  1  0  0  0  0  12  0  0  0  0   928    1305      0 0.00e+00    0 0.00e+00 100
VecNorm              192 1.0 9.5670e-03 1.0 4.92e+06 1.0 0.0e+00 0.0e+00 0.0e+00  1  0  0  0  0  11  0  0  0  0   514     647      0 0.00e+00    0 0.00e+00 100
VecCopy              338 1.0 5.1293e-03 1.0 0.00e+00 0.0 0.0e+00 0.0e+00 0.0e+00  0  0  0  0  0   6  0  0  0  0     0       0      0 0.00e+00    0 0.00e+00  0
VecSet               121 1.0 1.6361e-03 1.0 0.00e+00 0.0 0.0e+00 0.0e+00 0.0e+00  0  0  0  0  0   2  0  0  0  0     0       0      0 0.00e+00    0 0.00e+00  0
VecAXPY              334 1.0 4.5681e-03 1.0 9.44e+06 1.0 0.0e+00 0.0e+00 0.0e+00  0  0  0  0  0   5  0  0  0  0  2067    5238      0 0.00e+00    0 0.00e+00 100
VecAYPX              718 1.0 1.0465e-02 1.0 3.43e+07 1.0 0.0e+00 0.0e+00 0.0e+00  1  0  0  0  0  12  1  0  0  0  3278    7649      0 0.00e+00    0 0.00e+00 100
VecAXPBYCZ           192 1.0 2.8120e-03 1.0 2.48e+07 1.0 0.0e+00 0.0e+00 0.0e+00  0  0  0  0  0   3  1  0  0  0  8824   20509      0 0.00e+00    0 0.00e+00 100
VecPointwiseMult     167 1.0 2.3938e-03 1.0 1.00e+03 1.0 0.0e+00 0.0e+00 0.0e+00  0  0  0  0  0   3  0  0  0  0     0       1      0 0.00e+00    0 0.00e+00 100
---------------------------------------------------------------------------------------------------------------------------------------------------------------

Object Type          Creations   Destructions. Reports information only for process 0.

--- Event Stage 0: Main Stage

           Container     4              4
       Krylov Solver     1             10
              Matrix     1             17
      Matrix Coarsen     0              1
   Matrix Null Space     1              1
      Preconditioner     1              6
              Viewer     1              1
  PetscDeviceContext     1              0
              Vector    10             53
    Distributed Mesh     0              4
   Star Forest Graph     0              8
     Discrete System     0              4
           Weak Form     0              4

--- Event Stage 1: Setup

       Krylov Solver    13              4
              Matrix    34             18
      Matrix Coarsen     4              3
      Preconditioner    13              8
              Vector    85             43
         PetscRandom     4              4
           Index Set     5              5

--- Event Stage 2: Solve

              Vector     1              0
    Distributed Mesh     4              0
   Star Forest Graph     8              0
     Discrete System     4              0
           Weak Form     4              0

--- Event Stage 3: 2nd Setup

              Vector    12             12

--- Event Stage 4: 2nd Solve


--- Event Stage 5: 3rd Setup


--- Event Stage 6: 3rd Solve

========================================================================================================================
Average time to get PetscTime(): 3.21e-08
#PETSc Option Table entries:
-alpha 1.e-3 # (source: command line)
-ksp_converged_reason # (source: command line)
-ksp_norm_type unpreconditioned # (source: command line)
-ksp_rtol 1e-6 # (source: command line)
-ksp_type cg # (source: command line)
-log_view # (source: command line)
-log_view_gpu_time # (source: command line)
-mat_type aijkokkos # (source: command line)
-mg_coarse_ksp_type cg # (source: command line)
-mg_coarse_pc_type jacobi # (source: command line)
-mg_levels_ksp_type chebyshev # (source: command line)
-mg_levels_pc_type pbjacobi # (source: command line)
-ne 31 # (source: command line)
-pc_gamg_agg_nsmooths 1 # (source: command line)
-pc_gamg_coarse_eq_limit 20 # (source: command line)
-pc_gamg_parallel_coarse_grid_solver # (source: command line)
-pc_gamg_reuse_interpolation true # (source: command line)
-pc_gamg_type agg # (source: command line)
-pc_type gamg # (source: command line)
-two_solves # (source: command line)
-use_mat_nearnullspace # (source: command line)
#End of PETSc Option Table entries
Compiled without FORTRAN kernels
Compiled with full precision matrices (default)
sizeof(short) 2 sizeof(int) 4 sizeof(long) 8 sizeof(void*) 8 sizeof(PetscScalar) 8 sizeof(PetscInt) 4
Configure options: --with-make-np=8 --with-mpiexec="srun -G4 --gpu-bind=none" --with-batch=0 --download-triangle=1 --with-cc=cc --with-cxx=CC --with-fc=0 --with-debugging=0 --with-cuda=1 --with-cuda-arch=80 --download-kokkos --download-kokkos-kernels --force PETSC_ARCH=arch-perlmutter-opt-gcc-kokkos-cuda
-----------------------------------------
Libraries compiled on 2026-06-22 11:34:59 on login15
Machine characteristics: Linux-6.4.0-150600.23.103_15.0.24-cray_shasta_c-x86_64-with-glibc2.3.4
Using PETSc directory: /global/u2/m/madams/petsc
Using PETSc arch: arch-perlmutter-opt-gcc-kokkos-cuda
-----------------------------------------

Using C compiler: cc  -fPIC -Wall -Wwrite-strings -Wno-unknown-pragmas -Wno-lto-type-mismatch -Wno-stringop-overflow -fstack-protector -fvisibility=hidden -g -O 
-----------------------------------------

Using include paths: -I/global/u2/m/madams/petsc/include -I/global/u2/m/madams/petsc/arch-perlmutter-opt-gcc-kokkos-cuda/include -I/opt/nvidia/hpc_sdk/Linux_x86_64/25.5/cuda/12.9/include -I/opt/nvidia/hpc_sdk/Linux_x86_64/25.5/math_libs/12.9/include
-----------------------------------------

Using C linker: cc
Using libraries: -Wl,-rpath,/global/u2/m/madams/petsc/arch-perlmutter-opt-gcc-kokkos-cuda/lib -L/global/u2/m/madams/petsc/arch-perlmutter-opt-gcc-kokkos-cuda/lib -lpetsc -Wl,-rpath,/global/u2/m/madams/petsc/arch-perlmutter-opt-gcc-kokkos-cuda/lib -L/global/u2/m/madams/petsc/arch-perlmutter-opt-gcc-kokkos-cuda/lib -Wl,-rpath,/opt/nvidia/hpc_sdk/Linux_x86_64/25.5/cuda/12.9/lib64 -L/opt/nvidia/hpc_sdk/Linux_x86_64/25.5/cuda/12.9/lib64 -Wl,-rpath,/opt/nvidia/hpc_sdk/Linux_x86_64/25.5/math_libs/12.9/lib64 -L/opt/nvidia/hpc_sdk/Linux_x86_64/25.5/math_libs/12.9/lib64 -L/opt/nvidia/hpc_sdk/Linux_x86_64/25.5/cuda/12.9/lib64/stubs -lkokkoskernels -lkokkoscontainers -lkokkoscore -lkokkossimd -ltriangle -lcudart -lnvtx3interop -lcufft -lcublas -lcusparse -lcusolver -lcurand -lcuda -lnvidia-ml -lX11 -lstdc++ -lquadmath
-----------------------------------------

  WARNING: Failed to create Zap's log subsystem.
  WARNING: Failed to create zap_sock's log subsystem. Error 17.
[2026-06-22T15:03:29.657] error: execve(): /global/homes/m/madams/petsc/arch-perlmutter-opt-gcc-kokkos-cuda/tests/snes/tutorials/ex56: No such file or directory
  WARNING: Failed to create Zap's log subsystem.
  WARNING: Failed to create zap_sock's log subsystem. Error 17.
[2026-06-22T15:03:29.657] error: execve(): /global/homes/m/madams/petsc/arch-perlmutter-opt-gcc-kokkos-cuda/tests/snes/tutorials/ex56: No such file or directory
  WARNING: Failed to create Zap's log subsystem.
  WARNING: Failed to create zap_sock's log subsystem. Error 17.
[2026-06-22T15:03:29.658] error: execve(): /global/homes/m/madams/petsc/arch-perlmutter-opt-gcc-kokkos-cuda/tests/snes/tutorials/ex56: No such file or directory
  WARNING: Failed to create Zap's log subsystem.
  WARNING: Failed to create zap_sock's log subsystem. Error 17.
[2026-06-22T15:03:29.658] error: execve(): /global/homes/m/madams/petsc/arch-perlmutter-opt-gcc-kokkos-cuda/tests/snes/tutorials/ex56: No such file or directory
  WARNING: Failed to create Zap's log subsystem.
  WARNING: Failed to create zap_sock's log subsystem. Error 17.
[2026-06-22T15:03:29.767] error: execve(): /global/homes/m/madams/petsc/arch-perlmutter-opt-gcc-kokkos-cuda/tests/snes/tutorials/ex56: No such file or directory
  WARNING: Failed to create Zap's log subsystem.
  WARNING: Failed to create zap_sock's log subsystem. Error 17.
[2026-06-22T15:03:29.767] error: execve(): /global/homes/m/madams/petsc/arch-perlmutter-opt-gcc-kokkos-cuda/tests/snes/tutorials/ex56: No such file or directory
  WARNING: Failed to create Zap's log subsystem.
  WARNING: Failed to create zap_sock's log subsystem. Error 17.
[2026-06-22T15:03:29.768] error: execve(): /global/homes/m/madams/petsc/arch-perlmutter-opt-gcc-kokkos-cuda/tests/snes/tutorials/ex56: No such file or directory
  WARNING: Failed to create Zap's log subsystem.
  WARNING: Failed to create zap_sock's log subsystem. Error 17.
[2026-06-22T15:03:29.768] error: execve(): /global/homes/m/madams/petsc/arch-perlmutter-opt-gcc-kokkos-cuda/tests/snes/tutorials/ex56: No such file or directory
srun: error: nid001164: tasks 4-7: Exited with exit code 2
srun: Terminating StepId=54829626.24
srun: error: nid001161: tasks 0-3: Exited with exit code 2
  WARNING: Failed to create Zap's log subsystem.
  WARNING: Failed to create zap_sock's log subsystem. Error 17.
[2026-06-22T15:03:30.963] error: execve(): /global/homes/m/madams/petsc/arch-perlmutter-opt-gcc-kokkos-cuda/tests/snes/tutorials/ex56: No such file or directory
  WARNING: Failed to create Zap's log subsystem.
  WARNING: Failed to create zap_sock's log subsystem. Error 17.
[2026-06-22T15:03:30.963] error: execve(): /global/homes/m/madams/petsc/arch-perlmutter-opt-gcc-kokkos-cuda/tests/snes/tutorials/ex56: No such file or directory
  WARNING: Failed to create Zap's log subsystem.
  WARNING: Failed to create zap_sock's log subsystem. Error 17.
[2026-06-22T15:03:30.964] error: execve(): /global/homes/m/madams/petsc/arch-perlmutter-opt-gcc-kokkos-cuda/tests/snes/tutorials/ex56: No such file or directory
  WARNING: Failed to create Zap's log subsystem.
  WARNING: Failed to create zap_sock's log subsystem. Error 17.
[2026-06-22T15:03:30.965] error: execve(): /global/homes/m/madams/petsc/arch-perlmutter-opt-gcc-kokkos-cuda/tests/snes/tutorials/ex56: No such file or directory
  WARNING: Failed to create Zap's log subsystem.
  WARNING: Failed to create zap_sock's log subsystem. Error 17.
[2026-06-22T15:03:30.973] error: execve(): /global/homes/m/madams/petsc/arch-perlmutter-opt-gcc-kokkos-cuda/tests/snes/tutorials/ex56: No such file or directory
  WARNING: Failed to create Zap's log subsystem.
  WARNING: Failed to create zap_sock's log subsystem. Error 17.
[2026-06-22T15:03:30.973] error: execve(): /global/homes/m/madams/petsc/arch-perlmutter-opt-gcc-kokkos-cuda/tests/snes/tutorials/ex56: No such file or directory
  WARNING: Failed to create Zap's log subsystem.
  WARNING: Failed to create zap_sock's log subsystem. Error 17.
[2026-06-22T15:03:30.974] error: execve(): /global/homes/m/madams/petsc/arch-perlmutter-opt-gcc-kokkos-cuda/tests/snes/tutorials/ex56: No such file or directory
  WARNING: Failed to create Zap's log subsystem.
  WARNING: Failed to create zap_sock's log subsystem. Error 17.
[2026-06-22T15:03:30.974] error: execve(): /global/homes/m/madams/petsc/arch-perlmutter-opt-gcc-kokkos-cuda/tests/snes/tutorials/ex56: No such file or directory
srun: error: nid001161: tasks 0-3: Exited with exit code 2
srun: Terminating StepId=54829626.25
srun: error: nid001164: tasks 4-7: Exited with exit code 2
  WARNING: Failed to create Zap's log subsystem.
  WARNING: Failed to create zap_sock's log subsystem. Error 17.
[2026-06-22T15:03:31.984] error: execve(): /global/homes/m/madams/petsc/arch-perlmutter-opt-gcc-kokkos-cuda/tests/snes/tutorials/ex56: No such file or directory
  WARNING: Failed to create Zap's log subsystem.
  WARNING: Failed to create zap_sock's log subsystem. Error 17.
[2026-06-22T15:03:31.985] error: execve(): /global/homes/m/madams/petsc/arch-perlmutter-opt-gcc-kokkos-cuda/tests/snes/tutorials/ex56: No such file or directory
  WARNING: Failed to create Zap's log subsystem.
  WARNING: Failed to create zap_sock's log subsystem. Error 17.
[2026-06-22T15:03:31.985] error: execve(): /global/homes/m/madams/petsc/arch-perlmutter-opt-gcc-kokkos-cuda/tests/snes/tutorials/ex56: No such file or directory
  WARNING: Failed to create Zap's log subsystem.
  WARNING: Failed to create zap_sock's log subsystem. Error 17.
[2026-06-22T15:03:31.985] error: execve(): /global/homes/m/madams/petsc/arch-perlmutter-opt-gcc-kokkos-cuda/tests/snes/tutorials/ex56: No such file or directory
  WARNING: Failed to create Zap's log subsystem.
  WARNING: Failed to create zap_sock's log subsystem. Error 17.
[2026-06-22T15:03:32.097] error: execve(): /global/homes/m/madams/petsc/arch-perlmutter-opt-gcc-kokkos-cuda/tests/snes/tutorials/ex56: No such file or directory
  WARNING: Failed to create Zap's log subsystem.
  WARNING: Failed to create zap_sock's log subsystem. Error 17.
[2026-06-22T15:03:32.097] error: execve(): /global/homes/m/madams/petsc/arch-perlmutter-opt-gcc-kokkos-cuda/tests/snes/tutorials/ex56: No such file or directory
  WARNING: Failed to create Zap's log subsystem.
  WARNING: Failed to create zap_sock's log subsystem. Error 17.
[2026-06-22T15:03:32.098] error: execve(): /global/homes/m/madams/petsc/arch-perlmutter-opt-gcc-kokkos-cuda/tests/snes/tutorials/ex56: No such file or directory
  WARNING: Failed to create Zap's log subsystem.
  WARNING: Failed to create zap_sock's log subsystem. Error 17.
[2026-06-22T15:03:32.098] error: execve(): /global/homes/m/madams/petsc/arch-perlmutter-opt-gcc-kokkos-cuda/tests/snes/tutorials/ex56: No such file or directory
srun: error: nid001161: tasks 0-3: Exited with exit code 2
srun: Terminating StepId=54829626.26
srun: error: nid001164: tasks 4-7: Exited with exit code 2
  WARNING: Failed to create Zap's log subsystem.
  WARNING: Failed to create zap_sock's log subsystem. Error 17.
[2026-06-22T15:03:33.211] error: execve(): /global/homes/m/madams/petsc/arch-perlmutter-opt-gcc-kokkos-cuda/tests/snes/tutorials/ex56: No such file or directory
  WARNING: Failed to create Zap's log subsystem.
  WARNING: Failed to create zap_sock's log subsystem. Error 17.
[2026-06-22T15:03:33.211] error: execve(): /global/homes/m/madams/petsc/arch-perlmutter-opt-gcc-kokkos-cuda/tests/snes/tutorials/ex56: No such file or directory
  WARNING: Failed to create Zap's log subsystem.
  WARNING: Failed to create zap_sock's log subsystem. Error 17.
[2026-06-22T15:03:33.212] error: execve(): /global/homes/m/madams/petsc/arch-perlmutter-opt-gcc-kokkos-cuda/tests/snes/tutorials/ex56: No such file or directory
  WARNING: Failed to create Zap's log subsystem.
  WARNING: Failed to create zap_sock's log subsystem. Error 17.
[2026-06-22T15:03:33.212] error: execve(): /global/homes/m/madams/petsc/arch-perlmutter-opt-gcc-kokkos-cuda/tests/snes/tutorials/ex56: No such file or directory
  WARNING: Failed to create Zap's log subsystem.
  WARNING: Failed to create zap_sock's log subsystem. Error 17.
[2026-06-22T15:03:33.212] error: execve(): /global/homes/m/madams/petsc/arch-perlmutter-opt-gcc-kokkos-cuda/tests/snes/tutorials/ex56: No such file or directory
  WARNING: Failed to create Zap's log subsystem.
  WARNING: Failed to create zap_sock's log subsystem. Error 17.
[2026-06-22T15:03:33.213] error: execve(): /global/homes/m/madams/petsc/arch-perlmutter-opt-gcc-kokkos-cuda/tests/snes/tutorials/ex56: No such file or directory
  WARNING: Failed to create Zap's log subsystem.
  WARNING: Failed to create zap_sock's log subsystem. Error 17.
[2026-06-22T15:03:33.213] error: execve(): /global/homes/m/madams/petsc/arch-perlmutter-opt-gcc-kokkos-cuda/tests/snes/tutorials/ex56: No such file or directory
  WARNING: Failed to create Zap's log subsystem.
  WARNING: Failed to create zap_sock's log subsystem. Error 17.
[2026-06-22T15:03:33.213] error: execve(): /global/homes/m/madams/petsc/arch-perlmutter-opt-gcc-kokkos-cuda/tests/snes/tutorials/ex56: No such file or directory
srun: error: nid001161: tasks 0-3: Exited with exit code 2
srun: Terminating StepId=54829626.27
srun: error: nid001164: tasks 4-7: Exited with exit code 2
ALL_TPL_SAMEDAY_DONE
