    Linear solve converged due to CONVERGED_RTOL iterations 19
    Linear solve converged due to CONVERGED_RTOL iterations 19
[0] 0) N=      750141, max displ=5.9664262e+01, error=8.950e-02
****************************************************************************************************************************************************************
***                                WIDEN YOUR WINDOW TO 160 CHARACTERS.  Use 'enscript -r -fCourier9' to print this document                                 ***
****************************************************************************************************************************************************************

------------------------------------------------------------------ PETSc Performance Summary: ------------------------------------------------------------------

/global/homes/m/madams/petsc/arch-perlmutter-opt-gcc-kokkos-cuda/tests/snes/tutorials/ex56 on a arch-perlmutter-opt-gcc-kokkos-cuda named nid001161 with 8 processes and CUDA architecture 80, by madams on Mon Jun 22 08:20:07 2026
Using PETSc Development Git Revision: v3.25.2-340-g83d2bd4a8b4 Git Date: 2026-06-21 14:23:19 -0400

                         Max       Max/Min     Avg       Total
Time (sec):           4.542e+01     1.000   4.542e+01
Objects:              0.000e+00     0.000   0.000e+00
Flops:                1.026e+10     1.112   9.711e+09  7.769e+10
Flops/sec:            2.259e+08     1.112   2.138e+08  1.711e+09
MPI Msg Count:        7.400e+03     1.083   6.971e+03  5.577e+04
MPI Msg Len (bytes):  1.196e+08     1.123   1.579e+04  8.805e+08
MPI Reductions:       2.160e+02     1.000

Flop counting convention: 1 flop = 1 real number operation of type (multiply/divide/add/subtract)
                            e.g., VecAXPY() for real vectors of length N --> 2N flops
                            and VecAXPY() for complex vectors of length N --> 8N flops

Summary of Stages:   ----- Time ------  ----- Flop ------  --- Messages ---  -- Message Lengths --  -- Reductions --
                        Avg     %Total     Avg     %Total    Count   %Total     Avg         %Total    Count   %Total
 0:      Main Stage: 3.8671e+01  85.1%  3.6441e+09   4.7%  2.070e+02   0.4%  3.938e+05        9.3%  6.000e+00   2.8%
 1:      Mesh Setup: 3.1475e+00   6.9%  3.2879e+08   0.4%  1.682e+03   3.0%  1.296e+05       24.8%  5.400e+01  25.0%
 2:         Solve 0: 3.0168e+00   6.6%  3.8348e+10  49.4%  3.381e+04  60.6%  1.330e+04       51.0%  1.390e+02  64.4%
 3:       Hot Solve: 5.8011e-01   1.3%  3.5370e+10  45.5%  2.007e+04  36.0%  6.549e+03       14.9%  0.000e+00   0.0%

------------------------------------------------------------------------------------------------------------------------
See the 'Profiling' chapter of the users' manual for details on interpreting output.
Phase summary info:
   Count: number of times phase was executed
   Time and Flop: Max - maximum over all processes
                  Ratio - ratio of maximum to minimum over all processes
   Mess: number of messages sent
   AvgLen: average message length (bytes)
   Reduct: number of global reductions
   Global: entire computation
   Stage: stages of a computation. Set stages with PetscLogStagePush() and PetscLogStagePop().
      %T - percent time in this phase         %F - percent flop in this phase
      %M - percent messages in this phase     %L - percent message lengths in this phase
      %R - percent reductions in this phase
   Total Mflop/s: 1e-6 * (sum of flop over all processes)/(max time over all processes)
   GPU Mflop/s: 1e-6 * (sum of flop on GPU over all processes)/(max GPU time over all processes)
   CpuToGpu Count: total number of CPU to GPU copies per processor
   CpuToGpu Size (Mbytes): 1e-6 * (total size of CPU to GPU copies per processor)
   GpuToCpu Count: total number of GPU to CPU copies per processor
   GpuToCpu Size (Mbytes): 1e-6 * (total size of GPU to CPU copies per processor)
   GPU %F: percent flops on GPU in this event
------------------------------------------------------------------------------------------------------------------------
Event                Count      Time (sec)     Flop                              --- Global ---  --- Stage ----  Total   GPU    - CpuToGpu -   - GpuToCpu - GPU
                   Max Ratio  Max     Ratio   Max  Ratio  Mess   AvgLen  Reduct  %T %F %M %L %R  %T %F %M %L %R Mflop/s Mflop/s Count   Size   Count   Size  %F
---------------------------------------------------------------------------------------------------------------------------------------------------------------

--- Event Stage 0: Main Stage

BuildTwoSided          3 1.0 8.5558e-02 113.6 0.00e+00 0.0 9.4e+01 4.0e+00 0.0e+00  0  0  0  0  0   0  0 45  0  0     0       0      0 0.00e+00    0 0.00e+00  0
BuildTwoSidedF         1 1.0 8.7994e-02 180.4 0.00e+00 0.0 3.8e+01 2.1e+06 0.0e+00  0  0  0  9  0   0  0 18 99  0     0       0      0 0.00e+00    0 0.00e+00  0
DMPlexJacobianFE       1 1.0 3.7277e+01 1.0 4.39e+08 1.0 3.8e+01 2.1e+06 0.0e+00 82  5  0  9  0  96 96 18 99  0    94       0      0 0.00e+00    1 8.62e-01  0
SFSetGraph             2 1.0 9.2672e-04 1.1 0.00e+00 0.0 0.0e+00 0.0e+00 0.0e+00  0  0  0  0  0   0  0  0  0  0     0       0      0 0.00e+00    0 0.00e+00  0
SFSetUp                2 1.0 3.8002e-03 1.1 0.00e+00 0.0 1.5e+02 4.0e+03 0.0e+00  0  0  0  0  0   0  0 72  1  0     0       0      0 0.00e+00    0 0.00e+00  0
SFBcastBegin           1 1.0 1.0134e-02 2.1 0.00e+00 0.0 1.9e+01 1.5e+04 0.0e+00  0  0  0  0  0   0  0  9  0  0     0       0      2 3.93e-01    0 0.00e+00  0
SFBcastEnd             1 1.0 5.6795e-03 42.1 0.00e+00 0.0 0.0e+00 0.0e+00 0.0e+00  0  0  0  0  0   0  0  0  0  0     0       0      1 1.81e-02    0 0.00e+00  0
SFPack                 1 1.0 4.8341e-03 30213.1 0.00e+00 0.0 0.0e+00 0.0e+00 0.0e+00  0  0  0  0  0   0  0  0  0  0     0       0      1 1.81e-02    0 0.00e+00  0
SFUnpack               1 1.0 6.2211e-05 200.7 0.00e+00 0.0 0.0e+00 0.0e+00 0.0e+00  0  0  0  0  0   0  0  0  0  0     0       0      1 1.81e-02    0 0.00e+00  0
VecNorm                1 1.0 1.4662e-03 1.0 0.00e+00 0.0 0.0e+00 0.0e+00 0.0e+00  0  0  0  0  0   0  0  0  0  0     0       0      0 0.00e+00    0 0.00e+00  0
VecSet                 2 1.0 1.1713e-05 1.3 0.00e+00 0.0 0.0e+00 0.0e+00 0.0e+00  0  0  0  0  0   0  0  0  0  0     0       0      0 0.00e+00    0 0.00e+00  0
DCtxDestroy            1 1.0 3.2843e-05 1.4 0.00e+00 0.0 0.0e+00 0.0e+00 0.0e+00  0  0  0  0  0   0  0  0  0  0     0       0      0 0.00e+00    0 0.00e+00  0
MatMult              721 1.0 1.7302e-04 1.1 5.84e+04 1.0 0.0e+00 0.0e+00 0.0e+00  0  0  0  0  0   0  0  0  0  0  2700       0      0 0.00e+00    0 0.00e+00  0
MatConvert             1 1.0 1.3243e+00 1.1 0.00e+00 0.0 1.1e+02 4.0e+03 3.0e+00  3  0  0  0  1   3  0 54  1 50     0       0      0 0.00e+00    1 6.48e+00  0
MatScale               1 1.0 5.2010e-05 1.7 1.80e+07 1.1 0.0e+00 0.0e+00 0.0e+00  0  0  0  0  0   0  4  0  0  0 2607633       0      0 0.00e+00    0 0.00e+00 100
MatAssemblyBegin       2 1.0 8.8028e-02 1.0 0.00e+00 0.0 3.8e+01 2.1e+06 0.0e+00  0  0  0  9  0   0  0 18 99  0     0       0      0 0.00e+00    0 0.00e+00  0
MatAssemblyEnd         2 1.0 1.5115e-01 1.3 1.28e+06 0.0 1.1e+02 4.0e+03 1.0e+00  0  0  0  0  0   0  0 54  1 17    33       0      0 0.00e+00    1 6.48e+00  0
MatSetValues     2004472 1.1 7.8284e-01 1.1 2.42e+07 1.1 0.0e+00 0.0e+00 0.0e+00  2  0  0  0  0   2  5  0  0  0   239       0      0 0.00e+00    0 0.00e+00  0
MatGetRow         196608 1.1 4.9346e-02 1.1 0.00e+00 0.0 0.0e+00 0.0e+00 0.0e+00  0  0  0  0  0   0  0  0  0  0     0       0      0 0.00e+00    0 0.00e+00  0
MatZeroEntries         1 1.0 3.1196e-03 1.1 0.00e+00 0.0 0.0e+00 0.0e+00 0.0e+00  0  0  0  0  0   0  0  0  0  0     0       0      0 0.00e+00    0 0.00e+00  0
SNESJacobianEval       1 1.0 3.7319e+01 1.0 4.40e+08 1.0 9.5e+01 8.5e+05 1.0e+00 82  5  0  9  0  96 96 46 99 17    94       0      4 1.27e+00    2 1.72e+00  0

--- Event Stage 1: Mesh Setup

BuildTwoSided         23 1.0 4.0451e-01 8.9 0.00e+00 0.0 3.7e+02 4.0e+00 0.0e+00  0  0  1  0  0   5  0 22  0  0     0       0      0 0.00e+00    0 0.00e+00  0
BuildTwoSidedF         1 1.0 2.7527e-02 231.9 0.00e+00 0.0 0.0e+00 0.0e+00 0.0e+00  0  0  0  0  0   0  0  0  0  0     0       0      0 0.00e+00    0 0.00e+00  0
DMCreateMat            1 1.0 1.1532e+00 1.0 0.00e+00 0.0 4.7e+02 3.9e+05 4.0e+00  3  0  1 21  2  37  0 28 84  7     0       0      0 0.00e+00    0 0.00e+00  0
DMProjectFunc          6 1.0 3.7636e-01 1.0 3.46e+07 1.0 0.0e+00 0.0e+00 1.0e+00  1  0  0  0  0  12 84  0  0  2   735       0      0 0.00e+00    6 5.17e+00  0
DMPlexCrFromOpts       1 1.0 3.7138e-02 1.0 0.00e+00 0.0 0.0e+00 0.0e+00 0.0e+00  0  0  0  0  0   1  0  0  0  0     0       0      0 0.00e+00    0 0.00e+00  0
Mesh Partition         1 1.0 8.9269e-02 1.0 0.00e+00 0.0 3.5e+01 1.5e+05 3.0e+00  0  0  0  1  1   3  0  2  2  6     0       0      0 0.00e+00    0 0.00e+00  0
Mesh Migration         1 1.0 5.4796e-01 1.0 0.00e+00 0.0 2.0e+02 1.1e+05 1.6e+01  1  0  0  2  7  17  0 12 10 30     0       0      0 0.00e+00    0 0.00e+00  0
DMPlexPartSelf         1 1.0 3.5216e-02 3727.3 0.00e+00 0.0 0.0e+00 0.0e+00 0.0e+00  0  0  0  0  0   0  0  0  0  0     0       0      0 0.00e+00    0 0.00e+00  0
DMPlexPartLblInv       1 1.0 3.9108e-02 12.1 0.00e+00 0.0 0.0e+00 0.0e+00 2.0e+00  0  0  0  0  1   1  0  0  1  4     0       0      0 0.00e+00    0 0.00e+00  0
DMPlexPartLblSF        1 1.0 4.3831e-03 1.3 0.00e+00 0.0 1.4e+01 7.2e+04 0.0e+00  0  0  0  0  0   0  0  1  0  0     0       0      0 0.00e+00    0 0.00e+00  0
DMPlexPartStrtSF       1 1.0 4.2404e-02 1.0 0.00e+00 0.0 7.0e+00 2.9e+05 0.0e+00  0  0  0  0  0   1  0  0  1  0     0       0      0 0.00e+00    0 0.00e+00  0
DMPlexPointSF          1 1.0 8.0482e-01 1.0 0.00e+00 0.0 1.4e+01 3.6e+05 0.0e+00  2  0  0  1  0  26  0  1  2  0     0       0      0 0.00e+00    0 0.00e+00  0
DMPlexInterp          36 1.0 2.6657e-03 1.0 0.00e+00 0.0 0.0e+00 0.0e+00 0.0e+00  0  0  0  0  0   0  0  0  0  0     0       0      0 0.00e+00    0 0.00e+00  0
DMPlexDistribute       1 1.0 1.4423e+00 1.0 0.00e+00 0.0 2.5e+02 1.3e+05 2.1e+01  3  0  0  4 10  46  0 15 15 39     0       0      0 0.00e+00    0 0.00e+00  0
DMPlexDistCones        1 1.0 1.3001e-02 1.0 0.00e+00 0.0 4.2e+01 2.6e+05 0.0e+00  0  0  0  1  0   0  0  2  5  0     0       0      0 0.00e+00    0 0.00e+00  0
DMPlexDistLabels       1 1.0 3.3848e-02 1.0 0.00e+00 0.0 1.0e+02 7.9e+04 1.4e+01  0  0  0  1  6   1  0  6  4 26     0       0      0 0.00e+00    0 0.00e+00  0
DMPlexDistField        1 1.0 4.9167e-01 1.0 0.00e+00 0.0 4.9e+01 3.9e+04 0.0e+00  1  0  0  0  0  16  0  3  1  0     0       0      0 0.00e+00    0 0.00e+00  0
DMPlexStratify        53 1.0 3.6858e-02 2.8 0.00e+00 0.0 0.0e+00 0.0e+00 0.0e+00  0  0  0  0  0   1  0  0  0  0     0       0      0 0.00e+00    0 0.00e+00  0
DMPlexSymmetrize      53 1.0 1.3462e-02 11.5 0.00e+00 0.0 0.0e+00 0.0e+00 0.0e+00  0  0  0  0  0   0  0  0  0  0     0       0      0 0.00e+00    0 0.00e+00  0
DMPlexPrealloc         1 1.0 1.1501e+00 1.0 0.00e+00 0.0 4.7e+02 3.9e+05 4.0e+00  3  0  1 21  2  37  0 28 84  7     0       0      0 0.00e+00    0 0.00e+00  0
DMPlexGenerate         1 1.0 3.7102e-02 1.0 0.00e+00 0.0 0.0e+00 0.0e+00 0.0e+00  0  0  0  0  0   1  0  0  0  0     0       0      0 0.00e+00    0 0.00e+00  0
SFSetGraph            27 1.0 1.4499e-02 5.2 0.00e+00 0.0 0.0e+00 0.0e+00 0.0e+00  0  0  0  0  0   0  0  0  0  0     0       0      0 0.00e+00    0 0.00e+00  0
SFSetUp               22 1.0 4.9230e-01 4.9 0.00e+00 0.0 7.3e+02 9.3e+04 0.0e+00  0  0  1  8  0   6  0 44 31  0     0       0      0 0.00e+00    0 0.00e+00  0
SFBcastBegin          49 1.0 7.1192e-03 10.1 0.00e+00 0.0 6.8e+02 6.4e+04 0.0e+00  0  0  1  5  0   0  0 40 20  0     0       0      0 0.00e+00    0 0.00e+00  0
SFBcastEnd            49 1.0 8.8252e-01 24.0 0.00e+00 0.0 0.0e+00 0.0e+00 0.0e+00  2  0  0  0  0  23  0  0  0  0     0       0      0 0.00e+00    0 0.00e+00  0
SFReduceBegin         11 1.0 1.0378e-01 170.2 0.00e+00 0.0 2.0e+02 3.3e+05 0.0e+00  0  0  0  7  0   0  0 12 30  0     0       0      0 0.00e+00    0 0.00e+00  0
SFReduceEnd           11 1.0 7.2881e-01 87.9 0.00e+00 0.0 0.0e+00 0.0e+00 0.0e+00  0  0  0  0  0   5  0  0  0  0     0       0      0 0.00e+00    0 0.00e+00  0
SFFetchOpBegin         2 1.0 9.9932e-04 38.5 0.00e+00 0.0 3.8e+01 5.4e+05 0.0e+00  0  0  0  2  0   0  0  2  9  0     0       0      0 0.00e+00    0 0.00e+00  0
SFFetchOpEnd           2 1.0 7.5025e-03 3.7 0.00e+00 0.0 3.8e+01 5.4e+05 0.0e+00  0  0  0  2  0   0  0  2  9  0     0       0      0 0.00e+00    0 0.00e+00  0
SFCreateEmbed          3 1.0 1.8685e-02 32.8 0.00e+00 0.0 4.5e+01 6.7e+03 0.0e+00  0  0  0  0  0   0  0  3  0  0     0       0      0 0.00e+00    0 0.00e+00  0
SFDistSection          9 1.0 9.6030e-03 1.9 0.00e+00 0.0 3.1e+02 3.0e+04 0.0e+00  0  0  1  1  0   0  0 19  4  0     0       0      0 0.00e+00    0 0.00e+00  0
SFSectionSF           11 1.0 4.4251e-01 10.2 0.00e+00 0.0 2.9e+02 8.6e+04 0.0e+00  0  0  1  3  0   5  0 17 11  0     0       0      0 0.00e+00    0 0.00e+00  0
SFRemoteOff            2 1.0 1.8603e-02 18.0 0.00e+00 0.0 7.6e+01 3.4e+03 0.0e+00  0  0  0  0  0   0  0  5  0  0     0       0      0 0.00e+00    0 0.00e+00  0
SFPack                62 1.0 7.9814e-03 14.1 0.00e+00 0.0 0.0e+00 0.0e+00 0.0e+00  0  0  0  0  0   0  0  0  0  0     0       0      0 0.00e+00    0 0.00e+00  0
SFUnpack              64 1.0 7.0489e-01 290.5 0.00e+00 0.0 0.0e+00 0.0e+00 0.0e+00  0  0  0  0  0   3  0  0  0  0     0       0      0 0.00e+00    0 0.00e+00  0
VecMDot                5 1.0 6.5277e-02 1.0 2.95e+06 1.1 0.0e+00 0.0e+00 0.0e+00  0  0  0  0  0   2  7  0  0  0   345       0      0 0.00e+00    6 8.00e-05 100
VecNorm                6 1.0 2.8660e-02 1.2 1.18e+06 1.1 0.0e+00 0.0e+00 0.0e+00  0  0  0  0  0   1  3  0  0  0   314       0      0 0.00e+00    0 0.00e+00 100
VecScale               6 1.0 1.9528e-04 1.3 5.90e+05 1.1 0.0e+00 0.0e+00 0.0e+00  0  0  0  0  0   0  1  0  0  0 23048       0      0 0.00e+00    0 0.00e+00 100
VecCopy                1 1.0 7.8760e-06 1.3 0.00e+00 0.0 0.0e+00 0.0e+00 0.0e+00  0  0  0  0  0   0  0  0  0  0     0       0      0 0.00e+00    0 0.00e+00  0
VecSet                 8 1.0 9.8251e-05 1.2 0.00e+00 0.0 0.0e+00 0.0e+00 0.0e+00  0  0  0  0  0   0  0  0  0  0     0       0      0 0.00e+00    0 0.00e+00  0
VecAXPY                8 1.0 4.6173e-04 1.1 1.57e+06 1.1 0.0e+00 0.0e+00 0.0e+00  0  0  0  0  0   0  4  0  0  0 25994       0      0 0.00e+00    0 0.00e+00 100
VecNormalize           6 1.0 2.8856e-02 1.2 1.77e+06 1.1 0.0e+00 0.0e+00 0.0e+00  0  0  0  0  0   1  4  0  0  0   468       0      0 0.00e+00    0 0.00e+00 100
DCtxCreate             1 1.0 1.4778e-05 1.6 0.00e+00 0.0 0.0e+00 0.0e+00 0.0e+00  0  0  0  0  0   0  0  0  0  0     0       0      0 0.00e+00    0 0.00e+00  0
DCtxSetUp              1 1.0 8.7970e-06 1.2 0.00e+00 0.0 0.0e+00 0.0e+00 0.0e+00  0  0  0  0  0   0  0  0  0  0     0       0      0 0.00e+00    0 0.00e+00  0
DCtxSetDevice          1 1.0 1.4858e-05 1.3 0.00e+00 0.0 0.0e+00 0.0e+00 0.0e+00  0  0  0  0  0   0  0  0  0  0     0       0      0 0.00e+00    0 0.00e+00  0
DualSpaceSetUp         6 1.0 1.4700e-02 1.0 3.61e+03 1.0 0.0e+00 0.0e+00 0.0e+00  0  0  0  0  0   0  0  0  0  0     2       0      0 0.00e+00    0 0.00e+00  0
FESetUp                6 1.0 5.8704e-04 1.0 0.00e+00 0.0 0.0e+00 0.0e+00 0.0e+00  0  0  0  0  0   0  0  0  0  0     0       0      0 0.00e+00    0 0.00e+00  0
MatMult            24576 1.0 5.6124e-03 1.1 1.99e+06 1.0 0.0e+00 0.0e+00 0.0e+00  0  0  0  0  0   0  5  0  0  0  2838       0      0 0.00e+00    0 0.00e+00  0
MatAssemblyBegin      68 1.0 2.7570e-02 175.9 0.00e+00 0.0 0.0e+00 0.0e+00 0.0e+00  0  0  0  0  0   0  0  0  0  0     0       0      0 0.00e+00    0 0.00e+00  0
MatAssemblyEnd        68 1.0 1.5895e-02 1.0 0.00e+00 0.0 1.1e+02 4.0e+03 1.0e+00  0  0  0  0  0   1  0  7  0  2     0       0      0 0.00e+00    0 0.00e+00  0
MatSetPreallCOO       36 1.0 7.6007e-05 1.2 0.00e+00 0.0 0.0e+00 0.0e+00 0.0e+00  0  0  0  0  0   0  0  0  0  0     0       0      0 0.00e+00    0 0.00e+00  0
MatSetValuesCOO       36 1.0 4.6116e-05 1.1 0.00e+00 0.0 0.0e+00 0.0e+00 0.0e+00  0  0  0  0  0   0  0  0  0  0     0       0      0 0.00e+00    0 0.00e+00  0

--- Event Stage 2: Solve 0

BuildTwoSided        193 1.0 1.2071e-01 8.8 0.00e+00 0.0 3.1e+03 4.0e+00 0.0e+00  0  0  6  0  0   2  0  9  0  0     0       0      0 0.00e+00    0 0.00e+00  0
BuildTwoSidedF       117 1.0 1.1339e-01 16.6 0.00e+00 0.0 6.8e+02 2.8e+05 0.0e+00  0  0  1 21  0   2  0  2 42  0     0       0      0 0.00e+00    0 0.00e+00  0
DMPlexResidualFE       1 1.0 4.2824e-01 1.0 4.08e+08 1.0 0.0e+00 0.0e+00 0.0e+00  1  4  0  0  0  14  9  0  0  0  7623       0      0 0.00e+00    2 1.72e+00  0
SFSetGraph            82 1.0 7.8302e-04 1.7 0.00e+00 0.0 0.0e+00 0.0e+00 0.0e+00  0  0  0  0  0   0  0  0  0  0     0       0      0 0.00e+00    0 0.00e+00  0
SFSetUp               76 1.0 1.6457e-02 1.1 0.00e+00 0.0 5.6e+03 6.3e+02 0.0e+00  0  0 10  0  0   1  0 17  1  0     0       0      0 0.00e+00    0 0.00e+00  0
SFBcastBegin          46 1.0 5.2274e-03 1.3 0.00e+00 0.0 2.5e+03 2.1e+04 0.0e+00  0  0  5  6  0   0  0  8 12  0     0       0      0 0.00e+00    0 0.00e+00  0
SFBcastEnd            46 1.0 4.8644e-03 3.3 0.00e+00 0.0 0.0e+00 0.0e+00 0.0e+00  0  0  0  0  0   0  0  0  0  0     0       0      0 0.00e+00    0 0.00e+00  0
SFReduceBegin         24 1.0 2.0566e-02 5.8 0.00e+00 0.0 5.6e+02 3.8e+04 0.0e+00  0  0  1  2  0   0  0  2  5  0     0       0      0 0.00e+00    0 0.00e+00  0
SFReduceEnd           24 1.0 2.2332e-02 2.1 9.51e+03 0.0 0.0e+00 0.0e+00 0.0e+00  0  0  0  0  0   1  0  0  0  0     2       0      0 0.00e+00    0 0.00e+00 100
SFFetchOpBegin         6 1.0 1.2455e-04 1.5 0.00e+00 0.0 1.2e+02 4.0e+00 0.0e+00  0  0  0  0  0   0  0  0  0  0     0       0      0 0.00e+00    0 0.00e+00  0
SFFetchOpEnd           6 1.0 2.4730e-04 1.7 0.00e+00 0.0 1.2e+02 4.0e+00 0.0e+00  0  0  0  0  0   0  0  0  0  0     0       0      0 0.00e+00    0 0.00e+00  0
SFCreateEmbed          6 1.0 7.7555e-04 1.2 0.00e+00 0.0 3.4e+02 2.4e+02 0.0e+00  0  0  1  0  0   0  0  1  0  0     0       0      0 0.00e+00    0 0.00e+00  0
SFSectionSF            6 1.0 2.7142e-03 1.0 0.00e+00 0.0 6.7e+02 1.9e+03 0.0e+00  0  0  1  0  0   0  0  2  0  0     0       0      0 0.00e+00    0 0.00e+00  0
SFRemoteOff            6 1.0 1.5025e-03 1.1 0.00e+00 0.0 6.7e+02 6.1e+02 0.0e+00  0  0  1  0  0   0  0  2  0  0     0       0      0 0.00e+00    0 0.00e+00  0
SFPack               599 1.0 2.9273e-03 1.3 0.00e+00 0.0 0.0e+00 0.0e+00 0.0e+00  0  0  0  0  0   0  0  0  0  0     0       0      3 6.51e-02    0 0.00e+00  0
SFUnpack             605 1.0 4.9095e-04 1.3 3.16e+04 1.4 0.0e+00 0.0e+00 0.0e+00  0  0  0  0  0   0  0  0  0  0   413       0      2 4.35e-03    0 0.00e+00 100
VecTDot              178 1.0 1.4198e-02 1.2 1.71e+07 1.1 0.0e+00 0.0e+00 0.0e+00  0  0  0  0  0   0  0  0  0  0  9173       0      0 0.00e+00    0 0.00e+00 100
VecNorm               53 1.0 6.1148e-03 1.5 6.14e+06 1.1 0.0e+00 0.0e+00 0.0e+00  0  0  0  0  0   0  0  0  0  0  7653       0      0 0.00e+00    0 0.00e+00 100
VecCopy              185 1.0 1.0424e-03 1.0 0.00e+00 0.0 0.0e+00 0.0e+00 0.0e+00  0  0  0  0  0   0  0  0  0  0     0       0      0 0.00e+00    0 0.00e+00  0
VecSet                86 1.0 3.7004e-04 1.2 0.00e+00 0.0 0.0e+00 0.0e+00 0.0e+00  0  0  0  0  0   0  0  0  0  0     0       0      0 0.00e+00    0 0.00e+00  0
VecAXPY              160 1.0 6.8163e-04 1.1 1.59e+07 1.1 0.0e+00 0.0e+00 0.0e+00  0  0  0  0  0   0  0  0  0  0 177631       0      0 0.00e+00    0 0.00e+00 100
VecAYPX              414 1.0 2.6041e-03 1.0 3.00e+07 1.1 0.0e+00 0.0e+00 0.0e+00  0  0  0  0  0   0  1  0  0  0 87756       0      0 0.00e+00    0 0.00e+00 100
VecAXPBYCZ           114 1.0 7.2269e-04 1.0 1.90e+07 1.1 0.0e+00 0.0e+00 0.0e+00  0  0  0  0  0   0  0  0  0  0 200687       0      0 0.00e+00    0 0.00e+00 100
VecAssemblyBegin      98 1.0 1.6599e-02 5.9 0.00e+00 0.0 0.0e+00 0.0e+00 0.0e+00  0  0  0  0  0   0  0  0  0  0     0       0      0 0.00e+00    0 0.00e+00  0
VecAssemblyEnd        98 1.0 4.5469e-05 1.2 0.00e+00 0.0 0.0e+00 0.0e+00 0.0e+00  0  0  0  0  0   0  0  0  0  0     0       0      0 0.00e+00    0 0.00e+00  0
VecPointwiseMult      52 1.0 2.7870e-04 1.4 1.10e+06 1.1 0.0e+00 0.0e+00 0.0e+00  0  0  0  0  0   0  0  0  0  0 30129       0      0 0.00e+00    0 0.00e+00 100
VecReciprocal         10 1.0 1.2250e-04 1.1 0.00e+00 0.0 0.0e+00 0.0e+00 0.0e+00  0  0  0  0  0   0  0  0  0  0     0       0      0 0.00e+00    0 0.00e+00  0
VecSetValues      765059 1.1 4.5191e-02 1.1 0.00e+00 0.0 0.0e+00 0.0e+00 0.0e+00  0  0  0  0  0   1  0  0  0  0     0       0      0 0.00e+00    0 0.00e+00  0
VecScatterBegin      523 1.0 7.5905e-02 1.2 0.00e+00 0.0 2.4e+04 5.8e+03 0.0e+00  0  0 43 16  0   2  0 71 31  0     0       0      6 1.97e-01    0 0.00e+00  0
VecScatterEnd        523 1.0 2.4985e-02 2.5 2.23e+04 1.2 0.0e+00 0.0e+00 0.0e+00  0  0  0  0  0   1  0  0  0  0     7       0      2 4.35e-03    0 0.00e+00 100
MatMult             1028 1.0 7.5068e-02 1.0 4.29e+09 1.1 1.7e+04 6.9e+03 0.0e+00  0 41 31 13  0   2 84 51 26  0 428867       0      6 1.97e-01    0 0.00e+00 100
MatMultAdd            57 1.0 6.7131e-03 1.1 1.14e+08 1.1 2.2e+03 6.0e+02 0.0e+00  0  1  4  0  0   0  2  7  0  0 128296       0      0 0.00e+00    0 0.00e+00 100
MatMultTranspose      57 1.0 1.1567e-02 1.2 1.14e+08 1.1 2.2e+03 6.0e+02 0.0e+00  0  1  4  0  0   0  2  7  0  0 74472       0      2 4.35e-03    0 0.00e+00 100
MatConvert            14 1.0 7.5820e-01 1.0 0.00e+00 0.0 6.8e+02 1.3e+02 3.3e+01  2  0  1  0 15  25  0  2  0 24     0       0      0 0.00e+00    9 2.53e+01  0
MatScale               9 1.0 3.6078e-03 1.1 7.04e+06 1.1 1.7e+02 1.9e+03 0.0e+00  0  0  0  0  0   0  0  0  0  0 14716       0      0 0.00e+00    0 0.00e+00 43
MatResidual           57 1.0 1.1874e-02 1.0 7.17e+08 1.1 3.2e+03 6.3e+03 0.0e+00  0  7  6  2  0   0 14  9  4  0 453152       0      0 0.00e+00    0 0.00e+00 100
MatAssemblyBegin      56 1.0 1.3616e-01 1.5 0.00e+00 0.0 6.8e+02 2.8e+05 0.0e+00  0  0  1 21  0   4  0  2 42  0     0       0      0 0.00e+00    0 0.00e+00  0
MatAssemblyEnd        56 1.0 2.4094e-01 1.5 0.00e+00 0.0 2.1e+03 4.6e+02 3.1e+01  0  0  4  0 14   7  0  6  0 22     0       0      0 0.00e+00    7 2.93e+00  0
MatSetValues     4013238 1.1 6.7792e-01 1.1 2.62e+06 1.1 0.0e+00 0.0e+00 0.0e+00  1  0  0  0  0  21  0  0  0  0    29       0      0 0.00e+00    0 0.00e+00  0
MatGetRow         399885 1.1 4.0660e-02 1.1 0.00e+00 0.0 0.0e+00 0.0e+00 0.0e+00  0  0  0  0  0   1  0  0  0  0     0       0      0 0.00e+00    0 0.00e+00  0
MatCreateSubMat        1 1.0 2.8190e-03 1.0 0.00e+00 0.0 6.2e+01 2.3e+01 1.1e+01  0  0  0  0  5   0  0  0  0  8     0       0      0 0.00e+00    1 5.72e-03  0
MatCoarsen             3 1.0 1.3576e-02 1.0 0.00e+00 0.0 1.5e+03 1.5e+03 1.8e+01  0  0  3  0  8   0  0  4  1 13     0       0      0 0.00e+00    0 0.00e+00  0
MatAXPY                6 1.0 8.5958e-01 1.0 2.62e+06 1.1 9.7e+02 2.6e+02 3.0e+01  2  0  2  0 14  28  0  3  0 22    23       0      0 0.00e+00    8 2.53e+01  0
MatTranspose           7 1.0 5.4257e-02 1.1 0.00e+00 0.0 1.4e+03 9.4e+03 1.5e+01  0  0  2  1  7   2  0  4  3 11     0       0      0 0.00e+00    0 0.00e+00  0
MatMatMultSym          3 1.0 1.6856e-01 1.0 0.00e+00 0.0 2.0e+03 3.6e+03 2.1e+01  0  0  4  1 10   5  0  6  2 15     0       0      0 0.00e+00   24 2.00e+02  0
MatMatMultNum          3 1.0 8.0200e-07 1.5 0.00e+00 0.0 0.0e+00 0.0e+00 0.0e+00  0  0  0  0  0   0  0  0  0  0     0       0      0 0.00e+00    0 0.00e+00  0
MatPtAPSymbolic        3 1.0 2.1298e-01 1.1 0.00e+00 0.0 3.0e+03 2.3e+04 2.1e+01  0  0  5  8 10   7  0  9 15 15     0       0      0 0.00e+00   24 2.11e+02  0
MatPtAPNumeric         3 1.0 8.0200e-07 1.5 0.00e+00 0.0 0.0e+00 0.0e+00 0.0e+00  0  0  0  0  0   0  0  0  0  0     0       0      0 0.00e+00    0 0.00e+00  0
MatTrnMatMultSym       1 1.0 8.6366e-01 1.0 0.00e+00 0.0 3.9e+02 5.5e+05 4.0e+00  2  0  1 24  2  29  0  1 48  3     0       0      0 0.00e+00    0 0.00e+00  0
MatGetLocalMat         1 1.0 2.8481e-03 1.1 0.00e+00 0.0 0.0e+00 0.0e+00 0.0e+00  0  0  0  0  0   0  0  0  0  0     0       0      0 0.00e+00    0 0.00e+00  0
MatCreateGraph         3 1.0 1.6597e-01 1.0 6.07e+06 1.1 2.0e+03 6.6e+03 2.1e+01  0  0  4  2 10   5  0  6  3 15   275       0      0 0.00e+00    4 5.21e+00  0
MatSetPreallCOO        6 1.0 4.1862e-02 1.1 0.00e+00 0.0 1.9e+03 5.2e+02 2.4e+01  0  0  3  0 11   1  0  6  0 17     0       0      0 0.00e+00   18 3.21e+01  0
MatSetValuesCOO        6 1.0 2.6738e-02 1.5 0.00e+00 0.0 1.2e+02 1.8e+05 0.0e+00  0  0  0  2  0   1  0  0  5  0     0       0      0 0.00e+00    0 0.00e+00  0
KSPSetUp               1 1.0 3.4937e-04 1.4 0.00e+00 0.0 0.0e+00 0.0e+00 0.0e+00  0  0  0  0  0   0  0  0  0  0     0       0      0 0.00e+00    0 0.00e+00  0
KSPSolve               1 1.0 8.0191e-02 1.0 3.88e+09 1.1 1.8e+04 5.5e+03 0.0e+00  0 37 33 11  0   3 76 54 22  0 363262       0      2 4.35e-03    0 0.00e+00 100
SNESSolve              1 1.0 3.0163e+00 1.0 5.08e+09 1.1 3.4e+04 1.3e+04 1.4e+02  7 49 61 51 64 100 100 100 100 100 12713       0     10 1.93e+00   73 4.49e+02 91
SNESSetUp              1 1.0 1.7081e-03 4.5 0.00e+00 0.0 0.0e+00 0.0e+00 0.0e+00  0  0  0  0  0   0  0  0  0  0     0       0      0 0.00e+00    0 0.00e+00  0
SNESFunctionEval       1 1.0 4.5779e-01 1.0 4.09e+08 1.0 3.8e+01 1.5e+04 0.0e+00  1  4  0  0  0  15  9  0  0  0  7149       0      2 1.72e+00    3 2.59e+00  0
PCSetUp_GAMG+          1 1.0 2.4791e+00 1.0 7.92e+08 1.1 1.6e+04 2.2e+04 1.4e+02  5  8 28 40 64  82 15 46 78 100  2397       0      6 1.97e-01   70 4.46e+02 99
 PCGAMGCreateG         3 1.0 1.6598e-01 1.0 6.07e+06 1.1 2.0e+03 6.6e+03 2.1e+01  0  0  4  2 10   5  0  6  3 15   275       0      0 0.00e+00    4 5.21e+00  0
 GAMG Coarsen          6 1.0 9.0479e-01 1.0 0.00e+00 0.0 2.2e+03 1.0e+05 2.2e+01  2  0  4 25 10  30  0  6 49 16     0       0      0 0.00e+00    0 0.00e+00  0
  GAMG MIS/Agg         3 1.0 8.7862e-01 1.0 0.00e+00 0.0 1.9e+03 1.2e+05 2.2e+01  2  0  3 25 10  29  0  6 48 16     0       0      0 0.00e+00    0 0.00e+00  0
 PCGAMGProl            3 1.0 1.7417e-01 1.0 0.00e+00 0.0 2.2e+03 8.2e+03 9.0e+00  0  0  4  2  4   6  0  7  4  6     0       0      0 0.00e+00    3 2.66e-01  0
  GAMG Prol-col        3 1.0 8.5999e-02 1.0 0.00e+00 0.0 2.0e+03 7.2e+03 0.0e+00  0  0  4  2  0   3  0  6  3  0     0       0      0 0.00e+00    0 0.00e+00  0
  GAMG Prol-lift       3 1.0 8.4382e-02 1.0 0.00e+00 0.0 2.6e+02 1.6e+04 3.0e+00  0  0  0  0  1   3  0  1  1  2     0       0      0 0.00e+00    3 2.66e-01  0
 PCGAMGOptProl         3 1.0 9.8868e-01 1.0 3.91e+08 1.1 4.3e+03 4.1e+03 4.8e+01  2  4  8  2 22  33  8 13  4 35  2965       0      6 1.97e-01   32 2.25e+02 100
  GAMG smooth          3 1.0 9.6050e-01 1.0 3.59e+06 1.1 2.6e+03 2.8e+03 4.8e+01  2  0  5  1 22  32  0  8  2 35    28       0      0 0.00e+00   32 2.25e+02 83
 PCGAMGCreateL         3 1.0 2.1694e-01 1.1 0.00e+00 0.0 3.1e+03 2.2e+04 3.8e+01  0  0  6  8 18   7  0  9 15 27     0       0      0 0.00e+00   25 2.11e+02  0
  GAMG PtAP            3 1.0 2.1302e-01 1.1 0.00e+00 0.0 3.0e+03 2.3e+04 2.1e+01  0  0  5  8 10   7  0  9 15 15     0       0      0 0.00e+00   24 2.11e+02  0
  GAMG Reduce          1 1.0 1.9361e-02 2.0 0.00e+00 0.0 6.4e+02 6.1e+02 2.4e+01  0  0  1  0 11   0  0  2  0 17     0       0      0 0.00e+00    9 3.86e-01  0
PCGAMG Squ l00         1 1.0 8.6366e-01 1.0 0.00e+00 0.0 3.9e+02 5.5e+05 4.0e+00  2  0  1 24  2  29  0  1 48  3     0       0      0 0.00e+00    0 0.00e+00  0
PCGAMG Gal l00         1 1.0 1.6705e-01 1.0 0.00e+00 0.0 1.2e+03 4.4e+04 7.0e+00  0  0  2  6  3   5  0  4 12  5     0       0      0 0.00e+00    8 2.01e+02  0
PCGAMG Opt l00         1 1.0 1.5496e-01 1.1 0.00e+00 0.0 7.2e+02 8.7e+03 7.0e+00  0  0  1  1  3   5  0  2  1  5     0       0      0 0.00e+00    8 1.92e+02  0
PCGAMG Gal l01         1 1.0 3.4098e-02 1.1 0.00e+00 0.0 1.2e+03 1.1e+04 7.0e+00  0  0  2  2  3   1  0  4  3  5     0       0      0 0.00e+00    8 9.74e+00  0
PCGAMG Opt l01         1 1.0 8.6325e-03 1.0 0.00e+00 0.0 7.3e+02 1.1e+03 7.0e+00  0  0  1  0  3   0  0  2  0  5     0       0      0 0.00e+00    8 6.87e+00  0
PCGAMG Gal l02         1 1.0 1.5462e-02 2.6 0.00e+00 0.0 5.7e+02 6.9e+02 7.0e+00  0  0  1  0  3   0  0  2  0  5     0       0      0 0.00e+00    8 3.80e-01  0
PCGAMG Opt l02         1 1.0 5.0053e-03 1.0 0.00e+00 0.0 5.7e+02 3.8e+02 7.0e+00  0  0  1  0  3   0  0  2  0  5     0       0      0 0.00e+00    8 3.52e-01  0
PCSetUp                1 1.0 2.4791e+00 1.0 7.92e+08 1.1 1.6e+04 2.2e+04 1.4e+02  5  8 28 40 64  82 15 46 78 100  2397       0      6 1.97e-01   70 4.46e+02 99
PCApply               19 1.0 6.8521e-02 1.0 3.17e+09 1.1 1.7e+04 4.8e+03 0.0e+00  0 31 31  9  0   2 62 51 18  0 347379       0      2 4.35e-03    0 0.00e+00 100

--- Event Stage 3: Hot Solve

DMPlexResidualFE       1 1.0 4.2738e-01 1.0 4.08e+08 1.0 0.0e+00 0.0e+00 0.0e+00  1  4  0  0  0  73  9  0  0  0  7639       0      0 0.00e+00    2 1.72e+00  0
SFBcastBegin           1 1.0 8.5505e-05 1.5 0.00e+00 0.0 1.9e+01 1.5e+04 0.0e+00  0  0  0  0  0   0  0  0  0  0     0       0      0 0.00e+00    0 0.00e+00  0
SFBcastEnd             1 1.0 4.2689e-04 18.2 0.00e+00 0.0 0.0e+00 0.0e+00 0.0e+00  0  0  0  0  0   0  0  0  0  0     0       0      0 0.00e+00    0 0.00e+00  0
SFReduceBegin          4 1.0 1.1824e-02 1.2 0.00e+00 0.0 1.4e+02 1.5e+05 0.0e+00  0  0  0  2  0   2  0  1 16  0     0       0      0 0.00e+00    0 0.00e+00  0
SFReduceEnd            4 1.0 5.5388e-03 6.0 9.51e+03 0.0 0.0e+00 0.0e+00 0.0e+00  0  0  0  0  0   1  0  0  0  0     7       0      0 0.00e+00    0 0.00e+00 100
SFPack               396 1.0 1.1649e-03 1.1 0.00e+00 0.0 0.0e+00 0.0e+00 0.0e+00  0  0  0  0  0   0  0  0  0  0     0       0      0 0.00e+00    0 0.00e+00  0
SFUnpack             396 1.0 3.4612e-04 1.4 3.16e+04 1.4 0.0e+00 0.0e+00 0.0e+00  0  0  0  0  0   0  0  0  0  0   586       0      0 0.00e+00    0 0.00e+00 100
VecTDot              109 1.0 8.6058e-03 1.2 1.25e+07 1.1 0.0e+00 0.0e+00 0.0e+00  0  0  0  0  0   1  0  0  0  0 11054       0      0 0.00e+00    0 0.00e+00 100
VecNorm               53 1.0 8.1261e-03 2.0 6.14e+06 1.1 0.0e+00 0.0e+00 0.0e+00  0  0  0  0  0   1  0  0  0  0  5759       0      0 0.00e+00    0 0.00e+00 100
VecCopy              179 1.0 9.8588e-04 1.0 0.00e+00 0.0 0.0e+00 0.0e+00 0.0e+00  0  0  0  0  0   0  0  0  0  0     0       0      0 0.00e+00    0 0.00e+00  0
VecSet                83 1.0 3.3749e-04 1.2 0.00e+00 0.0 0.0e+00 0.0e+00 0.0e+00  0  0  0  0  0   0  0  0  0  0     0       0      0 0.00e+00    0 0.00e+00  0
VecAXPY              100 1.0 3.8097e-04 1.1 1.19e+07 1.1 0.0e+00 0.0e+00 0.0e+00  0  0  0  0  0   0  0  0  0  0 237671       0      0 0.00e+00    0 0.00e+00 100
VecAYPX              387 1.0 1.7749e-03 1.1 2.82e+07 1.1 0.0e+00 0.0e+00 0.0e+00  0  0  0  0  0   0  1  0  0  0 121016       0      0 0.00e+00    0 0.00e+00 100
VecAXPBYCZ           114 1.0 4.8204e-04 1.1 1.90e+07 1.1 0.0e+00 0.0e+00 0.0e+00  0  0  0  0  0   0  0  0  0  0 300880       0      0 0.00e+00    0 0.00e+00 100
VecPointwiseMult      19 1.0 9.3729e-05 3.0 3.42e+02 0.0 0.0e+00 0.0e+00 0.0e+00  0  0  0  0  0   0  0  0  0  0     4       0      0 0.00e+00    0 0.00e+00 100
VecReciprocal          1 1.0 4.9700e-06 3.0 0.00e+00 0.0 0.0e+00 0.0e+00 0.0e+00  0  0  0  0  0   0  0  0  0  0     0       0      0 0.00e+00    0 0.00e+00  0
VecScatterBegin      391 1.0 5.6248e-02 1.1 0.00e+00 0.0 2.0e+04 5.5e+03 0.0e+00  0  0 36 13  0   9  0 99 84  0     0       0      0 0.00e+00    0 0.00e+00  0
VecScatterEnd        391 1.0 1.4320e-02 1.8 2.23e+04 1.2 0.0e+00 0.0e+00 0.0e+00  0  0  0  0  0   2  0  0  0  0    12       0      0 0.00e+00    0 0.00e+00 100
MatMult              998 1.0 5.7872e-02 1.0 3.91e+09 1.1 1.6e+04 7.0e+03 0.0e+00  0 38 28 12  0  10 83 77 82  0 507633       0      0 0.00e+00    0 0.00e+00 100
MatMultAdd            57 1.0 6.1333e-03 1.1 1.14e+08 1.1 2.2e+03 6.0e+02 0.0e+00  0  1  4  0  0   1  2 11  1  0 140423       0      0 0.00e+00    0 0.00e+00 100
MatMultTranspose      57 1.0 9.0211e-03 1.2 1.14e+08 1.1 2.2e+03 6.0e+02 0.0e+00  0  1  4  0  0   1  2 11  1  0 95490       0      0 0.00e+00    0 0.00e+00 100
MatResidual           57 1.0 1.1942e-02 1.0 7.17e+08 1.1 3.2e+03 6.3e+03 0.0e+00  0  7  6  2  0   2 15 16 15  0 450579       0      0 0.00e+00    0 0.00e+00 100
MatAssemblyBegin       3 1.0 5.7200e-07 1.4 0.00e+00 0.0 0.0e+00 0.0e+00 0.0e+00  0  0  0  0  0   0  0  0  0  0     0       0      0 0.00e+00    0 0.00e+00  0
MatAssemblyEnd         3 1.0 2.2130e-06 1.4 0.00e+00 0.0 0.0e+00 0.0e+00 0.0e+00  0  0  0  0  0   0  0  0  0  0     0       0      0 0.00e+00    0 0.00e+00  0
MatPtAPNumeric         3 1.0 1.9410e-02 1.1 0.00e+00 0.0 1.2e+02 1.8e+05 0.0e+00  0  0  0  2  0   3  0  1 15  0     0       0      0 0.00e+00    0 0.00e+00  0
MatSetValuesCOO        3 1.0 1.4274e-02 1.2 0.00e+00 0.0 1.2e+02 1.8e+05 0.0e+00  0  0  0  2  0   2  0  1 15  0     0       0      0 0.00e+00    0 0.00e+00  0
KSPSetUp               1 1.0 3.2100e-07 3.2 0.00e+00 0.0 0.0e+00 0.0e+00 0.0e+00  0  0  0  0  0   0  0  0  0  0     0       0      0 0.00e+00    0 0.00e+00  0
KSPSolve               1 1.0 7.6488e-02 1.0 3.88e+09 1.1 1.8e+04 5.5e+03 0.0e+00  0 37 33 11  0  13 82 91 76  0 380849       0      0 0.00e+00    0 0.00e+00 100
SNESSolve              1 1.0 5.8011e-01 1.0 4.68e+09 1.1 2.0e+04 6.5e+03 0.0e+00  1 46 36 15  0 100 100 100 100  0 60971       0      5 4.05e+00    6 1.35e+02 91
SNESFunctionEval       1 1.0 4.5425e-01 1.0 4.09e+08 1.0 3.8e+01 1.5e+04 0.0e+00  1  4  0  0  0  78  9  0  0  0  7205       0      2 1.72e+00    3 2.59e+00  0
PCSetUp_GAMG+          1 1.0 5.1596e-02 1.0 3.95e+08 1.1 1.8e+03 1.7e+04 0.0e+00  0  4  3  4  0   9  8  9 24  0 57449       0      3 2.33e+00    3 1.33e+02 100
PCGAMG Gal l00         1 1.0 1.5269e-02 1.2 0.00e+00 0.0 5.3e+01 2.9e+05 0.0e+00  0  0  0  2  0   2  0  0 12  0     0       0      0 0.00e+00    0 0.00e+00  0
PCGAMG Gal l01         1 1.0 4.1162e-03 1.0 0.00e+00 0.0 5.6e+01 8.6e+04 0.0e+00  0  0  0  1  0   1  0  0  4  0     0       0      0 0.00e+00    0 0.00e+00  0
PCGAMG Gal l02         1 1.0 2.2854e-04 1.4 0.00e+00 0.0 7.0e+00 2.2e+03 0.0e+00  0  0  0  0  0   0  0  0  0  0     0       0      0 0.00e+00    0 0.00e+00  0
PCSetUp                1 1.0 5.1598e-02 1.0 3.95e+08 1.1 1.8e+03 1.7e+04 0.0e+00  0  4  3  4  0   9  8  9 24  0 57446       0      3 2.33e+00    3 1.33e+02 100
PCApply               19 1.0 6.4865e-02 1.0 3.17e+09 1.1 1.7e+04 4.8e+03 0.0e+00  0 31 31  9  0  11 67 86 63  0 366959       0      0 0.00e+00    0 0.00e+00 100
---------------------------------------------------------------------------------------------------------------------------------------------------------------

Object Type          Creations   Destructions. Reports information only for process 0.

--- Event Stage 0: Main Stage

           Container     2             40
    Distributed Mesh     0             38
            DM Label     0             57
          Quadrature     1            236
           Index Set    27            124
   IS L to G Mapping     0             97
             Section     0            114
   Star Forest Graph     1             76
     Discrete System     0             38
           Weak Form     0             39
    GraphPartitioner     0             15
              Vector     3             71
        Linear Space     0              6
          Dual Space     0             16
            FE Space     0              4
              Matrix     7             73
      Matrix Coarsen     0              1
   Matrix Null Space     0              1
                SNES     0              1
              DMSNES     0              1
       Krylov Solver     0              8
     DMKSP interface     0              1
       Field over DM     1              1
      Preconditioner     0              5
              Viewer     0              1

--- Event Stage 1: Mesh Setup

           Container    93             61
    Distributed Mesh   118             82
            DM Label   296            239
          Quadrature   533            298
           Index Set  1338           1241
   IS L to G Mapping   290            193
             Section   390            276
   Star Forest Graph   313            254
     Discrete System   175            139
           Weak Form   177            140
    GraphPartitioner    53             38
              Vector    78             51
  PetscDeviceContext     1              0
        Linear Space    12              6
          Dual Space    63             47
            FE Space     6              2
              Matrix   178            151
   Matrix Null Space     1              0
                SNES     1              0
              DMSNES     1              0
       Krylov Solver     1              0
       Field over DM     1              1
      Preconditioner     1              0
              Viewer     1              0

--- Event Stage 2: Solve 0

           Container    28             22
    Distributed Mesh     2              0
          Quadrature     1              1
           Index Set   137            137
             Section    12             12
   Star Forest Graph    86             70
     Discrete System     2              0
           Weak Form     2              0
              Vector   262            221
              Matrix   235            196
      Matrix Coarsen     3              2
       Krylov Solver    11              4
     DMKSP interface     1              0
      Preconditioner    11              7
         PetscRandom     3              3

--- Event Stage 3: Hot Solve

          Quadrature     1              1
           Index Set    33             33
              Vector     9              9
========================================================================================================================
Average time to get PetscTime(): 3.3e-08
Average time for MPI_Barrier(): 1.40572e-05
Average time for zero size MPI_Send(): 1.38969e-05
#PETSc Option Table entries:
-block_mat_type mpibaijkokkos # (source: command line)
-dm_mat_type mpiaij # (source: command line)
-dm_plex_box_faces 32,32,32 # (source: command line)
-dm_plex_dim 3 # (source: command line)
-dm_plex_simplex 0 # (source: command line)
-dm_vec_type kokkos # (source: command line)
-ksp_converged_reason # (source: command line)
-ksp_norm_type unpreconditioned # (source: command line)
-ksp_rtol 1e-6 # (source: command line)
-ksp_type cg # (source: command line)
-log_view # (source: command line)
-max_conv_its 1 # (source: command line)
-mg_coarse_pc_type jacobi # (source: command line)
-mg_levels_ksp_type chebyshev # (source: command line)
-mg_levels_pc_type pbjacobi # (source: command line)
-n_solves 2 # (source: command line)
-pc_gamg_agg_nsmooths 1 # (source: command line)
-pc_gamg_reuse_interpolation true # (source: command line)
-pc_gamg_type agg # (source: command line)
-pc_type gamg # (source: command line)
-petscpartitioner_simple_process_grid 2,2,2 # (source: command line)
-petscspace_degree 2 # (source: command line)
-run_type 1 # (source: command line)
-snes_lag_jacobian -2 # (source: command line)
-snes_type ksponly # (source: command line)
-use_mat_nearnullspace true # (source: command line)
#End of PETSc Option Table entries
Compiled without FORTRAN kernels
Compiled with full precision matrices (default)
sizeof(short) 2 sizeof(int) 4 sizeof(long) 8 sizeof(void*) 8 sizeof(PetscScalar) 8 sizeof(PetscInt) 4
Configure options: --with-make-np=8 --with-mpiexec="srun -G4 --gpu-bind=none" --with-batch=0 --download-triangle=1 --with-cc=cc --with-cxx=CC --with-fc=0 --with-debugging=0 --with-cuda=1 --with-cuda-arch=80 --download-kokkos --download-kokkos-kernels --force PETSC_ARCH=arch-perlmutter-opt-gcc-kokkos-cuda
-----------------------------------------
Libraries compiled on 2026-06-22 11:34:59 on login15
Machine characteristics: Linux-6.4.0-150600.23.103_15.0.24-cray_shasta_c-x86_64-with-glibc2.3.4
Using PETSc directory: /global/u2/m/madams/petsc
Using PETSc arch: arch-perlmutter-opt-gcc-kokkos-cuda
-----------------------------------------

Using C compiler: cc  -fPIC -Wall -Wwrite-strings -Wno-unknown-pragmas -Wno-lto-type-mismatch -Wno-stringop-overflow -fstack-protector -fvisibility=hidden -g -O 
-----------------------------------------

Using include paths: -I/global/u2/m/madams/petsc/include -I/global/u2/m/madams/petsc/arch-perlmutter-opt-gcc-kokkos-cuda/include -I/opt/nvidia/hpc_sdk/Linux_x86_64/25.5/cuda/12.9/include -I/opt/nvidia/hpc_sdk/Linux_x86_64/25.5/math_libs/12.9/include
-----------------------------------------

Using C linker: cc
Using libraries: -Wl,-rpath,/global/u2/m/madams/petsc/arch-perlmutter-opt-gcc-kokkos-cuda/lib -L/global/u2/m/madams/petsc/arch-perlmutter-opt-gcc-kokkos-cuda/lib -lpetsc -Wl,-rpath,/global/u2/m/madams/petsc/arch-perlmutter-opt-gcc-kokkos-cuda/lib -L/global/u2/m/madams/petsc/arch-perlmutter-opt-gcc-kokkos-cuda/lib -Wl,-rpath,/opt/nvidia/hpc_sdk/Linux_x86_64/25.5/cuda/12.9/lib64 -L/opt/nvidia/hpc_sdk/Linux_x86_64/25.5/cuda/12.9/lib64 -Wl,-rpath,/opt/nvidia/hpc_sdk/Linux_x86_64/25.5/math_libs/12.9/lib64 -L/opt/nvidia/hpc_sdk/Linux_x86_64/25.5/math_libs/12.9/lib64 -L/opt/nvidia/hpc_sdk/Linux_x86_64/25.5/cuda/12.9/lib64/stubs -lkokkoskernels -lkokkoscontainers -lkokkoscore -lkokkossimd -ltriangle -lcudart -lnvtx3interop -lcufft -lcublas -lcusparse -lcusolver -lcurand -lcuda -lnvidia-ml -lX11 -lstdc++ -lquadmath
-----------------------------------------

    Linear solve converged due to CONVERGED_RTOL iterations 19
    Linear solve converged due to CONVERGED_RTOL iterations 19
[0] 0) N=      750141, max displ=5.9664262e+01, error=8.950e-02
****************************************************************************************************************************************************************
***                                WIDEN YOUR WINDOW TO 160 CHARACTERS.  Use 'enscript -r -fCourier9' to print this document                                 ***
****************************************************************************************************************************************************************

------------------------------------------------------------------ PETSc Performance Summary: ------------------------------------------------------------------



      ##########################################################
      #                                                        #
      #                       WARNING!!!                       #
      #                                                        #
      #   This code was run with -log_view_gpu_time            #
      #   This provides accurate timing within the GPU kernels #
      #   but can slow down the entire computation by a        #
      #   measurable amount. For fastest runs we recommend     #
      #   not using this option.                               #
      #                                                        #
      ##########################################################


/global/homes/m/madams/petsc/arch-perlmutter-opt-gcc-kokkos-cuda/tests/snes/tutorials/ex56 on a arch-perlmutter-opt-gcc-kokkos-cuda named nid001161 with 8 processes and CUDA architecture 80, by madams on Mon Jun 22 08:20:59 2026
Using PETSc Development Git Revision: v3.25.2-340-g83d2bd4a8b4 Git Date: 2026-06-21 14:23:19 -0400

                         Max       Max/Min     Avg       Total
Time (sec):           4.529e+01     1.000   4.529e+01
Objects:              0.000e+00     0.000   0.000e+00
Flops:                1.026e+10     1.112   9.711e+09  7.769e+10
Flops/sec:            2.265e+08     1.112   2.144e+08  1.716e+09
MPI Msg Count:        7.400e+03     1.083   6.971e+03  5.577e+04
MPI Msg Len (bytes):  1.196e+08     1.123   1.579e+04  8.805e+08
MPI Reductions:       2.160e+02     1.000

Flop counting convention: 1 flop = 1 real number operation of type (multiply/divide/add/subtract)
                            e.g., VecAXPY() for real vectors of length N --> 2N flops
                            and VecAXPY() for complex vectors of length N --> 8N flops

Summary of Stages:   ----- Time ------  ----- Flop ------  --- Messages ---  -- Message Lengths --  -- Reductions --
                        Avg     %Total     Avg     %Total    Count   %Total     Avg         %Total    Count   %Total
 0:      Main Stage: 3.8452e+01  84.9%  3.6441e+09   4.7%  2.070e+02   0.4%  3.938e+05        9.3%  6.000e+00   2.8%
 1:      Mesh Setup: 3.1376e+00   6.9%  3.2879e+08   0.4%  1.682e+03   3.0%  1.296e+05       24.8%  5.400e+01  25.0%
 2:         Solve 0: 3.0871e+00   6.8%  3.8348e+10  49.4%  3.381e+04  60.6%  1.330e+04       51.0%  1.390e+02  64.4%
 3:       Hot Solve: 6.0909e-01   1.3%  3.5370e+10  45.5%  2.007e+04  36.0%  6.549e+03       14.9%  0.000e+00   0.0%

------------------------------------------------------------------------------------------------------------------------
See the 'Profiling' chapter of the users' manual for details on interpreting output.
Phase summary info:
   Count: number of times phase was executed
   Time and Flop: Max - maximum over all processes
                  Ratio - ratio of maximum to minimum over all processes
   Mess: number of messages sent
   AvgLen: average message length (bytes)
   Reduct: number of global reductions
   Global: entire computation
   Stage: stages of a computation. Set stages with PetscLogStagePush() and PetscLogStagePop().
      %T - percent time in this phase         %F - percent flop in this phase
      %M - percent messages in this phase     %L - percent message lengths in this phase
      %R - percent reductions in this phase
   Total Mflop/s: 1e-6 * (sum of flop over all processes)/(max time over all processes)
   GPU Mflop/s: 1e-6 * (sum of flop on GPU over all processes)/(max GPU time over all processes)
   CpuToGpu Count: total number of CPU to GPU copies per processor
   CpuToGpu Size (Mbytes): 1e-6 * (total size of CPU to GPU copies per processor)
   GpuToCpu Count: total number of GPU to CPU copies per processor
   GpuToCpu Size (Mbytes): 1e-6 * (total size of GPU to CPU copies per processor)
   GPU %F: percent flops on GPU in this event
------------------------------------------------------------------------------------------------------------------------
Event                Count      Time (sec)     Flop                              --- Global ---  --- Stage ----  Total   GPU    - CpuToGpu -   - GpuToCpu - GPU
                   Max Ratio  Max     Ratio   Max  Ratio  Mess   AvgLen  Reduct  %T %F %M %L %R  %T %F %M %L %R Mflop/s Mflop/s Count   Size   Count   Size  %F
---------------------------------------------------------------------------------------------------------------------------------------------------------------

--- Event Stage 0: Main Stage

BuildTwoSided          3 1.0 8.5777e-02 128.7 0.00e+00 0.0 9.4e+01 4.0e+00 0.0e+00  0  0  0  0  0   0  0 45  0  0     0       0      0 0.00e+00    0 0.00e+00  0
BuildTwoSidedF         1 1.0 8.8201e-02 202.3 0.00e+00 0.0 3.8e+01 2.1e+06 0.0e+00  0  0  0  9  0   0  0 18 99  0     0       0      0 0.00e+00    0 0.00e+00  0
DMPlexJacobianFE       1 1.0 3.7120e+01 1.0 4.39e+08 1.0 3.8e+01 2.1e+06 0.0e+00 82  5  0  9  0  96 96 18 99  0    94       0      0 0.00e+00    1 8.62e-01  0
SFSetGraph             2 1.0 9.1654e-04 1.1 0.00e+00 0.0 0.0e+00 0.0e+00 0.0e+00  0  0  0  0  0   0  0  0  0  0     0       0      0 0.00e+00    0 0.00e+00  0
SFSetUp                2 1.0 3.5937e-03 1.1 0.00e+00 0.0 1.5e+02 4.0e+03 0.0e+00  0  0  0  0  0   0  0 72  1  0     0       0      0 0.00e+00    0 0.00e+00  0
SFBcastBegin           1 1.0 7.9335e-03 1.6 0.00e+00 0.0 1.9e+01 1.5e+04 0.0e+00  0  0  0  0  0   0  0  9  0  0     0       0      2 3.93e-01    0 0.00e+00  0
SFBcastEnd             1 1.0 3.2020e-03 63.3 0.00e+00 0.0 0.0e+00 0.0e+00 0.0e+00  0  0  0  0  0   0  0  0  0  0     0       0      1 1.81e-02    0 0.00e+00  0
SFPack                 1 1.0 4.6790e-03 33421.6 0.00e+00 0.0 0.0e+00 0.0e+00 0.0e+00  0  0  0  0  0   0  0  0  0  0     0       0      1 1.81e-02    0 0.00e+00  0
SFUnpack               1 1.0 6.3493e-05 147.3 0.00e+00 0.0 0.0e+00 0.0e+00 0.0e+00  0  0  0  0  0   0  0  0  0  0     0       0      1 1.81e-02    0 0.00e+00  0
VecNorm                1 1.0 2.9016e-04 1.1 0.00e+00 0.0 0.0e+00 0.0e+00 0.0e+00  0  0  0  0  0   0  0  0  0  0     0       0      0 0.00e+00    0 0.00e+00  0
VecSet                 2 1.0 3.5459e-05 1.0 0.00e+00 0.0 0.0e+00 0.0e+00 0.0e+00  0  0  0  0  0   0  0  0  0  0     0       0      0 0.00e+00    0 0.00e+00  0
DCtxDestroy            1 1.0 2.7023e-05 1.1 0.00e+00 0.0 0.0e+00 0.0e+00 0.0e+00  0  0  0  0  0   0  0  0  0  0     0       0      0 0.00e+00    0 0.00e+00  0
MatMult              721 1.0 1.6339e-04 1.0 5.84e+04 1.0 0.0e+00 0.0e+00 0.0e+00  0  0  0  0  0   0  0  0  0  0  2860       0      0 0.00e+00    0 0.00e+00  0
MatConvert             1 1.0 1.3110e+00 1.1 0.00e+00 0.0 1.1e+02 4.0e+03 3.0e+00  3  0  0  0  1   3  0 54  1 50     0       0      0 0.00e+00    1 6.48e+00  0
MatScale               1 1.0 2.5342e-04 1.1 1.80e+07 1.1 0.0e+00 0.0e+00 0.0e+00  0  0  0  0  0   0  4  0  0  0 535171   656071      0 0.00e+00    0 0.00e+00 100
MatAssemblyBegin       2 1.0 8.8231e-02 1.0 0.00e+00 0.0 3.8e+01 2.1e+06 0.0e+00  0  0  0  9  0   0  0 18 99  0     0       0      0 0.00e+00    0 0.00e+00  0
MatAssemblyEnd         2 1.0 1.6025e-01 1.4 1.28e+06 0.0 1.1e+02 4.0e+03 1.0e+00  0  0  0  0  0   0  0 54  1 17    31       0      0 0.00e+00    1 6.48e+00  0
MatSetValues     2004472 1.1 7.9656e-01 1.1 2.42e+07 1.1 0.0e+00 0.0e+00 0.0e+00  2  0  0  0  0   2  5  0  0  0   235       0      0 0.00e+00    0 0.00e+00  0
MatGetRow         196608 1.1 4.6822e-02 1.1 0.00e+00 0.0 0.0e+00 0.0e+00 0.0e+00  0  0  0  0  0   0  0  0  0  0     0       0      0 0.00e+00    0 0.00e+00  0
MatZeroEntries         1 1.0 3.0978e-03 1.1 0.00e+00 0.0 0.0e+00 0.0e+00 0.0e+00  0  0  0  0  0   0  0  0  0  0     0       0      0 0.00e+00    0 0.00e+00  0
SNESJacobianEval       1 1.0 3.7160e+01 1.0 4.40e+08 1.0 9.5e+01 8.5e+05 1.0e+00 82  5  0  9  0  97 96 46 99 17    94       0      4 1.27e+00    2 1.72e+00  0

--- Event Stage 1: Mesh Setup

BuildTwoSided         23 1.0 3.8700e-01 7.7 0.00e+00 0.0 3.7e+02 4.0e+00 0.0e+00  0  0  1  0  0   4  0 22  0  0     0       0      0 0.00e+00    0 0.00e+00  0
BuildTwoSidedF         1 1.0 3.1228e-02 492.1 0.00e+00 0.0 0.0e+00 0.0e+00 0.0e+00  0  0  0  0  0   1  0  0  0  0     0       0      0 0.00e+00    0 0.00e+00  0
DMCreateMat            1 1.0 1.1474e+00 1.0 0.00e+00 0.0 4.7e+02 3.9e+05 4.0e+00  3  0  1 21  2  37  0 28 84  7     0       0      0 0.00e+00    0 0.00e+00  0
DMProjectFunc          6 1.0 3.9486e-01 1.0 3.46e+07 1.0 0.0e+00 0.0e+00 1.0e+00  1  0  0  0  0  12 84  0  0  2   701       0      0 0.00e+00    6 5.17e+00  0
DMPlexCrFromOpts       1 1.0 4.0280e-02 1.0 0.00e+00 0.0 0.0e+00 0.0e+00 0.0e+00  0  0  0  0  0   1  0  0  0  0     0       0      0 0.00e+00    0 0.00e+00  0
Mesh Partition         1 1.0 8.8004e-02 1.0 0.00e+00 0.0 3.5e+01 1.5e+05 3.0e+00  0  0  0  1  1   3  0  2  2  6     0       0      0 0.00e+00    0 0.00e+00  0
Mesh Migration         1 1.0 5.2886e-01 1.0 0.00e+00 0.0 2.0e+02 1.1e+05 1.6e+01  1  0  0  2  7  17  0 12 10 30     0       0      0 0.00e+00    0 0.00e+00  0
DMPlexPartSelf         1 1.0 3.4978e-02 3667.3 0.00e+00 0.0 0.0e+00 0.0e+00 0.0e+00  0  0  0  0  0   0  0  0  0  0     0       0      0 0.00e+00    0 0.00e+00  0
DMPlexPartLblInv       1 1.0 3.8849e-02 12.1 0.00e+00 0.0 0.0e+00 0.0e+00 2.0e+00  0  0  0  0  1   1  0  0  1  4     0       0      0 0.00e+00    0 0.00e+00  0
DMPlexPartLblSF        1 1.0 4.3132e-03 1.3 0.00e+00 0.0 1.4e+01 7.2e+04 0.0e+00  0  0  0  0  0   0  0  1  0  0     0       0      0 0.00e+00    0 0.00e+00  0
DMPlexPartStrtSF       1 1.0 4.2110e-02 1.0 0.00e+00 0.0 7.0e+00 2.9e+05 0.0e+00  0  0  0  0  0   1  0  0  1  0     0       0      0 0.00e+00    0 0.00e+00  0
DMPlexPointSF          1 1.0 8.0792e-01 1.0 0.00e+00 0.0 1.4e+01 3.6e+05 0.0e+00  2  0  0  1  0  26  0  1  2  0     0       0      0 0.00e+00    0 0.00e+00  0
DMPlexInterp          36 1.0 2.6044e-03 1.0 0.00e+00 0.0 0.0e+00 0.0e+00 0.0e+00  0  0  0  0  0   0  0  0  0  0     0       0      0 0.00e+00    0 0.00e+00  0
DMPlexDistribute       1 1.0 1.4250e+00 1.0 0.00e+00 0.0 2.5e+02 1.3e+05 2.1e+01  3  0  0  4 10  45  0 15 15 39     0       0      0 0.00e+00    0 0.00e+00  0
DMPlexDistCones        1 1.0 1.3429e-02 1.0 0.00e+00 0.0 4.2e+01 2.6e+05 0.0e+00  0  0  0  1  0   0  0  2  5  0     0       0      0 0.00e+00    0 0.00e+00  0
DMPlexDistLabels       1 1.0 3.7266e-02 1.0 0.00e+00 0.0 1.0e+02 7.9e+04 1.4e+01  0  0  0  1  6   1  0  6  4 26     0       0      0 0.00e+00    0 0.00e+00  0
DMPlexDistField        1 1.0 4.7188e-01 1.0 0.00e+00 0.0 4.9e+01 3.9e+04 0.0e+00  1  0  0  0  0  15  0  3  1  0     0       0      0 0.00e+00    0 0.00e+00  0
DMPlexStratify        53 1.0 4.1165e-02 2.3 0.00e+00 0.0 0.0e+00 0.0e+00 0.0e+00  0  0  0  0  0   1  0  0  0  0     0       0      0 0.00e+00    0 0.00e+00  0
DMPlexSymmetrize      53 1.0 1.2956e-02 11.0 0.00e+00 0.0 0.0e+00 0.0e+00 0.0e+00  0  0  0  0  0   0  0  0  0  0     0       0      0 0.00e+00    0 0.00e+00  0
DMPlexPrealloc         1 1.0 1.1442e+00 1.0 0.00e+00 0.0 4.7e+02 3.9e+05 4.0e+00  3  0  1 21  2  36  0 28 84  7     0       0      0 0.00e+00    0 0.00e+00  0
DMPlexGenerate         1 1.0 4.0245e-02 1.0 0.00e+00 0.0 0.0e+00 0.0e+00 0.0e+00  0  0  0  0  0   1  0  0  0  0     0       0      0 0.00e+00    0 0.00e+00  0
SFSetGraph            27 1.0 1.4331e-02 5.2 0.00e+00 0.0 0.0e+00 0.0e+00 0.0e+00  0  0  0  0  0   0  0  0  0  0     0       0      0 0.00e+00    0 0.00e+00  0
SFSetUp               22 1.0 4.5375e-01 4.6 0.00e+00 0.0 7.3e+02 9.3e+04 0.0e+00  0  0  1  8  0   6  0 44 31  0     0       0      0 0.00e+00    0 0.00e+00  0
SFBcastBegin          49 1.0 7.3832e-03 10.4 0.00e+00 0.0 6.8e+02 6.4e+04 0.0e+00  0  0  1  5  0   0  0 40 20  0     0       0      0 0.00e+00    0 0.00e+00  0
SFBcastEnd            49 1.0 8.8471e-01 25.1 0.00e+00 0.0 0.0e+00 0.0e+00 0.0e+00  2  0  0  0  0  23  0  0  0  0     0       0      0 0.00e+00    0 0.00e+00  0
SFReduceBegin         11 1.0 1.0394e-01 179.4 0.00e+00 0.0 2.0e+02 3.3e+05 0.0e+00  0  0  0  7  0   0  0 12 30  0     0       0      0 0.00e+00    0 0.00e+00  0
SFReduceEnd           11 1.0 7.3275e-01 104.3 0.00e+00 0.0 0.0e+00 0.0e+00 0.0e+00  0  0  0  0  0   5  0  0  0  0     0       0      0 0.00e+00    0 0.00e+00  0
SFFetchOpBegin         2 1.0 9.9765e-04 28.3 0.00e+00 0.0 3.8e+01 5.4e+05 0.0e+00  0  0  0  2  0   0  0  2  9  0     0       0      0 0.00e+00    0 0.00e+00  0
SFFetchOpEnd           2 1.0 8.1678e-03 3.9 0.00e+00 0.0 3.8e+01 5.4e+05 0.0e+00  0  0  0  2  0   0  0  2  9  0     0       0      0 0.00e+00    0 0.00e+00  0
SFCreateEmbed          3 1.0 1.6996e-02 29.7 0.00e+00 0.0 4.5e+01 6.7e+03 0.0e+00  0  0  0  0  0   0  0  3  0  0     0       0      0 0.00e+00    0 0.00e+00  0
SFDistSection          9 1.0 1.0624e-02 2.0 0.00e+00 0.0 3.1e+02 3.0e+04 0.0e+00  0  0  1  1  0   0  0 19  4  0     0       0      0 0.00e+00    0 0.00e+00  0
SFSectionSF           11 1.0 4.1794e-01 9.8 0.00e+00 0.0 2.9e+02 8.6e+04 0.0e+00  0  0  1  3  0   4  0 17 11  0     0       0      0 0.00e+00    0 0.00e+00  0
SFRemoteOff            2 1.0 1.6878e-02 18.7 0.00e+00 0.0 7.6e+01 3.4e+03 0.0e+00  0  0  0  0  0   0  0  5  0  0     0       0      0 0.00e+00    0 0.00e+00  0
SFPack                62 1.0 8.3177e-03 14.0 0.00e+00 0.0 0.0e+00 0.0e+00 0.0e+00  0  0  0  0  0   0  0  0  0  0     0       0      0 0.00e+00    0 0.00e+00  0
SFUnpack              64 1.0 7.0795e-01 298.5 0.00e+00 0.0 0.0e+00 0.0e+00 0.0e+00  0  0  0  0  0   3  0  0  0  0     0       0      0 0.00e+00    0 0.00e+00  0
VecMDot                5 1.0 2.5528e-02 1.0 2.95e+06 1.1 0.0e+00 0.0e+00 0.0e+00  0  0  0  0  0   1  7  0  0  0   882     920      0 0.00e+00    6 8.00e-05 100
VecNorm                6 1.0 6.2113e-02 1.1 1.18e+06 1.1 0.0e+00 0.0e+00 0.0e+00  0  0  0  0  0   2  3  0  0  0   145     149      0 0.00e+00    0 0.00e+00 100
VecScale               6 1.0 2.6003e-04 1.1 5.90e+05 1.1 0.0e+00 0.0e+00 0.0e+00  0  0  0  0  0   0  1  0  0  0 17309   22675      0 0.00e+00    0 0.00e+00 100
VecCopy                1 1.0 7.2540e-06 1.2 0.00e+00 0.0 0.0e+00 0.0e+00 0.0e+00  0  0  0  0  0   0  0  0  0  0     0       0      0 0.00e+00    0 0.00e+00  0
VecSet                 8 1.0 2.4512e-04 1.1 0.00e+00 0.0 0.0e+00 0.0e+00 0.0e+00  0  0  0  0  0   0  0  0  0  0     0       0      0 0.00e+00    0 0.00e+00  0
VecAXPY                8 1.0 5.6374e-04 1.1 1.57e+06 1.1 0.0e+00 0.0e+00 0.0e+00  0  0  0  0  0   0  4  0  0  0 21290   25379      0 0.00e+00    0 0.00e+00 100
VecNormalize           6 1.0 6.2379e-02 1.1 1.77e+06 1.1 0.0e+00 0.0e+00 0.0e+00  0  0  0  0  0   2  4  0  0  0   216     223      0 0.00e+00    0 0.00e+00 100
DCtxCreate             1 1.0 1.4739e-05 1.5 0.00e+00 0.0 0.0e+00 0.0e+00 0.0e+00  0  0  0  0  0   0  0  0  0  0     0       0      0 0.00e+00    0 0.00e+00  0
DCtxSetUp              1 1.0 8.5970e-06 1.1 0.00e+00 0.0 0.0e+00 0.0e+00 0.0e+00  0  0  0  0  0   0  0  0  0  0     0       0      0 0.00e+00    0 0.00e+00  0
DCtxSetDevice          1 1.0 1.4247e-05 1.2 0.00e+00 0.0 0.0e+00 0.0e+00 0.0e+00  0  0  0  0  0   0  0  0  0  0     0       0      0 0.00e+00    0 0.00e+00  0
DualSpaceSetUp         6 1.0 1.4418e-02 1.0 3.61e+03 1.0 0.0e+00 0.0e+00 0.0e+00  0  0  0  0  0   0  0  0  0  0     2       0      0 0.00e+00    0 0.00e+00  0
FESetUp                6 1.0 6.0211e-04 1.1 0.00e+00 0.0 0.0e+00 0.0e+00 0.0e+00  0  0  0  0  0   0  0  0  0  0     0       0      0 0.00e+00    0 0.00e+00  0
MatMult            24576 1.0 6.0272e-03 1.1 1.99e+06 1.0 0.0e+00 0.0e+00 0.0e+00  0  0  0  0  0   0  5  0  0  0  2642       0      0 0.00e+00    0 0.00e+00  0
MatAssemblyBegin      68 1.0 3.1268e-02 304.8 0.00e+00 0.0 0.0e+00 0.0e+00 0.0e+00  0  0  0  0  0   1  0  0  0  0     0       0      0 0.00e+00    0 0.00e+00  0
MatAssemblyEnd        68 1.0 1.6065e-02 1.0 0.00e+00 0.0 1.1e+02 4.0e+03 1.0e+00  0  0  0  0  0   1  0  7  0  2     0       0      0 0.00e+00    0 0.00e+00  0
MatSetPreallCOO       36 1.0 7.0846e-05 1.1 0.00e+00 0.0 0.0e+00 0.0e+00 0.0e+00  0  0  0  0  0   0  0  0  0  0     0       0      0 0.00e+00    0 0.00e+00  0
MatSetValuesCOO       36 1.0 4.6308e-05 1.1 0.00e+00 0.0 0.0e+00 0.0e+00 0.0e+00  0  0  0  0  0   0  0  0  0  0     0       0      0 0.00e+00    0 0.00e+00  0

--- Event Stage 2: Solve 0

BuildTwoSided        193 1.0 1.1467e-01 7.3 0.00e+00 0.0 3.1e+03 4.0e+00 0.0e+00  0  0  6  0  0   2  0  9  0  0     0       0      0 0.00e+00    0 0.00e+00  0
BuildTwoSidedF       117 1.0 1.0698e-01 11.2 0.00e+00 0.0 6.8e+02 2.8e+05 0.0e+00  0  0  1 21  0   2  0  2 42  0     0       0      0 0.00e+00    0 0.00e+00  0
DMPlexResidualFE       1 1.0 4.2730e-01 1.0 4.08e+08 1.0 0.0e+00 0.0e+00 0.0e+00  1  4  0  0  0  14  9  0  0  0  7640       0      0 0.00e+00    2 1.72e+00  0
SFSetGraph            82 1.0 8.0691e-04 1.8 0.00e+00 0.0 0.0e+00 0.0e+00 0.0e+00  0  0  0  0  0   0  0  0  0  0     0       0      0 0.00e+00    0 0.00e+00  0
SFSetUp               76 1.0 1.6723e-02 1.1 0.00e+00 0.0 5.6e+03 6.3e+02 0.0e+00  0  0 10  0  0   1  0 17  1  0     0       0      0 0.00e+00    0 0.00e+00  0
SFBcastBegin          46 1.0 5.3176e-03 1.3 0.00e+00 0.0 2.5e+03 2.1e+04 0.0e+00  0  0  5  6  0   0  0  8 12  0     0       0      0 0.00e+00    0 0.00e+00  0
SFBcastEnd            46 1.0 5.0774e-03 2.7 0.00e+00 0.0 0.0e+00 0.0e+00 0.0e+00  0  0  0  0  0   0  0  0  0  0     0       0      0 0.00e+00    0 0.00e+00  0
SFReduceBegin         24 1.0 5.9434e-03 1.6 0.00e+00 0.0 5.6e+02 3.8e+04 0.0e+00  0  0  1  2  0   0  0  2  5  0     0       0      0 0.00e+00    0 0.00e+00  0
SFReduceEnd           24 1.0 1.1018e-02 5.0 9.51e+03 0.0 0.0e+00 0.0e+00 0.0e+00  0  0  0  0  0   0  0  0  0  0     3       0      0 0.00e+00    0 0.00e+00 100
SFFetchOpBegin         6 1.0 1.4602e-04 1.8 0.00e+00 0.0 1.2e+02 4.0e+00 0.0e+00  0  0  0  0  0   0  0  0  0  0     0       0      0 0.00e+00    0 0.00e+00  0
SFFetchOpEnd           6 1.0 2.8297e-04 1.4 0.00e+00 0.0 1.2e+02 4.0e+00 0.0e+00  0  0  0  0  0   0  0  0  0  0     0       0      0 0.00e+00    0 0.00e+00  0
SFCreateEmbed          6 1.0 8.9317e-04 1.1 0.00e+00 0.0 3.4e+02 2.4e+02 0.0e+00  0  0  1  0  0   0  0  1  0  0     0       0      0 0.00e+00    0 0.00e+00  0
SFSectionSF            6 1.0 2.7752e-03 1.1 0.00e+00 0.0 6.7e+02 1.9e+03 0.0e+00  0  0  1  0  0   0  0  2  0  0     0       0      0 0.00e+00    0 0.00e+00  0
SFRemoteOff            6 1.0 1.7134e-03 1.1 0.00e+00 0.0 6.7e+02 6.1e+02 0.0e+00  0  0  1  0  0   0  0  2  0  0     0       0      0 0.00e+00    0 0.00e+00  0
SFPack               599 1.0 2.8715e-03 1.3 0.00e+00 0.0 0.0e+00 0.0e+00 0.0e+00  0  0  0  0  0   0  0  0  0  0     0       0      3 6.51e-02    0 0.00e+00  0
SFUnpack             605 1.0 4.7532e-04 1.3 3.16e+04 1.4 0.0e+00 0.0e+00 0.0e+00  0  0  0  0  0   0  0  0  0  0   427       0      2 4.35e-03    0 0.00e+00 100
VecTDot              178 1.0 1.3516e-02 1.2 1.71e+07 1.1 0.0e+00 0.0e+00 0.0e+00  0  0  0  0  0   0  0  0  0  0  9636   30401      0 0.00e+00    0 0.00e+00 100
VecNorm               53 1.0 1.1897e-02 2.6 6.14e+06 1.1 0.0e+00 0.0e+00 0.0e+00  0  0  0  0  0   0  0  0  0  0  3934   20426      0 0.00e+00    0 0.00e+00 100
VecCopy              185 1.0 3.4322e-03 1.0 0.00e+00 0.0 0.0e+00 0.0e+00 0.0e+00  0  0  0  0  0   0  0  0  0  0     0       0      0 0.00e+00    0 0.00e+00  0
VecSet                86 1.0 1.5136e-03 1.1 0.00e+00 0.0 0.0e+00 0.0e+00 0.0e+00  0  0  0  0  0   0  0  0  0  0     0       0      0 0.00e+00    0 0.00e+00  0
VecAXPY              160 1.0 2.8128e-03 1.1 1.59e+07 1.1 0.0e+00 0.0e+00 0.0e+00  0  0  0  0  0   0  0  0  0  0 43045   107807      0 0.00e+00    0 0.00e+00 100
VecAYPX              414 1.0 7.9250e-03 1.0 3.00e+07 1.1 0.0e+00 0.0e+00 0.0e+00  0  0  0  0  0   0  1  0  0  0 28836   62313      0 0.00e+00    0 0.00e+00 100
VecAXPBYCZ           114 1.0 2.2194e-03 1.0 1.90e+07 1.1 0.0e+00 0.0e+00 0.0e+00  0  0  0  0  0   0  0  0  0  0 65347   139740      0 0.00e+00    0 0.00e+00 100
VecAssemblyBegin      98 1.0 1.4689e-02 3.4 0.00e+00 0.0 0.0e+00 0.0e+00 0.0e+00  0  0  0  0  0   0  0  0  0  0     0       0      0 0.00e+00    0 0.00e+00  0
VecAssemblyEnd        98 1.0 4.2442e-05 1.1 0.00e+00 0.0 0.0e+00 0.0e+00 0.0e+00  0  0  0  0  0   0  0  0  0  0     0       0      0 0.00e+00    0 0.00e+00  0
VecPointwiseMult      52 1.0 9.3296e-04 1.2 1.10e+06 1.1 0.0e+00 0.0e+00 0.0e+00  0  0  0  0  0   0  0  0  0  0  9000   20879      0 0.00e+00    0 0.00e+00 100
VecReciprocal         10 1.0 2.1478e-04 1.0 0.00e+00 0.0 0.0e+00 0.0e+00 0.0e+00  0  0  0  0  0   0  0  0  0  0     0       0      0 0.00e+00    0 0.00e+00  0
VecSetValues      765059 1.1 4.6570e-02 1.1 0.00e+00 0.0 0.0e+00 0.0e+00 0.0e+00  0  0  0  0  0   1  0  0  0  0     0       0      0 0.00e+00    0 0.00e+00  0
VecScatterBegin      523 1.0 4.1364e-02 1.6 0.00e+00 0.0 2.4e+04 5.8e+03 0.0e+00  0  0 43 16  0   1  0 71 31  0     0       0      6 1.97e-01    0 0.00e+00  0
VecScatterEnd        523 1.0 3.2606e-02 2.1 2.23e+04 1.2 0.0e+00 0.0e+00 0.0e+00  0  0  0  0  0   1  0  0  0  0     5       0      2 4.35e-03    0 0.00e+00 100
MatMult             1028 1.0 8.5828e-02 1.0 4.29e+09 1.1 1.7e+04 6.9e+03 0.0e+00  0 41 31 13  0   3 84 51 26  0 375101   718342      6 1.97e-01    0 0.00e+00 100
MatMultAdd            57 1.0 1.1629e-02 1.1 1.14e+08 1.1 2.2e+03 6.0e+02 0.0e+00  0  1  4  0  0   0  2  7  0  0 74063   384409      0 0.00e+00    0 0.00e+00 100
MatMultTranspose      57 1.0 1.8912e-02 1.2 1.14e+08 1.1 2.2e+03 6.0e+02 0.0e+00  0  1  4  0  0   1  2  7  0  0 45550   201295      2 4.35e-03    0 0.00e+00 100
MatConvert            14 1.0 7.6795e-01 1.0 0.00e+00 0.0 6.8e+02 1.3e+02 3.3e+01  2  0  1  0 15  25  0  2  0 24     0       0      0 0.00e+00    9 2.53e+01  0
MatScale               9 1.0 4.4273e-03 1.1 7.04e+06 1.1 1.7e+02 1.9e+03 0.0e+00  0  0  0  0  0   0  0  0  0  0 11992   47529      0 0.00e+00    0 0.00e+00 43
MatResidual           57 1.0 1.4111e-02 1.0 7.17e+08 1.1 3.2e+03 6.3e+03 0.0e+00  0  7  6  2  0   0 14  9  4  0 381312   683062      0 0.00e+00    0 0.00e+00 100
MatAssemblyBegin      56 1.0 1.3252e-01 1.4 0.00e+00 0.0 6.8e+02 2.8e+05 0.0e+00  0  0  1 21  0   4  0  2 42  0     0       0      0 0.00e+00    0 0.00e+00  0
MatAssemblyEnd        56 1.0 2.5569e-01 1.5 0.00e+00 0.0 2.1e+03 4.6e+02 3.1e+01  0  0  4  0 14   7  0  6  0 22     0       0      0 0.00e+00    7 2.93e+00  0
MatSetValues     4013238 1.1 6.8534e-01 1.1 2.62e+06 1.1 0.0e+00 0.0e+00 0.0e+00  1  0  0  0  0  21  0  0  0  0    29       0      0 0.00e+00    0 0.00e+00  0
MatGetRow         399885 1.1 4.2676e-02 1.1 0.00e+00 0.0 0.0e+00 0.0e+00 0.0e+00  0  0  0  0  0   1  0  0  0  0     0       0      0 0.00e+00    0 0.00e+00  0
MatCreateSubMat        1 1.0 2.6923e-03 1.0 0.00e+00 0.0 6.2e+01 2.3e+01 1.1e+01  0  0  0  0  5   0  0  0  0  8     0       0      0 0.00e+00    1 5.72e-03  0
MatCoarsen             3 1.0 1.3331e-02 1.0 0.00e+00 0.0 1.5e+03 1.5e+03 1.8e+01  0  0  3  0  8   0  0  4  1 13     0       0      0 0.00e+00    0 0.00e+00  0
MatAXPY                6 1.0 8.8359e-01 1.0 2.62e+06 1.1 9.7e+02 2.6e+02 3.0e+01  2  0  2  0 14  28  0  3  0 22    22       0      0 0.00e+00    8 2.53e+01  0
MatTranspose           7 1.0 5.8944e-02 1.0 0.00e+00 0.0 1.4e+03 9.4e+03 1.5e+01  0  0  2  1  7   2  0  4  3 11     0       0      0 0.00e+00    0 0.00e+00  0
MatMatMultSym          3 1.0 1.5354e-01 1.0 0.00e+00 0.0 2.0e+03 3.6e+03 2.1e+01  0  0  4  1 10   5  0  6  2 15     0       0      0 0.00e+00   24 2.00e+02  0
MatMatMultNum          3 1.0 6.0100e-07 1.1 0.00e+00 0.0 0.0e+00 0.0e+00 0.0e+00  0  0  0  0  0   0  0  0  0  0     0       0      0 0.00e+00    0 0.00e+00  0
MatPtAPSymbolic        3 1.0 2.1632e-01 1.0 0.00e+00 0.0 3.0e+03 2.3e+04 2.1e+01  0  0  5  8 10   7  0  9 15 15     0       0      0 0.00e+00   24 2.11e+02  0
MatPtAPNumeric         3 1.0 6.0200e-07 1.2 0.00e+00 0.0 0.0e+00 0.0e+00 0.0e+00  0  0  0  0  0   0  0  0  0  0     0       0      0 0.00e+00    0 0.00e+00  0
MatTrnMatMultSym       1 1.0 8.7266e-01 1.0 0.00e+00 0.0 3.9e+02 5.5e+05 4.0e+00  2  0  1 24  2  28  0  1 48  3     0       0      0 0.00e+00    0 0.00e+00  0
MatGetLocalMat         1 1.0 2.9575e-03 1.1 0.00e+00 0.0 0.0e+00 0.0e+00 0.0e+00  0  0  0  0  0   0  0  0  0  0     0       0      0 0.00e+00    0 0.00e+00  0
MatCreateGraph         3 1.0 1.8274e-01 1.0 6.07e+06 1.1 2.0e+03 6.6e+03 2.1e+01  0  0  4  2 10   6  0  6  3 15   250       0      0 0.00e+00    4 5.21e+00  0
MatSetPreallCOO        6 1.0 3.8136e-02 1.0 0.00e+00 0.0 1.9e+03 5.2e+02 2.4e+01  0  0  3  0 11   1  0  6  0 17     0       0      0 0.00e+00   18 3.21e+01  0
MatSetValuesCOO        6 1.0 6.4662e-03 1.2 0.00e+00 0.0 1.2e+02 1.8e+05 0.0e+00  0  0  0  2  0   0  0  0  5  0     0       0      0 0.00e+00    0 0.00e+00  0
KSPSetUp               1 1.0 3.8933e-03 15.5 0.00e+00 0.0 0.0e+00 0.0e+00 0.0e+00  0  0  0  0  0   0  0  0  0  0     0       0      0 0.00e+00    0 0.00e+00  0
KSPSolve               1 1.0 1.1570e-01 1.0 3.88e+09 1.1 1.8e+04 5.5e+03 0.0e+00  0 37 33 11  0   4 76 54 22  0 251775   561082      2 4.35e-03    0 0.00e+00 100
SNESSolve              1 1.0 3.0866e+00 1.0 5.08e+09 1.1 3.4e+04 1.3e+04 1.4e+02  7 49 61 51 64 100 100 100 100 100 12424   243549     10 1.93e+00   73 4.49e+02 91
SNESSetUp              1 1.0 3.1196e-03 8.4 0.00e+00 0.0 0.0e+00 0.0e+00 0.0e+00  0  0  0  0  0   0  0  0  0  0     0       0      0 0.00e+00    0 0.00e+00  0
SNESFunctionEval       1 1.0 4.6352e-01 1.0 4.09e+08 1.0 3.8e+01 1.5e+04 0.0e+00  1  4  0  0  0  15  9  0  0  0  7061     964      2 1.72e+00    3 2.59e+00  0
PCSetUp_GAMG+          1 1.0 2.5144e+00 1.0 7.92e+08 1.1 1.6e+04 2.2e+04 1.4e+02  6  8 28 40 64  81 15 46 78 100  2363   63020      6 1.97e-01   70 4.46e+02 99
 PCGAMGCreateG         3 1.0 1.8274e-01 1.0 6.07e+06 1.1 2.0e+03 6.6e+03 2.1e+01  0  0  4  2 10   6  0  6  3 15   250       0      0 0.00e+00    4 5.21e+00  0
 GAMG Coarsen          6 1.0 9.1451e-01 1.0 0.00e+00 0.0 2.2e+03 1.0e+05 2.2e+01  2  0  4 25 10  30  0  6 49 16     0       0      0 0.00e+00    0 0.00e+00  0
  GAMG MIS/Agg         3 1.0 8.8753e-01 1.0 0.00e+00 0.0 1.9e+03 1.2e+05 2.2e+01  2  0  3 25 10  29  0  6 48 16     0       0      0 0.00e+00    0 0.00e+00  0
 PCGAMGProl            3 1.0 1.7293e-01 1.0 0.00e+00 0.0 2.2e+03 8.2e+03 9.0e+00  0  0  4  2  4   6  0  7  4  6     0       0      0 0.00e+00    3 2.66e-01  0
  GAMG Prol-col        3 1.0 8.6434e-02 1.0 0.00e+00 0.0 2.0e+03 7.2e+03 0.0e+00  0  0  4  2  0   3  0  6  3  0     0       0      0 0.00e+00    0 0.00e+00  0
  GAMG Prol-lift       3 1.0 8.2534e-02 1.0 0.00e+00 0.0 2.6e+02 1.6e+04 3.0e+00  0  0  0  0  1   3  0  1  1  2     0       0      0 0.00e+00    3 2.66e-01  0
 PCGAMGOptProl         3 1.0 9.9185e-01 1.0 3.91e+08 1.1 4.3e+03 4.1e+03 4.8e+01  2  4  8  2 22  32  8 13  4 35  2956   79012      6 1.97e-01   32 2.25e+02 100
  GAMG smooth          3 1.0 9.6238e-01 1.0 3.59e+06 1.1 2.6e+03 2.8e+03 4.8e+01  2  0  5  1 22  31  0  8  2 35    28     808      0 0.00e+00   32 2.25e+02 83
 PCGAMGCreateL         3 1.0 2.2006e-01 1.0 0.00e+00 0.0 3.1e+03 2.2e+04 3.8e+01  0  0  6  8 18   7  0  9 15 27     0       0      0 0.00e+00   25 2.11e+02  0
  GAMG PtAP            3 1.0 2.1635e-01 1.0 0.00e+00 0.0 3.0e+03 2.3e+04 2.1e+01  0  0  5  8 10   7  0  9 15 15     0       0      0 0.00e+00   24 2.11e+02  0
  GAMG Reduce          1 1.0 9.8064e-03 1.0 0.00e+00 0.0 6.4e+02 6.1e+02 2.4e+01  0  0  1  0 11   0  0  2  0 17     0       0      0 0.00e+00    9 3.86e-01  0
PCGAMG Squ l00         1 1.0 8.7266e-01 1.0 0.00e+00 0.0 3.9e+02 5.5e+05 4.0e+00  2  0  1 24  2  28  0  1 48  3     0       0      0 0.00e+00    0 0.00e+00  0
PCGAMG Gal l00         1 1.0 1.9140e-01 1.1 0.00e+00 0.0 1.2e+03 4.4e+04 7.0e+00  0  0  2  6  3   6  0  4 12  5     0       0      0 0.00e+00    8 2.01e+02  0
PCGAMG Opt l00         1 1.0 1.4020e-01 1.0 0.00e+00 0.0 7.2e+02 8.7e+03 7.0e+00  0  0  1  1  3   5  0  2  1  5     0       0      0 0.00e+00    8 1.92e+02  0
PCGAMG Gal l01         1 1.0 1.9222e-02 1.0 0.00e+00 0.0 1.2e+03 1.1e+04 7.0e+00  0  0  2  2  3   1  0  4  3  5     0       0      0 0.00e+00    8 9.74e+00  0
PCGAMG Opt l01         1 1.0 8.4538e-03 1.0 0.00e+00 0.0 7.3e+02 1.1e+03 7.0e+00  0  0  1  0  3   0  0  2  0  5     0       0      0 0.00e+00    8 6.87e+00  0
PCGAMG Gal l02         1 1.0 6.0648e-03 1.0 0.00e+00 0.0 5.7e+02 6.9e+02 7.0e+00  0  0  1  0  3   0  0  2  0  5     0       0      0 0.00e+00    8 3.80e-01  0
PCGAMG Opt l02         1 1.0 4.9422e-03 1.0 0.00e+00 0.0 5.7e+02 3.8e+02 7.0e+00  0  0  1  0  3   0  0  2  0  5     0       0      0 0.00e+00    8 3.52e-01  0
PCSetUp                1 1.0 2.5144e+00 1.0 7.92e+08 1.1 1.6e+04 2.2e+04 1.4e+02  6  8 28 40 64  81 15 46 78 100  2363   63020      6 1.97e-01   70 4.46e+02 99
PCApply               19 1.0 1.0256e-01 1.0 3.17e+09 1.1 1.7e+04 4.8e+03 0.0e+00  0 31 31  9  0   3 62 51 18  0 232089   544649      2 4.35e-03    0 0.00e+00 100

--- Event Stage 3: Hot Solve

DMPlexResidualFE       1 1.0 4.2803e-01 1.0 4.08e+08 1.0 0.0e+00 0.0e+00 0.0e+00  1  4  0  0  0  70  9  0  0  0  7627       0      0 0.00e+00    2 1.72e+00  0
SFBcastBegin           1 1.0 8.2279e-05 1.5 0.00e+00 0.0 1.9e+01 1.5e+04 0.0e+00  0  0  0  0  0   0  0  0  0  0     0       0      0 0.00e+00    0 0.00e+00  0
SFBcastEnd             1 1.0 3.0623e-04 35.5 0.00e+00 0.0 0.0e+00 0.0e+00 0.0e+00  0  0  0  0  0   0  0  0  0  0     0       0      0 0.00e+00    0 0.00e+00  0
SFReduceBegin          4 1.0 1.9397e-04 1.5 0.00e+00 0.0 1.4e+02 1.5e+05 0.0e+00  0  0  0  2  0   0  0  1 16  0     0       0      0 0.00e+00    0 0.00e+00  0
SFReduceEnd            4 1.0 3.2270e-03 2.4 9.51e+03 0.0 0.0e+00 0.0e+00 0.0e+00  0  0  0  0  0   0  0  0  0  0    11       0      0 0.00e+00    0 0.00e+00 100
SFPack               396 1.0 1.1267e-03 1.1 0.00e+00 0.0 0.0e+00 0.0e+00 0.0e+00  0  0  0  0  0   0  0  0  0  0     0       0      0 0.00e+00    0 0.00e+00  0
SFUnpack             396 1.0 3.3948e-04 1.3 3.16e+04 1.4 0.0e+00 0.0e+00 0.0e+00  0  0  0  0  0   0  0  0  0  0   597       0      0 0.00e+00    0 0.00e+00 100
VecTDot              109 1.0 8.3846e-03 1.2 1.25e+07 1.1 0.0e+00 0.0e+00 0.0e+00  0  0  0  0  0   1  0  0  0  0 11345   37397      0 0.00e+00    0 0.00e+00 100
VecNorm               53 1.0 8.4610e-03 1.9 6.14e+06 1.1 0.0e+00 0.0e+00 0.0e+00  0  0  0  0  0   1  0  0  0  0  5531   20721      0 0.00e+00    0 0.00e+00 100
VecCopy              179 1.0 3.2567e-03 1.0 0.00e+00 0.0 0.0e+00 0.0e+00 0.0e+00  0  0  0  0  0   1  0  0  0  0     0       0      0 0.00e+00    0 0.00e+00  0
VecSet                83 1.0 1.4333e-03 1.1 0.00e+00 0.0 0.0e+00 0.0e+00 0.0e+00  0  0  0  0  0   0  0  0  0  0     0       0      0 0.00e+00    0 0.00e+00  0
VecAXPY              100 1.0 1.7387e-03 1.1 1.19e+07 1.1 0.0e+00 0.0e+00 0.0e+00  0  0  0  0  0   0  0  0  0  0 52075   130261      0 0.00e+00    0 0.00e+00 100
VecAYPX              387 1.0 6.8564e-03 1.0 2.82e+07 1.1 0.0e+00 0.0e+00 0.0e+00  0  0  0  0  0   1  1  0  0  0 31326   76578      0 0.00e+00    0 0.00e+00 100
VecAXPBYCZ           114 1.0 1.9736e-03 1.0 1.90e+07 1.1 0.0e+00 0.0e+00 0.0e+00  0  0  0  0  0   0  0  0  0  0 73487   180363      0 0.00e+00    0 0.00e+00 100
VecPointwiseMult      19 1.0 3.3020e-04 1.4 3.42e+02 0.0 0.0e+00 0.0e+00 0.0e+00  0  0  0  0  0   0  0  0  0  0     1       3      0 0.00e+00    0 0.00e+00 100
VecReciprocal          1 1.0 1.7974e-05 1.5 0.00e+00 0.0 0.0e+00 0.0e+00 0.0e+00  0  0  0  0  0   0  0  0  0  0     0       0      0 0.00e+00    0 0.00e+00  0
VecScatterBegin      391 1.0 2.1785e-02 1.3 0.00e+00 0.0 2.0e+04 5.5e+03 0.0e+00  0  0 36 13  0   3  0 99 84  0     0       0      0 0.00e+00    0 0.00e+00  0
VecScatterEnd        391 1.0 1.4710e-02 1.7 2.23e+04 1.2 0.0e+00 0.0e+00 0.0e+00  0  0  0  0  0   2  0  0  0  0    11       0      0 0.00e+00    0 0.00e+00 100
MatMult              998 1.0 6.8132e-02 1.0 3.91e+09 1.1 1.6e+04 7.0e+03 0.0e+00  0 38 28 12  0  11 83 77 82  0 431185   720177      0 0.00e+00    0 0.00e+00 100
MatMultAdd            57 1.0 8.1679e-03 1.1 1.14e+08 1.1 2.2e+03 6.0e+02 0.0e+00  0  1  4  0  0   1  2 11  1  0 105445   390171      0 0.00e+00    0 0.00e+00 100
MatMultTranspose      57 1.0 9.7042e-03 1.2 1.14e+08 1.1 2.2e+03 6.0e+02 0.0e+00  0  1  4  0  0   1  2 11  1  0 88768   203363      0 0.00e+00    0 0.00e+00 100
MatResidual           57 1.0 1.4134e-02 1.0 7.17e+08 1.1 3.2e+03 6.3e+03 0.0e+00  0  7  6  2  0   2 15 16 15  0 380678   681503      0 0.00e+00    0 0.00e+00 100
MatAssemblyBegin       3 1.0 7.3100e-07 1.7 0.00e+00 0.0 0.0e+00 0.0e+00 0.0e+00  0  0  0  0  0   0  0  0  0  0     0       0      0 0.00e+00    0 0.00e+00  0
MatAssemblyEnd         3 1.0 2.2140e-06 1.3 0.00e+00 0.0 0.0e+00 0.0e+00 0.0e+00  0  0  0  0  0   0  0  0  0  0     0       0      0 0.00e+00    0 0.00e+00  0
MatPtAPNumeric         3 1.0 1.8813e-02 1.1 0.00e+00 0.0 1.2e+02 1.8e+05 0.0e+00  0  0  0  2  0   3  0  1 15  0     0       0      0 0.00e+00    0 0.00e+00  0
MatSetValuesCOO        3 1.0 3.2061e-03 10.4 0.00e+00 0.0 1.2e+02 1.8e+05 0.0e+00  0  0  0  2  0   0  0  1 15  0     0       0      0 0.00e+00    0 0.00e+00  0
KSPSetUp               1 1.0 3.7100e-07 2.2 0.00e+00 0.0 0.0e+00 0.0e+00 0.0e+00  0  0  0  0  0   0  0  0  0  0     0       0      0 0.00e+00    0 0.00e+00  0
KSPSolve               1 1.0 1.0120e-01 1.0 3.88e+09 1.1 1.8e+04 5.5e+03 0.0e+00  0 37 33 11  0  17 82 91 76  0 287845   564967      0 0.00e+00    0 0.00e+00 100
SNESSolve              1 1.0 6.0908e-01 1.0 4.68e+09 1.1 2.0e+04 6.5e+03 0.0e+00  1 46 36 15  0 100 100 100 100  0 58071   422474      5 4.05e+00    6 1.35e+02 91
SNESFunctionEval       1 1.0 4.5444e-01 1.0 4.09e+08 1.0 3.8e+01 1.5e+04 0.0e+00  1  4  0  0  0  75  9  0  0  0  7202    1371      2 1.72e+00    3 2.59e+00  0
PCSetUp_GAMG+          1 1.0 5.4805e-02 1.0 3.95e+08 1.1 1.8e+03 1.7e+04 0.0e+00  0  4  3  4  0   9  8  9 24  0 54084   116140      3 2.33e+00    3 1.33e+02 100
PCGAMG Gal l00         1 1.0 1.4439e-02 1.1 0.00e+00 0.0 5.3e+01 2.9e+05 0.0e+00  0  0  0  2  0   2  0  0 12  0     0       0      0 0.00e+00    0 0.00e+00  0
PCGAMG Gal l01         1 1.0 4.1903e-03 1.0 0.00e+00 0.0 5.6e+01 8.6e+04 0.0e+00  0  0  0  1  0   1  0  0  4  0     0       0      0 0.00e+00    0 0.00e+00  0
PCGAMG Gal l02         1 1.0 2.7023e-04 1.4 0.00e+00 0.0 7.0e+00 2.2e+03 0.0e+00  0  0  0  0  0   0  0  0  0  0     0       0      0 0.00e+00    0 0.00e+00  0
PCSetUp                1 1.0 5.4808e-02 1.0 3.95e+08 1.1 1.8e+03 1.7e+04 0.0e+00  0  4  3  4  0   9  8  9 24  0 54082   116140      3 2.33e+00    3 1.33e+02 100
PCApply               19 1.0 8.8078e-02 1.0 3.17e+09 1.1 1.7e+04 4.8e+03 0.0e+00  0 31 31  9  0  14 67 86 63  0 270244   549056      0 0.00e+00    0 0.00e+00 100
---------------------------------------------------------------------------------------------------------------------------------------------------------------

Object Type          Creations   Destructions. Reports information only for process 0.

--- Event Stage 0: Main Stage

           Container     2             40
    Distributed Mesh     0             38
            DM Label     0             57
          Quadrature     1            236
           Index Set    27            124
   IS L to G Mapping     0             97
             Section     0            114
   Star Forest Graph     1             76
     Discrete System     0             38
           Weak Form     0             39
    GraphPartitioner     0             15
              Vector     3             71
        Linear Space     0              6
          Dual Space     0             16
            FE Space     0              4
              Matrix     7             73
      Matrix Coarsen     0              1
   Matrix Null Space     0              1
                SNES     0              1
              DMSNES     0              1
       Krylov Solver     0              8
     DMKSP interface     0              1
       Field over DM     1              1
      Preconditioner     0              5
              Viewer     0              1

--- Event Stage 1: Mesh Setup

           Container    93             61
    Distributed Mesh   118             82
            DM Label   296            239
          Quadrature   533            298
           Index Set  1338           1241
   IS L to G Mapping   290            193
             Section   390            276
   Star Forest Graph   313            254
     Discrete System   175            139
           Weak Form   177            140
    GraphPartitioner    53             38
              Vector    78             51
  PetscDeviceContext     1              0
        Linear Space    12              6
          Dual Space    63             47
            FE Space     6              2
              Matrix   178            151
   Matrix Null Space     1              0
                SNES     1              0
              DMSNES     1              0
       Krylov Solver     1              0
       Field over DM     1              1
      Preconditioner     1              0
              Viewer     1              0

--- Event Stage 2: Solve 0

           Container    28             22
    Distributed Mesh     2              0
          Quadrature     1              1
           Index Set   137            137
             Section    12             12
   Star Forest Graph    86             70
     Discrete System     2              0
           Weak Form     2              0
              Vector   262            221
              Matrix   235            196
      Matrix Coarsen     3              2
       Krylov Solver    11              4
     DMKSP interface     1              0
      Preconditioner    11              7
         PetscRandom     3              3

--- Event Stage 3: Hot Solve

          Quadrature     1              1
           Index Set    33             33
              Vector     9              9
========================================================================================================================
Average time to get PetscTime(): 3.2e-08
Average time for MPI_Barrier(): 1.38648e-05
Average time for zero size MPI_Send(): 1.19806e-05
#PETSc Option Table entries:
-block_mat_type mpibaijkokkos # (source: command line)
-dm_mat_type mpiaij # (source: command line)
-dm_plex_box_faces 32,32,32 # (source: command line)
-dm_plex_dim 3 # (source: command line)
-dm_plex_simplex 0 # (source: command line)
-dm_vec_type kokkos # (source: command line)
-ksp_converged_reason # (source: command line)
-ksp_norm_type unpreconditioned # (source: command line)
-ksp_rtol 1e-6 # (source: command line)
-ksp_type cg # (source: command line)
-log_view # (source: command line)
-log_view_gpu_time # (source: command line)
-max_conv_its 1 # (source: command line)
-mg_coarse_pc_type jacobi # (source: command line)
-mg_levels_ksp_type chebyshev # (source: command line)
-mg_levels_pc_type pbjacobi # (source: command line)
-n_solves 2 # (source: command line)
-pc_gamg_agg_nsmooths 1 # (source: command line)
-pc_gamg_reuse_interpolation true # (source: command line)
-pc_gamg_type agg # (source: command line)
-pc_type gamg # (source: command line)
-petscpartitioner_simple_process_grid 2,2,2 # (source: command line)
-petscspace_degree 2 # (source: command line)
-run_type 1 # (source: command line)
-snes_lag_jacobian -2 # (source: command line)
-snes_type ksponly # (source: command line)
-use_mat_nearnullspace true # (source: command line)
#End of PETSc Option Table entries
Compiled without FORTRAN kernels
Compiled with full precision matrices (default)
sizeof(short) 2 sizeof(int) 4 sizeof(long) 8 sizeof(void*) 8 sizeof(PetscScalar) 8 sizeof(PetscInt) 4
Configure options: --with-make-np=8 --with-mpiexec="srun -G4 --gpu-bind=none" --with-batch=0 --download-triangle=1 --with-cc=cc --with-cxx=CC --with-fc=0 --with-debugging=0 --with-cuda=1 --with-cuda-arch=80 --download-kokkos --download-kokkos-kernels --force PETSC_ARCH=arch-perlmutter-opt-gcc-kokkos-cuda
-----------------------------------------
Libraries compiled on 2026-06-22 11:34:59 on login15
Machine characteristics: Linux-6.4.0-150600.23.103_15.0.24-cray_shasta_c-x86_64-with-glibc2.3.4
Using PETSc directory: /global/u2/m/madams/petsc
Using PETSc arch: arch-perlmutter-opt-gcc-kokkos-cuda
-----------------------------------------

Using C compiler: cc  -fPIC -Wall -Wwrite-strings -Wno-unknown-pragmas -Wno-lto-type-mismatch -Wno-stringop-overflow -fstack-protector -fvisibility=hidden -g -O 
-----------------------------------------

Using include paths: -I/global/u2/m/madams/petsc/include -I/global/u2/m/madams/petsc/arch-perlmutter-opt-gcc-kokkos-cuda/include -I/opt/nvidia/hpc_sdk/Linux_x86_64/25.5/cuda/12.9/include -I/opt/nvidia/hpc_sdk/Linux_x86_64/25.5/math_libs/12.9/include
-----------------------------------------

Using C linker: cc
Using libraries: -Wl,-rpath,/global/u2/m/madams/petsc/arch-perlmutter-opt-gcc-kokkos-cuda/lib -L/global/u2/m/madams/petsc/arch-perlmutter-opt-gcc-kokkos-cuda/lib -lpetsc -Wl,-rpath,/global/u2/m/madams/petsc/arch-perlmutter-opt-gcc-kokkos-cuda/lib -L/global/u2/m/madams/petsc/arch-perlmutter-opt-gcc-kokkos-cuda/lib -Wl,-rpath,/opt/nvidia/hpc_sdk/Linux_x86_64/25.5/cuda/12.9/lib64 -L/opt/nvidia/hpc_sdk/Linux_x86_64/25.5/cuda/12.9/lib64 -Wl,-rpath,/opt/nvidia/hpc_sdk/Linux_x86_64/25.5/math_libs/12.9/lib64 -L/opt/nvidia/hpc_sdk/Linux_x86_64/25.5/math_libs/12.9/lib64 -L/opt/nvidia/hpc_sdk/Linux_x86_64/25.5/cuda/12.9/lib64/stubs -lkokkoskernels -lkokkoscontainers -lkokkoscore -lkokkossimd -ltriangle -lcudart -lnvtx3interop -lcufft -lcublas -lcusparse -lcusolver -lcurand -lcuda -lnvidia-ml -lX11 -lstdc++ -lquadmath
-----------------------------------------

    Linear solve converged due to CONVERGED_RTOL iterations 19
    Linear solve converged due to CONVERGED_RTOL iterations 19
[0] 0) N=      750141, max displ=5.9664262e+01, error=8.950e-02
****************************************************************************************************************************************************************
***                                WIDEN YOUR WINDOW TO 160 CHARACTERS.  Use 'enscript -r -fCourier9' to print this document                                 ***
****************************************************************************************************************************************************************

------------------------------------------------------------------ PETSc Performance Summary: ------------------------------------------------------------------

/global/homes/m/madams/petsc/arch-perlmutter-opt-gcc-kokkos-cuda/tests/snes/tutorials/ex56 on a arch-perlmutter-opt-gcc-kokkos-cuda named nid001161 with 8 processes and CUDA architecture 80, by madams on Mon Jun 22 08:21:53 2026
Using PETSc Development Git Revision: v3.25.2-340-g83d2bd4a8b4 Git Date: 2026-06-21 14:23:19 -0400

                         Max       Max/Min     Avg       Total
Time (sec):           4.955e+01     1.001   4.954e+01
Objects:              0.000e+00     0.000   0.000e+00
Flops:                1.026e+10     1.112   9.712e+09  7.770e+10
Flops/sec:            2.070e+08     1.111   1.961e+08  1.568e+09
MPI Msg Count:        6.924e+03     1.084   6.514e+03  5.211e+04
MPI Msg Len (bytes):  1.261e+08     1.116   1.794e+04  9.346e+08
MPI Reductions:       1.520e+02     1.000

Flop counting convention: 1 flop = 1 real number operation of type (multiply/divide/add/subtract)
                            e.g., VecAXPY() for real vectors of length N --> 2N flops
                            and VecAXPY() for complex vectors of length N --> 8N flops

Summary of Stages:   ----- Time ------  ----- Flop ------  --- Messages ---  -- Message Lengths --  -- Reductions --
                        Avg     %Total     Avg     %Total    Count   %Total     Avg         %Total    Count   %Total
 0:      Main Stage: 3.9446e+01  79.6%  3.6441e+09   4.7%  9.500e+01   0.2%  8.534e+05        8.7%  3.000e+00   2.0%
 1:      Mesh Setup: 3.1133e+00   6.3%  3.2879e+08   0.4%  1.682e+03   3.2%  1.296e+05       23.3%  5.400e+01  35.5%
 2:         Solve 0: 6.4224e+00  13.0%  3.8355e+10  49.4%  3.009e+04  57.7%  1.530e+04       49.3%  7.800e+01  51.3%
 3:       Hot Solve: 5.5522e-01   1.1%  3.5370e+10  45.5%  2.024e+04  38.8%  8.648e+03       18.7%  0.000e+00   0.0%

------------------------------------------------------------------------------------------------------------------------
See the 'Profiling' chapter of the users' manual for details on interpreting output.
Phase summary info:
   Count: number of times phase was executed
   Time and Flop: Max - maximum over all processes
                  Ratio - ratio of maximum to minimum over all processes
   Mess: number of messages sent
   AvgLen: average message length (bytes)
   Reduct: number of global reductions
   Global: entire computation
   Stage: stages of a computation. Set stages with PetscLogStagePush() and PetscLogStagePop().
      %T - percent time in this phase         %F - percent flop in this phase
      %M - percent messages in this phase     %L - percent message lengths in this phase
      %R - percent reductions in this phase
   Total Mflop/s: 1e-6 * (sum of flop over all processes)/(max time over all processes)
   GPU Mflop/s: 1e-6 * (sum of flop on GPU over all processes)/(max GPU time over all processes)
   CpuToGpu Count: total number of CPU to GPU copies per processor
   CpuToGpu Size (Mbytes): 1e-6 * (total size of CPU to GPU copies per processor)
   GpuToCpu Count: total number of GPU to CPU copies per processor
   GpuToCpu Size (Mbytes): 1e-6 * (total size of GPU to CPU copies per processor)
   GPU %F: percent flops on GPU in this event
------------------------------------------------------------------------------------------------------------------------
Event                Count      Time (sec)     Flop                              --- Global ---  --- Stage ----  Total   GPU    - CpuToGpu -   - GpuToCpu - GPU
                   Max Ratio  Max     Ratio   Max  Ratio  Mess   AvgLen  Reduct  %T %F %M %L %R  %T %F %M %L %R Mflop/s Mflop/s Count   Size   Count   Size  %F
---------------------------------------------------------------------------------------------------------------------------------------------------------------

--- Event Stage 0: Main Stage

BuildTwoSided          2 1.0 8.7637e-02 288.1 0.00e+00 0.0 3.8e+01 4.0e+00 0.0e+00  0  0  0  0  0   0  0 40  0  0     0       0      0 0.00e+00    0 0.00e+00  0
BuildTwoSidedF         1 1.0 8.9819e-02 173.3 0.00e+00 0.0 3.8e+01 2.1e+06 0.0e+00  0  0  0  9  0   0  0 40 99  0     0       0      0 0.00e+00    0 0.00e+00  0
DMPlexJacobianFE       1 1.0 4.1089e+01 1.1 4.39e+08 1.0 3.8e+01 2.1e+06 0.0e+00 79  5  0  9  0 100 96 40 99  0    85       0      0 0.00e+00    3 1.36e+02  0
SFSetGraph             1 1.0 8.6633e-04 1.0 0.00e+00 0.0 0.0e+00 0.0e+00 0.0e+00  0  0  0  0  0   0  0  0  0  0     0       0      0 0.00e+00    0 0.00e+00  0
SFSetUp                1 1.0 3.3466e-03 1.2 0.00e+00 0.0 3.8e+01 3.8e+03 0.0e+00  0  0  0  0  0   0  0 40  0  0     0       0      0 0.00e+00    0 0.00e+00  0
SFBcastBegin           1 1.0 8.2069e-03 1.5 0.00e+00 0.0 1.9e+01 1.5e+04 0.0e+00  0  0  0  0  0   0  0 20  0  0     0       0      2 3.93e-01    0 0.00e+00  0
SFBcastEnd             1 1.0 2.4487e-03 49.8 0.00e+00 0.0 0.0e+00 0.0e+00 0.0e+00  0  0  0  0  0   0  0  0  0  0     0       0      1 1.81e-02    0 0.00e+00  0
SFPack                 1 1.0 4.9192e-03 35137.3 0.00e+00 0.0 0.0e+00 0.0e+00 0.0e+00  0  0  0  0  0   0  0  0  0  0     0       0      1 1.81e-02    0 0.00e+00  0
SFUnpack               1 1.0 7.0656e-05 153.3 0.00e+00 0.0 0.0e+00 0.0e+00 0.0e+00  0  0  0  0  0   0  0  0  0  0     0       0      1 1.81e-02    0 0.00e+00  0
VecNorm                1 1.0 2.6968e-04 1.1 0.00e+00 0.0 0.0e+00 0.0e+00 0.0e+00  0  0  0  0  0   0  0  0  0  0     0       0      0 0.00e+00    0 0.00e+00  0
VecSet                 2 1.0 1.4829e-05 1.4 0.00e+00 0.0 0.0e+00 0.0e+00 0.0e+00  0  0  0  0  0   0  0  0  0  0     0       0      0 0.00e+00    0 0.00e+00  0
DCtxDestroy            1 1.0 2.7413e-05 1.2 0.00e+00 0.0 0.0e+00 0.0e+00 0.0e+00  0  0  0  0  0   0  0  0  0  0     0       0      0 0.00e+00    0 0.00e+00  0
MatMult              721 1.0 1.9532e-04 1.1 5.84e+04 1.0 0.0e+00 0.0e+00 0.0e+00  0  0  0  0  0   0  0  0  0  0  2392       0      0 0.00e+00    0 0.00e+00  0
MatScale               1 1.0 7.5850e-06 1.2 1.80e+07 1.1 0.0e+00 0.0e+00 0.0e+00  0  0  0  0  0   0  4  0  0  0 17880423       0      0 0.00e+00    0 0.00e+00 100
MatAssemblyBegin       1 1.0 8.9845e-02 1.0 0.00e+00 0.0 3.8e+01 2.1e+06 0.0e+00  0  0  0  9  0   0  0 40 99  0     0       0      0 0.00e+00    0 0.00e+00  0
MatAssemblyEnd         1 1.0 3.5991e+00 2520.9 1.28e+06 0.0 0.0e+00 0.0e+00 0.0e+00  4  0  0  0  0   4  0  0  0  0     1       0      0 0.00e+00    0 0.00e+00  0
MatSetValues        4096 1.0 3.2207e-01 1.0 2.42e+07 1.1 0.0e+00 0.0e+00 0.0e+00  1  0  0  0  0   1  5  0  0  0   581       0      0 0.00e+00    2 1.36e+02  0
MatZeroEntries         1 1.0 1.4889e-05 1.2 0.00e+00 0.0 0.0e+00 0.0e+00 0.0e+00  0  0  0  0  0   0  0  0  0  0     0       0      0 0.00e+00    0 0.00e+00  0
SNESJacobianEval       1 1.0 4.1128e+01 1.1 4.40e+08 1.0 9.5e+01 8.5e+05 1.0e+00 79  5  0  9  1 100 96 100 100 33    85       0      4 1.27e+00    4 1.37e+02  0

--- Event Stage 1: Mesh Setup

BuildTwoSided         23 1.0 3.9741e-01 7.0 0.00e+00 0.0 3.7e+02 4.0e+00 0.0e+00  0  0  1  0  0   4  0 22  0  0     0       0      0 0.00e+00    0 0.00e+00  0
BuildTwoSidedF         1 1.0 3.1914e-02 471.5 0.00e+00 0.0 0.0e+00 0.0e+00 0.0e+00  0  0  0  0  0   0  0  0  0  0     0       0      0 0.00e+00    0 0.00e+00  0
DMCreateMat            1 1.0 1.1728e+00 1.0 0.00e+00 0.0 4.7e+02 3.9e+05 4.0e+00  2  0  1 20  3  38  0 28 84  7     0       0      0 0.00e+00    0 0.00e+00  0
DMProjectFunc          6 1.0 3.7901e-01 1.0 3.46e+07 1.0 0.0e+00 0.0e+00 1.0e+00  1  0  0  0  1  12 84  0  0  2   730       0      0 0.00e+00    6 5.17e+00  0
DMPlexCrFromOpts       1 1.0 3.8073e-02 1.0 0.00e+00 0.0 0.0e+00 0.0e+00 0.0e+00  0  0  0  0  0   1  0  0  0  0     0       0      0 0.00e+00    0 0.00e+00  0
Mesh Partition         1 1.0 8.7523e-02 1.0 0.00e+00 0.0 3.5e+01 1.5e+05 3.0e+00  0  0  0  1  2   3  0  2  2  6     0       0      0 0.00e+00    0 0.00e+00  0
Mesh Migration         1 1.0 5.3288e-01 1.0 0.00e+00 0.0 2.0e+02 1.1e+05 1.6e+01  1  0  0  2 11  17  0 12 10 30     0       0      0 0.00e+00    0 0.00e+00  0
DMPlexPartSelf         1 1.0 3.4887e-02 3361.0 0.00e+00 0.0 0.0e+00 0.0e+00 0.0e+00  0  0  0  0  0   0  0  0  0  0     0       0      0 0.00e+00    0 0.00e+00  0
DMPlexPartLblInv       1 1.0 3.8763e-02 12.0 0.00e+00 0.0 0.0e+00 0.0e+00 2.0e+00  0  0  0  0  1   1  0  0  1  4     0       0      0 0.00e+00    0 0.00e+00  0
DMPlexPartLblSF        1 1.0 4.3165e-03 1.3 0.00e+00 0.0 1.4e+01 7.2e+04 0.0e+00  0  0  0  0  0   0  0  1  0  0     0       0      0 0.00e+00    0 0.00e+00  0
DMPlexPartStrtSF       1 1.0 4.1678e-02 1.0 0.00e+00 0.0 7.0e+00 2.9e+05 0.0e+00  0  0  0  0  0   1  0  0  1  0     0       0      0 0.00e+00    0 0.00e+00  0
DMPlexPointSF          1 1.0 8.0687e-01 1.0 0.00e+00 0.0 1.4e+01 3.6e+05 0.0e+00  2  0  0  1  0  26  0  1  2  0     0       0      0 0.00e+00    0 0.00e+00  0
DMPlexInterp          36 1.0 2.6491e-03 1.0 0.00e+00 0.0 0.0e+00 0.0e+00 0.0e+00  0  0  0  0  0   0  0  0  0  0     0       0      0 0.00e+00    0 0.00e+00  0
DMPlexDistribute       1 1.0 1.4275e+00 1.0 0.00e+00 0.0 2.5e+02 1.3e+05 2.1e+01  3  0  0  3 14  46  0 15 15 39     0       0      0 0.00e+00    0 0.00e+00  0
DMPlexDistCones        1 1.0 1.3241e-02 1.0 0.00e+00 0.0 4.2e+01 2.6e+05 0.0e+00  0  0  0  1  0   0  0  2  5  0     0       0      0 0.00e+00    0 0.00e+00  0
DMPlexDistLabels       1 1.0 3.3682e-02 1.0 0.00e+00 0.0 1.0e+02 7.9e+04 1.4e+01  0  0  0  1  9   1  0  6  4 26     0       0      0 0.00e+00    0 0.00e+00  0
DMPlexDistField        1 1.0 4.8023e-01 1.0 0.00e+00 0.0 4.9e+01 3.9e+04 0.0e+00  1  0  0  0  0  15  0  3  1  0     0       0      0 0.00e+00    0 0.00e+00  0
DMPlexStratify        53 1.0 3.8290e-02 3.0 0.00e+00 0.0 0.0e+00 0.0e+00 0.0e+00  0  0  0  0  0   1  0  0  0  0     0       0      0 0.00e+00    0 0.00e+00  0
DMPlexSymmetrize      53 1.0 1.4101e-02 11.8 0.00e+00 0.0 0.0e+00 0.0e+00 0.0e+00  0  0  0  0  0   0  0  0  0  0     0       0      0 0.00e+00    0 0.00e+00  0
DMPlexPrealloc         1 1.0 1.1699e+00 1.0 0.00e+00 0.0 4.7e+02 3.9e+05 4.0e+00  2  0  1 20  3  38  0 28 84  7     0       0      0 0.00e+00    0 0.00e+00  0
DMPlexGenerate         1 1.0 3.8032e-02 1.0 0.00e+00 0.0 0.0e+00 0.0e+00 0.0e+00  0  0  0  0  0   1  0  0  0  0     0       0      0 0.00e+00    0 0.00e+00  0
SFSetGraph            27 1.0 1.5424e-02 5.7 0.00e+00 0.0 0.0e+00 0.0e+00 0.0e+00  0  0  0  0  0   0  0  0  0  0     0       0      0 0.00e+00    0 0.00e+00  0
SFSetUp               22 1.0 4.8440e-01 4.8 0.00e+00 0.0 7.3e+02 9.3e+04 0.0e+00  0  0  1  7  0   6  0 44 31  0     0       0      0 0.00e+00    0 0.00e+00  0
SFBcastBegin          49 1.0 7.3062e-03 10.3 0.00e+00 0.0 6.8e+02 6.4e+04 0.0e+00  0  0  1  5  0   0  0 40 20  0     0       0      0 0.00e+00    0 0.00e+00  0
SFBcastEnd            49 1.0 8.8320e-01 24.7 0.00e+00 0.0 0.0e+00 0.0e+00 0.0e+00  1  0  0  0  0  24  0  0  0  0     0       0      0 0.00e+00    0 0.00e+00  0
SFReduceBegin         11 1.0 1.0511e-01 168.6 0.00e+00 0.0 2.0e+02 3.3e+05 0.0e+00  0  0  0  7  0   0  0 12 30  0     0       0      0 0.00e+00    0 0.00e+00  0
SFReduceEnd           11 1.0 7.2959e-01 87.1 0.00e+00 0.0 0.0e+00 0.0e+00 0.0e+00  0  0  0  0  0   5  0  0  0  0     0       0      0 0.00e+00    0 0.00e+00  0
SFFetchOpBegin         2 1.0 9.6112e-04 36.1 0.00e+00 0.0 3.8e+01 5.4e+05 0.0e+00  0  0  0  2  0   0  0  2  9  0     0       0      0 0.00e+00    0 0.00e+00  0
SFFetchOpEnd           2 1.0 7.9500e-03 3.9 0.00e+00 0.0 3.8e+01 5.4e+05 0.0e+00  0  0  0  2  0   0  0  2  9  0     0       0      0 0.00e+00    0 0.00e+00  0
SFCreateEmbed          3 1.0 1.7753e-02 28.1 0.00e+00 0.0 4.5e+01 6.7e+03 0.0e+00  0  0  0  0  0   0  0  3  0  0     0       0      0 0.00e+00    0 0.00e+00  0
SFDistSection          9 1.0 9.5089e-03 1.9 0.00e+00 0.0 3.1e+02 3.0e+04 0.0e+00  0  0  1  1  0   0  0 19  4  0     0       0      0 0.00e+00    0 0.00e+00  0
SFSectionSF           11 1.0 4.3271e-01 9.9 0.00e+00 0.0 2.9e+02 8.6e+04 0.0e+00  0  0  1  3  0   5  0 17 11  0     0       0      0 0.00e+00    0 0.00e+00  0
SFRemoteOff            2 1.0 1.7602e-02 18.7 0.00e+00 0.0 7.6e+01 3.4e+03 0.0e+00  0  0  0  0  0   0  0  5  0  0     0       0      0 0.00e+00    0 0.00e+00  0
SFPack                62 1.0 8.2121e-03 14.7 0.00e+00 0.0 0.0e+00 0.0e+00 0.0e+00  0  0  0  0  0   0  0  0  0  0     0       0      0 0.00e+00    0 0.00e+00  0
SFUnpack              64 1.0 7.0585e-01 294.2 0.00e+00 0.0 0.0e+00 0.0e+00 0.0e+00  0  0  0  0  0   3  0  0  0  0     0       0      0 0.00e+00    0 0.00e+00  0
VecMDot                5 1.0 2.0462e-02 1.0 2.95e+06 1.1 0.0e+00 0.0e+00 0.0e+00  0  0  0  0  0   1  7  0  0  0  1100       0      0 0.00e+00    6 9.60e-05 100
VecNorm                6 1.0 2.9569e-02 1.1 1.18e+06 1.1 0.0e+00 0.0e+00 0.0e+00  0  0  0  0  0   1  3  0  0  0   304       0      0 0.00e+00    0 0.00e+00 100
VecScale               6 1.0 1.6711e-04 1.1 5.90e+05 1.1 0.0e+00 0.0e+00 0.0e+00  0  0  0  0  0   0  1  0  0  0 26933       0      0 0.00e+00    0 0.00e+00 100
VecCopy                1 1.0 3.4447e-05 5.6 0.00e+00 0.0 0.0e+00 0.0e+00 0.0e+00  0  0  0  0  0   0  0  0  0  0     0       0      0 0.00e+00    0 0.00e+00  0
VecSet                 8 1.0 9.3813e-05 1.2 0.00e+00 0.0 0.0e+00 0.0e+00 0.0e+00  0  0  0  0  0   0  0  0  0  0     0       0      0 0.00e+00    0 0.00e+00  0
VecAXPY                8 1.0 4.1135e-04 1.1 1.57e+06 1.1 0.0e+00 0.0e+00 0.0e+00  0  0  0  0  0   0  4  0  0  0 29177       0      0 0.00e+00    0 0.00e+00 100
VecNormalize           6 1.0 2.9763e-02 1.1 1.77e+06 1.1 0.0e+00 0.0e+00 0.0e+00  0  0  0  0  0   1  4  0  0  0   454       0      0 0.00e+00    0 0.00e+00 100
DCtxCreate             1 1.0 1.8286e-05 2.0 0.00e+00 0.0 0.0e+00 0.0e+00 0.0e+00  0  0  0  0  0   0  0  0  0  0     0       0      0 0.00e+00    0 0.00e+00  0
DCtxSetUp              1 1.0 1.6612e-05 2.1 0.00e+00 0.0 0.0e+00 0.0e+00 0.0e+00  0  0  0  0  0   0  0  0  0  0     0       0      0 0.00e+00    0 0.00e+00  0
DCtxSetDevice          1 1.0 1.5861e-05 1.3 0.00e+00 0.0 0.0e+00 0.0e+00 0.0e+00  0  0  0  0  0   0  0  0  0  0     0       0      0 0.00e+00    0 0.00e+00  0
DualSpaceSetUp         6 1.0 1.4554e-02 1.0 3.61e+03 1.0 0.0e+00 0.0e+00 0.0e+00  0  0  0  0  0   0  0  0  0  0     2       0      0 0.00e+00    0 0.00e+00  0
FESetUp                6 1.0 5.8504e-04 1.1 0.00e+00 0.0 0.0e+00 0.0e+00 0.0e+00  0  0  0  0  0   0  0  0  0  0     0       0      0 0.00e+00    0 0.00e+00  0
MatMult            24576 1.0 5.6121e-03 1.0 1.99e+06 1.0 0.0e+00 0.0e+00 0.0e+00  0  0  0  0  0   0  5  0  0  0  2838       0      0 0.00e+00    0 0.00e+00  0
MatAssemblyBegin      68 1.0 3.1961e-02 298.3 0.00e+00 0.0 0.0e+00 0.0e+00 0.0e+00  0  0  0  0  0   0  0  0  0  0     0       0      0 0.00e+00    0 0.00e+00  0
MatAssemblyEnd        68 1.0 3.1766e-02 1.0 0.00e+00 0.0 1.1e+02 4.0e+03 1.0e+00  0  0  0  0  1   1  0  7  0  2     0       0      0 0.00e+00    0 0.00e+00  0
MatSetPreallCOO       36 1.0 7.0917e-05 1.1 0.00e+00 0.0 0.0e+00 0.0e+00 0.0e+00  0  0  0  0  0   0  0  0  0  0     0       0      0 0.00e+00    0 0.00e+00  0
MatSetValuesCOO       36 1.0 4.6302e-05 1.1 0.00e+00 0.0 0.0e+00 0.0e+00 0.0e+00  0  0  0  0  0   0  0  0  0  0     0       0      0 0.00e+00    0 0.00e+00  0

--- Event Stage 2: Solve 0

BuildTwoSided        149 1.0 1.7088e-01 9.2 0.00e+00 0.0 1.6e+03 4.0e+00 0.0e+00  0  0  3  0  0   1  0  5  0  0     0       0      0 0.00e+00    0 0.00e+00  0
BuildTwoSidedF       110 1.0 1.4318e-01 11.5 0.00e+00 0.0 2.3e+02 1.9e+04 0.0e+00  0  0  0  0  0   1  0  1  1  0     0       0      0 0.00e+00    0 0.00e+00  0
DMPlexResidualFE       1 1.0 4.2501e-01 1.0 4.08e+08 1.0 0.0e+00 0.0e+00 0.0e+00  1  4  0  0  0   7  9  0  0  0  7681       0      0 0.00e+00    2 1.72e+00  0
SFSetGraph            39 1.0 1.9960e-04 1.5 0.00e+00 0.0 0.0e+00 0.0e+00 0.0e+00  0  0  0  0  0   0  0  0  0  0     0       0      0 0.00e+00    0 0.00e+00  0
SFSetUp               39 1.0 5.8696e-02 1.0 0.00e+00 0.0 2.9e+03 2.8e+04 0.0e+00  0  0  6  8  0   1  0 10 17  0     0       0      0 0.00e+00    0 0.00e+00  0
SFBcastBegin          34 1.0 2.6969e-02 4.1 0.00e+00 0.0 1.9e+03 4.2e+04 0.0e+00  0  0  4  8  0   0  0  6 17  0     0       0      0 0.00e+00    0 0.00e+00  0
SFBcastEnd            34 1.0 3.6080e+00 186.3 0.00e+00 0.0 0.0e+00 0.0e+00 0.0e+00  4  0  0  0  0  29  0  0  0  0     0       0      0 0.00e+00    0 0.00e+00  0
SFReduceBegin         11 1.0 2.1878e-02 4.6 0.00e+00 0.0 3.9e+02 4.1e+05 0.0e+00  0  0  1 17  0   0  0  1 35  0     0       0      0 0.00e+00    0 0.00e+00  0
SFReduceEnd           11 1.0 2.5546e-02 3.1 9.51e+03 0.0 0.0e+00 0.0e+00 0.0e+00  0  0  0  0  0   0  0  0  0  0     1       0      0 0.00e+00    0 0.00e+00 100
SFPack               568 1.0 1.9138e-03 1.2 0.00e+00 0.0 0.0e+00 0.0e+00 0.0e+00  0  0  0  0  0   0  0  0  0  0     0       0      7 1.32e-01    0 0.00e+00  0
SFUnpack             568 1.0 5.6210e-04 1.4 3.16e+04 1.4 0.0e+00 0.0e+00 0.0e+00  0  0  0  0  0   0  0  0  0  0   361       0      2 4.35e-03    0 0.00e+00 100
VecTDot              178 1.0 2.7805e-02 1.2 1.71e+07 1.1 0.0e+00 0.0e+00 0.0e+00  0  0  0  0  0   0  0  0  0  0  4684       0      0 0.00e+00    0 0.00e+00 100
VecNorm               53 1.0 1.1089e-02 2.7 6.14e+06 1.1 0.0e+00 0.0e+00 0.0e+00  0  0  0  0  0   0  0  0  0  0  4220       0      0 0.00e+00    0 0.00e+00 100
VecCopy              185 1.0 1.1542e-03 1.1 0.00e+00 0.0 0.0e+00 0.0e+00 0.0e+00  0  0  0  0  0   0  0  0  0  0     0       0      0 0.00e+00    0 0.00e+00  0
VecSet                86 1.0 4.4548e-04 1.4 0.00e+00 0.0 0.0e+00 0.0e+00 0.0e+00  0  0  0  0  0   0  0  0  0  0     0       0      0 0.00e+00    0 0.00e+00  0
VecAXPY              160 1.0 6.9561e-04 1.1 1.59e+07 1.1 0.0e+00 0.0e+00 0.0e+00  0  0  0  0  0   0  0  0  0  0 174061       0      0 0.00e+00    0 0.00e+00 100
VecAYPX              414 1.0 2.7938e-03 1.1 3.00e+07 1.1 0.0e+00 0.0e+00 0.0e+00  0  0  0  0  0   0  1  0  0  0 81799       0      0 0.00e+00    0 0.00e+00 100
VecAXPBYCZ           114 1.0 7.6619e-04 1.1 1.90e+07 1.1 0.0e+00 0.0e+00 0.0e+00  0  0  0  0  0   0  0  0  0  0 189294       0      0 0.00e+00    0 0.00e+00 100
VecAssemblyBegin      98 1.0 1.1701e-01 17.2 0.00e+00 0.0 0.0e+00 0.0e+00 0.0e+00  0  0  0  0  0   1  0  0  0  0     0       0      0 0.00e+00    0 0.00e+00  0
VecAssemblyEnd        98 1.0 1.3748e-04 1.4 0.00e+00 0.0 0.0e+00 0.0e+00 0.0e+00  0  0  0  0  0   0  0  0  0  0     0       0      0 0.00e+00    0 0.00e+00  0
VecPointwiseMult      52 1.0 3.2572e-04 1.5 1.10e+06 1.1 0.0e+00 0.0e+00 0.0e+00  0  0  0  0  0   0  0  0  0  0 25780       0      0 0.00e+00    0 0.00e+00 100
VecReciprocal         10 1.0 2.2763e-03 1.9 0.00e+00 0.0 0.0e+00 0.0e+00 0.0e+00  0  0  0  0  0   0  0  0  0  0     0       0      0 0.00e+00    0 0.00e+00  0
VecSetValues      765059 1.1 1.2891e+00 1.1 0.00e+00 0.0 0.0e+00 0.0e+00 0.0e+00  3  0  0  0  0  19  0  0  0  0     0       0      0 0.00e+00    0 0.00e+00  0
VecScatterBegin      523 1.0 1.3982e-01 3.5 0.00e+00 0.0 2.4e+04 5.8e+03 0.0e+00  0  0 46 15  0   1  0 80 30  0     0       0     52 7.90e+00    0 0.00e+00  0
VecScatterEnd        523 1.0 1.6326e-01 2.5 2.23e+04 1.2 0.0e+00 0.0e+00 0.0e+00  0  0  0  0  0   2  0  0  0  0     1       0      2 4.35e-03    0 0.00e+00 100
MatMult             1028 1.0 6.6826e-02 1.1 4.29e+09 1.1 1.7e+04 6.9e+03 0.0e+00  0 41 33 13  0   1 84 57 26  0 481761       0      4 6.55e+00    0 0.00e+00 100
MatMultAdd            57 1.0 6.8079e-03 1.1 1.14e+08 1.1 2.2e+03 6.0e+02 0.0e+00  0  1  4  0  0   0  2  7  0  0 126510       0      0 0.00e+00    0 0.00e+00 100
MatMultTranspose      57 1.0 1.2871e-01 1.0 1.14e+08 1.1 2.2e+03 6.0e+02 0.0e+00  0  1  4  0  0   2  2  7  0  0  6693       0      2 4.35e-03    0 0.00e+00 100
MatScale               9 1.0 6.8641e-03 1.8 1.00e+07 1.1 1.7e+02 1.9e+03 0.0e+00  0  0  0  0  0   0  0  1  0  0 11037       0      9 1.04e+00    0 0.00e+00 100
MatResidual           57 1.0 8.8456e-03 1.0 7.17e+08 1.1 3.2e+03 6.3e+03 0.0e+00  0  7  6  2  0   0 14 11  4  0 608292       0      0 0.00e+00    0 0.00e+00 100
MatAssemblyBegin      47 1.0 2.6558e-02 7.3 0.00e+00 0.0 2.3e+02 1.9e+04 0.0e+00  0  0  0  0  0   0  0  1  1  0     0       0      0 0.00e+00    0 0.00e+00  0
MatAssemblyEnd        47 1.0 1.1952e-01 2.1 0.00e+00 0.0 1.5e+03 4.9e+02 2.3e+01  0  0  3  0 15   1  0  5  0 29     0       0      0 0.00e+00    0 0.00e+00  0
MatSetValues      137311 1.1 3.7733e-01 1.1 6.01e+05 1.1 0.0e+00 0.0e+00 0.0e+00  1  0  0  0  0   6  0  0  0  0    12       0      0 0.00e+00    6 2.27e+01  0
MatGetValues       33075 1.1 6.6253e-02 1.1 0.00e+00 0.0 0.0e+00 0.0e+00 0.0e+00  0  0  0  0  0   1  0  0  0  0     0       0      0 0.00e+00    0 0.00e+00  0
MatGetRow         466752 1.1 9.0185e-01 1.1 0.00e+00 0.0 0.0e+00 0.0e+00 0.0e+00  2  0  0  0  0  14  0  0  0  0     0       0      0 0.00e+00   10 2.04e+01  0
MatCreateSubMat        1 1.0 1.4058e-03 1.0 0.00e+00 0.0 1.4e+01 3.3e+01 5.0e+00  0  0  0  0  3   0  0  0  0  6     0       0      0 0.00e+00    0 0.00e+00  0
MatCoarsen             3 1.0 1.9216e-02 1.2 0.00e+00 0.0 1.5e+03 1.5e+03 1.8e+01  0  0  3  0 12   0  0  5  1 23     0       0      2 1.88e-03    0 0.00e+00  0
MatAXPY                3 1.0 6.8618e-01 1.1 6.01e+05 1.1 0.0e+00 0.0e+00 0.0e+00  1  0  0  0  0  10  0  0  0  0     7       0      0 0.00e+00    6 2.27e+01  0
MatTranspose           2 1.0 2.6194e-03 1.0 0.00e+00 0.0 1.8e+02 4.0e+01 6.0e+00  0  0  0  0  4   0  0  1  0  8     0       0      2 1.88e-03    0 0.00e+00  0
MatMatMultSym          3 1.0 7.9890e-02 1.0 0.00e+00 0.0 1.3e+03 1.1e+04 9.0e+00  0  0  2  1  6   1  0  4  3 12     0       0      6 4.58e+00    0 0.00e+00  0
MatMatMultNum          3 1.0 8.3100e-07 1.4 0.00e+00 0.0 0.0e+00 0.0e+00 0.0e+00  0  0  0  0  0   0  0  0  0  0     0       0      0 0.00e+00    0 0.00e+00  0
MatPtAPSymbolic        3 1.0 6.1710e-01 1.1 0.00e+00 0.0 2.2e+03 5.9e+04 1.8e+01  1  0  4 14 12   9  0  7 28 23     0       0      6 2.27e+01    0 0.00e+00  0
MatPtAPNumeric         3 1.0 9.8200e-07 1.7 0.00e+00 0.0 0.0e+00 0.0e+00 0.0e+00  0  0  0  0  0   0  0  0  0  0     0       0      0 0.00e+00    0 0.00e+00  0
MatTrnMatMultSym       1 1.0 2.6278e-01 1.0 0.00e+00 0.0 4.5e+02 3.8e+05 3.0e+00  1  0  1 18  2   4  0  1 37  4     0       0      0 0.00e+00    0 0.00e+00  0
MatCreateGraph         3 1.0 6.2581e-01 1.0 4.04e+06 1.1 5.0e+02 9.7e+02 9.0e+00  1  0  1  0  6  10  0  2  0 12    49       0     12 1.55e+01    7 5.46e+00 100
KSPSetUp               1 1.0 6.9981e-03 3.7 0.00e+00 0.0 0.0e+00 0.0e+00 0.0e+00  0  0  0  0  0   0  0  0  0  0     0       0      0 0.00e+00    0 0.00e+00  0
KSPSolve               1 1.0 1.8394e-01 1.0 3.88e+09 1.1 1.8e+04 5.5e+03 0.0e+00  0 37 35 11  0   3 76 61 22  0 158368       0      2 4.35e-03    0 0.00e+00 100
SNESSolve              1 1.0 8.1847e+00 1.8 5.08e+09 1.1 3.0e+04 1.5e+04 7.8e+01 13 49 58 49 51 100 100 100 100 100  4686       0     78 1.88e+02   52 5.26e+01 91
SNESSetUp              1 1.0 1.6297e-03 4.5 0.00e+00 0.0 0.0e+00 0.0e+00 0.0e+00  0  0  0  0  0   0  0  0  0  0     0       0      0 0.00e+00    0 0.00e+00  0
SNESFunctionEval       1 1.0 4.0553e+00 8.8 4.09e+08 1.0 3.8e+01 1.5e+04 0.0e+00  5  4  0  0  0  36  9  0  0  0   807       0      2 1.72e+00    3 2.59e+00  0
PCSetUp_GAMG+          1 1.0 3.9404e+00 1.0 7.92e+08 1.1 1.2e+04 3.0e+04 7.8e+01  8  8 23 39 51  61 16 39 78 100  1510       0     74 1.86e+02   49 5.00e+01 100
 PCGAMGCreateG         3 1.0 6.2582e-01 1.0 4.04e+06 1.1 5.0e+02 9.7e+02 9.0e+00  1  0  1  0  6  10  0  2  0 12    49       0     12 1.55e+01    7 5.46e+00 100
 GAMG Coarsen          6 1.0 6.4943e-01 1.0 0.00e+00 0.0 2.2e+03 8.0e+04 2.1e+01  1  0  4 19 14  10  0  7 39 27     0       0      7 1.05e+00   11 1.56e+01  0
  GAMG MIS/Agg         3 1.0 2.9440e-01 1.0 0.00e+00 0.0 1.9e+03 9.0e+04 2.1e+01  1  0  4 19 14   5  0  6 38 27     0       0      2 1.88e-03    0 0.00e+00  0
 PCGAMGProl            3 1.0 1.1562e+00 1.0 0.00e+00 0.0 2.2e+03 8.2e+03 9.0e+00  2  0  4  2  6  18  0  7  4 12     0       0     38 6.52e+00   19 1.77e+00  0
  GAMG Prol-col        3 1.0 1.1252e+00 1.0 0.00e+00 0.0 2.0e+03 7.2e+03 0.0e+00  2  0  4  2  0  18  0  7  3  0     0       0     38 6.52e+00   19 1.77e+00  0
  GAMG Prol-lift       3 1.0 2.5996e-02 1.0 0.00e+00 0.0 2.6e+02 1.6e+04 3.0e+00  0  0  0  0  2   0  0  1  1  4     0       0      0 0.00e+00    0 0.00e+00  0
 PCGAMGOptProl         3 1.0 8.3662e-01 1.1 3.94e+08 1.1 2.9e+03 8.1e+03 9.0e+00  2  4  6  3  6  13  8 10  5 12  3531       0     11 1.40e+02    6 2.27e+01 100
  GAMG smooth          3 1.0 7.8110e-01 1.1 6.59e+06 1.1 1.3e+03 1.1e+04 9.0e+00  2  0  2  1  6  12  0  4  3 12    64       0      6 4.58e+00    6 2.27e+01 91
 PCGAMGCreateL         3 1.0 6.2010e-01 1.1 0.00e+00 0.0 2.2e+03 5.8e+04 2.9e+01  1  0  4 14 19   9  0  7 28 37     0       0      6 2.27e+01    0 0.00e+00  0
  GAMG PtAP            3 1.0 6.1714e-01 1.1 0.00e+00 0.0 2.2e+03 5.9e+04 1.8e+01  1  0  4 14 12   9  0  7 28 23     0       0      6 2.27e+01    0 0.00e+00  0
  GAMG Reduce          1 1.0 5.0526e-02 1.0 0.00e+00 0.0 4.4e+02 1.8e+03 1.7e+01  0  0  1  0 11   1  0  1  0 22     0       0      2 6.44e-03    0 0.00e+00  0
PCGAMG Squ l00         1 1.0 2.6278e-01 1.0 0.00e+00 0.0 4.5e+02 3.8e+05 3.0e+00  1  0  1 18  2   4  0  1 37  4     0       0      0 0.00e+00    0 0.00e+00  0
PCGAMG Gal l00         1 1.0 5.1446e-01 1.1 0.00e+00 0.0 8.8e+02 1.2e+05 6.0e+00  1  0  2 11  4   8  0  3 22  8     0       0      2 2.20e+01    0 0.00e+00  0
PCGAMG Opt l00         1 1.0 5.6806e-02 1.0 0.00e+00 0.0 4.4e+02 2.5e+04 3.0e+00  0  0  1  1  2   1  0  1  2  4     0       0      2 4.50e+00    0 0.00e+00  0
PCGAMG Gal l01         1 1.0 5.5695e-02 1.1 0.00e+00 0.0 9.0e+02 3.0e+04 6.0e+00  0  0  2  3  4   1  0  3  6  8     0       0      2 6.63e-01    0 0.00e+00  0
PCGAMG Opt l01         1 1.0 1.6932e-02 1.0 0.00e+00 0.0 4.5e+02 3.4e+03 3.0e+00  0  0  1  0  2   0  0  1  0  4     0       0      2 7.55e-02    0 0.00e+00  0
PCGAMG Gal l02         1 1.0 4.7580e-02 1.0 0.00e+00 0.0 4.1e+02 1.9e+03 6.0e+00  0  0  1  0  4   1  0  1  0  8     0       0      2 6.44e-03    0 0.00e+00  0
PCGAMG Opt l02         1 1.0 6.1909e-03 1.0 0.00e+00 0.0 3.7e+02 1.1e+03 3.0e+00  0  0  1  0  2   0  0  1  0  4     0       0      2 3.71e-03    0 0.00e+00  0
PCSetUp                1 1.0 3.9404e+00 1.0 7.92e+08 1.1 1.2e+04 3.0e+04 7.8e+01  8  8 23 39 51  61 16 39 78 100  1510       0     74 1.86e+02   49 5.00e+01 100
PCApply               19 1.0 1.7232e-01 1.0 3.17e+09 1.1 1.7e+04 4.8e+03 0.0e+00  0 31 33  9  0   3 62 57 18  0 138127       0      2 4.35e-03    0 0.00e+00 100

--- Event Stage 3: Hot Solve

DMPlexResidualFE       1 1.0 4.2933e-01 1.0 4.08e+08 1.0 0.0e+00 0.0e+00 0.0e+00  1  4  0  0  0  77  9  0  0  0  7604       0      0 0.00e+00    2 1.72e+00  0
SFBcastBegin           4 1.0 2.3117e-03 1.5 0.00e+00 0.0 1.9e+02 2.3e+05 0.0e+00  0  0  0  5  0   0  0  1 25  0     0       0      0 0.00e+00    0 0.00e+00  0
SFBcastEnd             4 1.0 4.3809e-03 39.5 0.00e+00 0.0 0.0e+00 0.0e+00 0.0e+00  0  0  0  0  0   0  0  0  0  0     0       0      0 0.00e+00    0 0.00e+00  0
SFReduceBegin          4 1.0 6.0815e-04 1.5 0.00e+00 0.0 1.4e+02 1.5e+05 0.0e+00  0  0  0  2  0   0  0  1 12  0     0       0      0 0.00e+00    0 0.00e+00  0
SFReduceEnd            4 1.0 3.7909e-03 2.5 9.51e+03 0.0 0.0e+00 0.0e+00 0.0e+00  0  0  0  0  0   1  0  0  0  0    10       0      0 0.00e+00    0 0.00e+00 100
SFPack               399 1.0 1.2331e-03 1.1 0.00e+00 0.0 0.0e+00 0.0e+00 0.0e+00  0  0  0  0  0   0  0  0  0  0     0       0      0 0.00e+00    0 0.00e+00  0
SFUnpack             399 1.0 3.7586e-04 1.3 3.16e+04 1.4 0.0e+00 0.0e+00 0.0e+00  0  0  0  0  0   0  0  0  0  0   539       0      0 0.00e+00    0 0.00e+00 100
VecTDot              109 1.0 1.3471e-02 1.0 1.25e+07 1.1 0.0e+00 0.0e+00 0.0e+00  0  0  0  0  0   2  0  0  0  0  7061       0      0 0.00e+00    0 0.00e+00 100
VecNorm               53 1.0 6.0635e-03 1.5 6.14e+06 1.1 0.0e+00 0.0e+00 0.0e+00  0  0  0  0  0   1  0  0  0  0  7718       0      0 0.00e+00    0 0.00e+00 100
VecCopy              179 1.0 1.0828e-03 1.1 0.00e+00 0.0 0.0e+00 0.0e+00 0.0e+00  0  0  0  0  0   0  0  0  0  0     0       0      0 0.00e+00    0 0.00e+00  0
VecSet                83 1.0 3.8112e-04 1.3 0.00e+00 0.0 0.0e+00 0.0e+00 0.0e+00  0  0  0  0  0   0  0  0  0  0     0       0      0 0.00e+00    0 0.00e+00  0
VecAXPY              100 1.0 3.8546e-04 1.1 1.19e+07 1.1 0.0e+00 0.0e+00 0.0e+00  0  0  0  0  0   0  0  0  0  0 234899       0      0 0.00e+00    0 0.00e+00 100
VecAYPX              387 1.0 1.9488e-03 1.0 2.82e+07 1.1 0.0e+00 0.0e+00 0.0e+00  0  0  0  0  0   0  1  0  0  0 110215       0      0 0.00e+00    0 0.00e+00 100
VecAXPBYCZ           114 1.0 4.9895e-04 1.1 1.90e+07 1.1 0.0e+00 0.0e+00 0.0e+00  0  0  0  0  0   0  0  0  0  0 290682       0      0 0.00e+00    0 0.00e+00 100
VecPointwiseMult      19 1.0 9.5668e-05 2.7 3.42e+02 0.0 0.0e+00 0.0e+00 0.0e+00  0  0  0  0  0   0  0  0  0  0     4       0      0 0.00e+00    0 0.00e+00 100
VecReciprocal          1 1.0 4.9990e-06 3.4 0.00e+00 0.0 0.0e+00 0.0e+00 0.0e+00  0  0  0  0  0   0  0  0  0  0     0       0      0 0.00e+00    0 0.00e+00  0
VecScatterBegin      391 1.0 3.2901e-02 1.4 0.00e+00 0.0 2.0e+04 5.5e+03 0.0e+00  0  0 38 12  0   5  0 98 63  0     0       0      0 0.00e+00    0 0.00e+00  0
VecScatterEnd        391 1.0 1.5455e-02 2.2 2.23e+04 1.2 0.0e+00 0.0e+00 0.0e+00  0  0  0  0  0   2  0  0  0  0    11       0      0 0.00e+00    0 0.00e+00 100
MatMult              998 1.0 3.5570e-02 1.0 3.91e+09 1.1 1.6e+04 7.0e+03 0.0e+00  0 38 30 12  0   6 83 77 62  0 825918       0      0 0.00e+00    0 0.00e+00 100
MatMultAdd            57 1.0 6.5224e-03 1.1 1.14e+08 1.1 2.2e+03 6.0e+02 0.0e+00  0  1  4  0  0   1  2 11  1  0 132046       0      0 0.00e+00    0 0.00e+00 100
MatMultTranspose      57 1.0 9.1551e-03 1.1 1.14e+08 1.1 2.2e+03 6.0e+02 0.0e+00  0  1  4  0  0   2  2 11  1  0 94092       0      0 0.00e+00    0 0.00e+00 100
MatResidual           57 1.0 9.1131e-03 1.0 7.17e+08 1.1 3.2e+03 6.3e+03 0.0e+00  0  7  6  2  0   2 15 16 11  0 590433       0      0 0.00e+00    0 0.00e+00 100
MatPtAPNumeric         3 1.0 2.1694e-02 1.1 0.00e+00 0.0 2.8e+02 2.3e+05 0.0e+00  0  0  1  7  0   4  0  1 37  0     0       0      0 0.00e+00    0 0.00e+00  0
KSPSetUp               1 1.0 6.4200e-07 4.0 0.00e+00 0.0 0.0e+00 0.0e+00 0.0e+00  0  0  0  0  0   0  0  0  0  0     0       0      0 0.00e+00    0 0.00e+00  0
KSPSolve               1 1.0 6.2948e-02 1.0 3.88e+09 1.1 1.8e+04 5.5e+03 0.0e+00  0 37 35 11  0  11 82 90 57  0 462765       0      0 0.00e+00    0 0.00e+00 100
SNESSolve              1 1.0 5.5521e-01 1.0 4.68e+09 1.1 2.0e+04 8.6e+03 0.0e+00  1 46 39 19  0 100 100 100 100  0 63706       0      5 4.05e+00    3 2.59e+00 91
SNESFunctionEval       1 1.0 4.5736e-01 1.0 4.09e+08 1.0 3.8e+01 1.5e+04 0.0e+00  1  4  0  0  0  82  9  0  0  0  7156       0      2 1.72e+00    3 2.59e+00  0
PCSetUp_GAMG+          1 1.0 3.6576e-02 1.0 3.95e+08 1.1 2.0e+03 3.8e+04 0.0e+00  0  4  4  8  0   6  8 10 43  0 81041       0      3 2.33e+00    0 0.00e+00 100
PCGAMG Gal l00         1 1.0 1.6885e-02 1.2 0.00e+00 0.0 1.1e+02 4.6e+05 0.0e+00  0  0  0  5  0   3  0  1 29  0     0       0      0 0.00e+00    0 0.00e+00  0
PCGAMG Gal l01         1 1.0 4.3726e-03 1.3 0.00e+00 0.0 1.1e+02 1.2e+05 0.0e+00  0  0  0  1  0   1  0  1  8  0     0       0      0 0.00e+00    0 0.00e+00  0
PCGAMG Gal l02         1 1.0 1.6054e-03 1.3 0.00e+00 0.0 6.3e+01 5.9e+03 0.0e+00  0  0  0  0  0   0  0  0  0  0     0       0      0 0.00e+00    0 0.00e+00  0
PCSetUp                1 1.0 3.6578e-02 1.0 3.95e+08 1.1 2.0e+03 3.8e+04 0.0e+00  0  4  4  8  0   6  8 10 43  0 81035       0      3 2.33e+00    0 0.00e+00 100
PCApply               19 1.0 5.1339e-02 1.0 3.17e+09 1.1 1.7e+04 4.8e+03 0.0e+00  0 31 33  9  0   9 67 85 47  0 463631       0      0 0.00e+00    0 0.00e+00 100
---------------------------------------------------------------------------------------------------------------------------------------------------------------

Object Type          Creations   Destructions. Reports information only for process 0.

--- Event Stage 0: Main Stage

           Container     2             34
    Distributed Mesh     0             38
            DM Label     0             57
          Quadrature     1            236
           Index Set    25            125
   IS L to G Mapping     0             97
             Section     0            114
   Star Forest Graph     0             78
     Discrete System     0             38
           Weak Form     0             39
    GraphPartitioner     0             15
              Vector     1             72
        Linear Space     0              6
          Dual Space     0             16
            FE Space     0              4
              Matrix     0             55
      Matrix Coarsen     0              1
   Matrix Null Space     0              1
                SNES     0              1
              DMSNES     0              1
       Krylov Solver     0              8
     DMKSP interface     0              1
       Field over DM     1              1
      Preconditioner     0              5
              Viewer     0              1

--- Event Stage 1: Mesh Setup

           Container    93             61
    Distributed Mesh   118             82
            DM Label   296            239
          Quadrature   533            298
           Index Set  1338           1241
   IS L to G Mapping   290            193
             Section   390            276
   Star Forest Graph   313            254
     Discrete System   175            139
           Weak Form   177            140
    GraphPartitioner    53             38
              Vector    78             51
  PetscDeviceContext     1              0
        Linear Space    12              6
          Dual Space    63             47
            FE Space     6              2
              Matrix   178            151
   Matrix Null Space     1              0
                SNES     1              0
              DMSNES     1              0
       Krylov Solver     1              0
       Field over DM     1              1
      Preconditioner     1              0
              Viewer     1              0

--- Event Stage 2: Solve 0

           Container     2              2
    Distributed Mesh     2              0
          Quadrature     1              1
           Index Set    91             88
   Star Forest Graph    43             24
     Discrete System     2              0
           Weak Form     2              0
              Vector   213            169
              Matrix    70             42
      Matrix Coarsen     3              2
       Krylov Solver    11              4
     DMKSP interface     1              0
      Preconditioner    11              7
         PetscRandom     3              3

--- Event Stage 3: Hot Solve

          Quadrature     1              1
           Index Set    33             33
              Vector     9              9
========================================================================================================================
Average time to get PetscTime(): 3.1e-08
Average time for MPI_Barrier(): 1.38868e-05
Average time for zero size MPI_Send(): 1.43478e-05
#PETSc Option Table entries:
-dm_mat_type mpiaijkokkos # (source: command line)
-dm_plex_box_faces 32,32,32 # (source: command line)
-dm_plex_dim 3 # (source: command line)
-dm_plex_simplex 0 # (source: command line)
-dm_vec_type kokkos # (source: command line)
-ksp_converged_reason # (source: command line)
-ksp_norm_type unpreconditioned # (source: command line)
-ksp_rtol 1e-6 # (source: command line)
-ksp_type cg # (source: command line)
-log_view # (source: command line)
-max_conv_its 1 # (source: command line)
-mg_coarse_pc_type jacobi # (source: command line)
-mg_levels_ksp_type chebyshev # (source: command line)
-mg_levels_pc_type pbjacobi # (source: command line)
-n_solves 2 # (source: command line)
-pc_gamg_agg_nsmooths 1 # (source: command line)
-pc_gamg_reuse_interpolation true # (source: command line)
-pc_gamg_type agg # (source: command line)
-pc_type gamg # (source: command line)
-petscpartitioner_simple_process_grid 2,2,2 # (source: command line)
-petscspace_degree 2 # (source: command line)
-run_type 1 # (source: command line)
-snes_lag_jacobian -2 # (source: command line)
-snes_type ksponly # (source: command line)
-use_mat_nearnullspace true # (source: command line)
#End of PETSc Option Table entries
Compiled without FORTRAN kernels
Compiled with full precision matrices (default)
sizeof(short) 2 sizeof(int) 4 sizeof(long) 8 sizeof(void*) 8 sizeof(PetscScalar) 8 sizeof(PetscInt) 4
Configure options: --with-make-np=8 --with-mpiexec="srun -G4 --gpu-bind=none" --with-batch=0 --download-triangle=1 --with-cc=cc --with-cxx=CC --with-fc=0 --with-debugging=0 --with-cuda=1 --with-cuda-arch=80 --download-kokkos --download-kokkos-kernels --force PETSC_ARCH=arch-perlmutter-opt-gcc-kokkos-cuda
-----------------------------------------
Libraries compiled on 2026-06-22 11:34:59 on login15
Machine characteristics: Linux-6.4.0-150600.23.103_15.0.24-cray_shasta_c-x86_64-with-glibc2.3.4
Using PETSc directory: /global/u2/m/madams/petsc
Using PETSc arch: arch-perlmutter-opt-gcc-kokkos-cuda
-----------------------------------------

Using C compiler: cc  -fPIC -Wall -Wwrite-strings -Wno-unknown-pragmas -Wno-lto-type-mismatch -Wno-stringop-overflow -fstack-protector -fvisibility=hidden -g -O 
-----------------------------------------

Using include paths: -I/global/u2/m/madams/petsc/include -I/global/u2/m/madams/petsc/arch-perlmutter-opt-gcc-kokkos-cuda/include -I/opt/nvidia/hpc_sdk/Linux_x86_64/25.5/cuda/12.9/include -I/opt/nvidia/hpc_sdk/Linux_x86_64/25.5/math_libs/12.9/include
-----------------------------------------

Using C linker: cc
Using libraries: -Wl,-rpath,/global/u2/m/madams/petsc/arch-perlmutter-opt-gcc-kokkos-cuda/lib -L/global/u2/m/madams/petsc/arch-perlmutter-opt-gcc-kokkos-cuda/lib -lpetsc -Wl,-rpath,/global/u2/m/madams/petsc/arch-perlmutter-opt-gcc-kokkos-cuda/lib -L/global/u2/m/madams/petsc/arch-perlmutter-opt-gcc-kokkos-cuda/lib -Wl,-rpath,/opt/nvidia/hpc_sdk/Linux_x86_64/25.5/cuda/12.9/lib64 -L/opt/nvidia/hpc_sdk/Linux_x86_64/25.5/cuda/12.9/lib64 -Wl,-rpath,/opt/nvidia/hpc_sdk/Linux_x86_64/25.5/math_libs/12.9/lib64 -L/opt/nvidia/hpc_sdk/Linux_x86_64/25.5/math_libs/12.9/lib64 -L/opt/nvidia/hpc_sdk/Linux_x86_64/25.5/cuda/12.9/lib64/stubs -lkokkoskernels -lkokkoscontainers -lkokkoscore -lkokkossimd -ltriangle -lcudart -lnvtx3interop -lcufft -lcublas -lcusparse -lcusolver -lcurand -lcuda -lnvidia-ml -lX11 -lstdc++ -lquadmath
-----------------------------------------

    Linear solve converged due to CONVERGED_RTOL iterations 19
    Linear solve converged due to CONVERGED_RTOL iterations 19
[0] 0) N=      750141, max displ=5.9664262e+01, error=8.950e-02
****************************************************************************************************************************************************************
***                                WIDEN YOUR WINDOW TO 160 CHARACTERS.  Use 'enscript -r -fCourier9' to print this document                                 ***
****************************************************************************************************************************************************************

------------------------------------------------------------------ PETSc Performance Summary: ------------------------------------------------------------------



      ##########################################################
      #                                                        #
      #                       WARNING!!!                       #
      #                                                        #
      #   This code was run with -log_view_gpu_time            #
      #   This provides accurate timing within the GPU kernels #
      #   but can slow down the entire computation by a        #
      #   measurable amount. For fastest runs we recommend     #
      #   not using this option.                               #
      #                                                        #
      ##########################################################


/global/homes/m/madams/petsc/arch-perlmutter-opt-gcc-kokkos-cuda/tests/snes/tutorials/ex56 on a arch-perlmutter-opt-gcc-kokkos-cuda named nid001161 with 8 processes and CUDA architecture 80, by madams on Mon Jun 22 08:22:50 2026
Using PETSc Development Git Revision: v3.25.2-340-g83d2bd4a8b4 Git Date: 2026-06-21 14:23:19 -0400

                         Max       Max/Min     Avg       Total
Time (sec):           4.932e+01     1.000   4.931e+01
Objects:              0.000e+00     0.000   0.000e+00
Flops:                1.026e+10     1.112   9.712e+09  7.770e+10
Flops/sec:            2.081e+08     1.112   1.970e+08  1.576e+09
MPI Msg Count:        6.924e+03     1.084   6.514e+03  5.211e+04
MPI Msg Len (bytes):  1.261e+08     1.116   1.794e+04  9.346e+08
MPI Reductions:       1.520e+02     1.000

Flop counting convention: 1 flop = 1 real number operation of type (multiply/divide/add/subtract)
                            e.g., VecAXPY() for real vectors of length N --> 2N flops
                            and VecAXPY() for complex vectors of length N --> 8N flops

Summary of Stages:   ----- Time ------  ----- Flop ------  --- Messages ---  -- Message Lengths --  -- Reductions --
                        Avg     %Total     Avg     %Total    Count   %Total     Avg         %Total    Count   %Total
 0:      Main Stage: 3.9067e+01  79.2%  3.6441e+09   4.7%  9.500e+01   0.2%  8.534e+05        8.7%  3.000e+00   2.0%
 1:      Mesh Setup: 3.2240e+00   6.5%  3.2879e+08   0.4%  1.682e+03   3.2%  1.296e+05       23.3%  5.400e+01  35.5%
 2:         Solve 0: 6.4329e+00  13.0%  3.8355e+10  49.4%  3.009e+04  57.7%  1.530e+04       49.3%  7.800e+01  51.3%
 3:       Hot Solve: 5.8624e-01   1.2%  3.5370e+10  45.5%  2.024e+04  38.8%  8.648e+03       18.7%  0.000e+00   0.0%

------------------------------------------------------------------------------------------------------------------------
See the 'Profiling' chapter of the users' manual for details on interpreting output.
Phase summary info:
   Count: number of times phase was executed
   Time and Flop: Max - maximum over all processes
                  Ratio - ratio of maximum to minimum over all processes
   Mess: number of messages sent
   AvgLen: average message length (bytes)
   Reduct: number of global reductions
   Global: entire computation
   Stage: stages of a computation. Set stages with PetscLogStagePush() and PetscLogStagePop().
      %T - percent time in this phase         %F - percent flop in this phase
      %M - percent messages in this phase     %L - percent message lengths in this phase
      %R - percent reductions in this phase
   Total Mflop/s: 1e-6 * (sum of flop over all processes)/(max time over all processes)
   GPU Mflop/s: 1e-6 * (sum of flop on GPU over all processes)/(max GPU time over all processes)
   CpuToGpu Count: total number of CPU to GPU copies per processor
   CpuToGpu Size (Mbytes): 1e-6 * (total size of CPU to GPU copies per processor)
   GpuToCpu Count: total number of GPU to CPU copies per processor
   GpuToCpu Size (Mbytes): 1e-6 * (total size of GPU to CPU copies per processor)
   GPU %F: percent flops on GPU in this event
------------------------------------------------------------------------------------------------------------------------
Event                Count      Time (sec)     Flop                              --- Global ---  --- Stage ----  Total   GPU    - CpuToGpu -   - GpuToCpu - GPU
                   Max Ratio  Max     Ratio   Max  Ratio  Mess   AvgLen  Reduct  %T %F %M %L %R  %T %F %M %L %R Mflop/s Mflop/s Count   Size   Count   Size  %F
---------------------------------------------------------------------------------------------------------------------------------------------------------------

--- Event Stage 0: Main Stage

BuildTwoSided          2 1.0 8.6967e-02 375.0 0.00e+00 0.0 3.8e+01 4.0e+00 0.0e+00  0  0  0  0  0   0  0 40  0  0     0       0      0 0.00e+00    0 0.00e+00  0
BuildTwoSidedF         1 1.0 9.0190e-02 194.8 0.00e+00 0.0 3.8e+01 2.1e+06 0.0e+00  0  0  0  9  0   0  0 40 99  0     0       0      0 0.00e+00    0 0.00e+00  0
DMPlexJacobianFE       1 1.0 4.0784e+01 1.1 4.39e+08 1.0 3.8e+01 2.1e+06 0.0e+00 79  5  0  9  0 100 96 40 99  0    86       0      0 0.00e+00    3 1.36e+02  0
SFSetGraph             1 1.0 7.7496e-04 1.0 0.00e+00 0.0 0.0e+00 0.0e+00 0.0e+00  0  0  0  0  0   0  0  0  0  0     0       0      0 0.00e+00    0 0.00e+00  0
SFSetUp                1 1.0 2.8263e-03 1.1 0.00e+00 0.0 3.8e+01 3.8e+03 0.0e+00  0  0  0  0  0   0  0 40  0  0     0       0      0 0.00e+00    0 0.00e+00  0
SFBcastBegin           1 1.0 8.1270e-03 1.6 0.00e+00 0.0 1.9e+01 1.5e+04 0.0e+00  0  0  0  0  0   0  0 20  0  0     0       0      2 3.93e-01    0 0.00e+00  0
SFBcastEnd             1 1.0 4.5205e-03 85.5 0.00e+00 0.0 0.0e+00 0.0e+00 0.0e+00  0  0  0  0  0   0  0  0  0  0     0       0      1 1.81e-02    0 0.00e+00  0
SFPack                 1 1.0 4.6473e-03 33195.1 0.00e+00 0.0 0.0e+00 0.0e+00 0.0e+00  0  0  0  0  0   0  0  0  0  0     0       0      1 1.81e-02    0 0.00e+00  0
SFUnpack               1 1.0 5.9084e-05 268.6 0.00e+00 0.0 0.0e+00 0.0e+00 0.0e+00  0  0  0  0  0   0  0  0  0  0     0       0      1 1.81e-02    0 0.00e+00  0
VecNorm                1 1.0 2.9779e-04 1.1 0.00e+00 0.0 0.0e+00 0.0e+00 0.0e+00  0  0  0  0  0   0  0  0  0  0     0       0      0 0.00e+00    0 0.00e+00  0
VecSet                 2 1.0 3.6711e-05 1.0 0.00e+00 0.0 0.0e+00 0.0e+00 0.0e+00  0  0  0  0  0   0  0  0  0  0     0       0      0 0.00e+00    0 0.00e+00  0
DCtxDestroy            1 1.0 2.6662e-05 1.1 0.00e+00 0.0 0.0e+00 0.0e+00 0.0e+00  0  0  0  0  0   0  0  0  0  0     0       0      0 0.00e+00    0 0.00e+00  0
MatMult              721 1.0 1.7487e-04 1.1 5.84e+04 1.0 0.0e+00 0.0e+00 0.0e+00  0  0  0  0  0   0  0  0  0  0  2672       0      0 0.00e+00    0 0.00e+00  0
MatScale               1 1.0 2.2740e-04 1.1 1.80e+07 1.1 0.0e+00 0.0e+00 0.0e+00  0  0  0  0  0   0  4  0  0  0 596407   655158      0 0.00e+00    0 0.00e+00 100
MatAssemblyBegin       1 1.0 9.0216e-02 1.0 0.00e+00 0.0 3.8e+01 2.1e+06 0.0e+00  0  0  0  9  0   0  0 40 99  0     0       0      0 0.00e+00    0 0.00e+00  0
MatAssemblyEnd         1 1.0 3.6233e+00 2681.5 1.28e+06 0.0 0.0e+00 0.0e+00 0.0e+00  4  0  0  0  0   5  0  0  0  0     1       0      0 0.00e+00    0 0.00e+00  0
MatSetValues        4096 1.0 3.2088e-01 1.0 2.42e+07 1.1 0.0e+00 0.0e+00 0.0e+00  1  0  0  0  0   1  5  0  0  0   583       0      0 0.00e+00    2 1.36e+02  0
MatZeroEntries         1 1.0 1.5240e-05 1.1 0.00e+00 0.0 0.0e+00 0.0e+00 0.0e+00  0  0  0  0  0   0  0  0  0  0     0       0      0 0.00e+00    0 0.00e+00  0
SNESJacobianEval       1 1.0 4.0821e+01 1.1 4.40e+08 1.0 9.5e+01 8.5e+05 1.0e+00 79  5  0  9  1 100 96 100 100 33    86       0      4 1.27e+00    4 1.37e+02  0

--- Event Stage 1: Mesh Setup

BuildTwoSided         23 1.0 4.5328e-01 10.6 0.00e+00 0.0 3.7e+02 4.0e+00 0.0e+00  0  0  1  0  0   5  0 22  0  0     0       0      0 0.00e+00    0 0.00e+00  0
BuildTwoSidedF         1 1.0 2.8863e-02 237.2 0.00e+00 0.0 0.0e+00 0.0e+00 0.0e+00  0  0  0  0  0   0  0  0  0  0     0       0      0 0.00e+00    0 0.00e+00  0
DMCreateMat            1 1.0 1.1600e+00 1.0 0.00e+00 0.0 4.7e+02 3.9e+05 4.0e+00  2  0  1 20  3  36  0 28 84  7     0       0      0 0.00e+00    0 0.00e+00  0
DMProjectFunc          6 1.0 3.7832e-01 1.0 3.46e+07 1.0 0.0e+00 0.0e+00 1.0e+00  1  0  0  0  1  12 84  0  0  2   731       0      0 0.00e+00    6 5.17e+00  0
DMPlexCrFromOpts       1 1.0 3.5769e-02 1.0 0.00e+00 0.0 0.0e+00 0.0e+00 0.0e+00  0  0  0  0  0   1  0  0  0  0     0       0      0 0.00e+00    0 0.00e+00  0
Mesh Partition         1 1.0 9.7946e-02 1.0 0.00e+00 0.0 3.5e+01 1.5e+05 3.0e+00  0  0  0  1  2   3  0  2  2  6     0       0      0 0.00e+00    0 0.00e+00  0
Mesh Migration         1 1.0 5.9588e-01 1.0 0.00e+00 0.0 2.0e+02 1.1e+05 1.6e+01  1  0  0  2 11  18  0 12 10 30     0       0      0 0.00e+00    0 0.00e+00  0
DMPlexPartSelf         1 1.0 3.8916e-02 4075.4 0.00e+00 0.0 0.0e+00 0.0e+00 0.0e+00  0  0  0  0  0   0  0  0  0  0     0       0      0 0.00e+00    0 0.00e+00  0
DMPlexPartLblInv       1 1.0 4.3315e-02 11.8 0.00e+00 0.0 0.0e+00 0.0e+00 2.0e+00  0  0  0  0  1   1  0  0  1  4     0       0      0 0.00e+00    0 0.00e+00  0
DMPlexPartLblSF        1 1.0 4.8060e-03 1.3 0.00e+00 0.0 1.4e+01 7.2e+04 0.0e+00  0  0  0  0  0   0  0  1  0  0     0       0      0 0.00e+00    0 0.00e+00  0
DMPlexPartStrtSF       1 1.0 4.6753e-02 1.0 0.00e+00 0.0 7.0e+00 2.9e+05 0.0e+00  0  0  0  0  0   1  0  0  1  0     0       0      0 0.00e+00    0 0.00e+00  0
DMPlexPointSF          1 1.0 8.6001e-01 1.0 0.00e+00 0.0 1.4e+01 3.6e+05 0.0e+00  2  0  0  1  0  27  0  1  2  0     0       0      0 0.00e+00    0 0.00e+00  0
DMPlexInterp          36 1.0 2.6632e-03 1.1 0.00e+00 0.0 0.0e+00 0.0e+00 0.0e+00  0  0  0  0  0   0  0  0  0  0     0       0      0 0.00e+00    0 0.00e+00  0
DMPlexDistribute       1 1.0 1.5540e+00 1.0 0.00e+00 0.0 2.5e+02 1.3e+05 2.1e+01  3  0  0  3 14  48  0 15 15 39     0       0      0 0.00e+00    0 0.00e+00  0
DMPlexDistCones        1 1.0 1.4587e-02 1.0 0.00e+00 0.0 4.2e+01 2.6e+05 0.0e+00  0  0  0  1  0   0  0  2  5  0     0       0      0 0.00e+00    0 0.00e+00  0
DMPlexDistLabels       1 1.0 3.6354e-02 1.0 0.00e+00 0.0 1.0e+02 7.9e+04 1.4e+01  0  0  0  1  9   1  0  6  4 26     0       0      0 0.00e+00    0 0.00e+00  0
DMPlexDistField        1 1.0 5.3880e-01 1.0 0.00e+00 0.0 4.9e+01 3.9e+04 0.0e+00  1  0  0  0  0  17  0  3  1  0     0       0      0 0.00e+00    0 0.00e+00  0
DMPlexStratify        53 1.0 3.5724e-02 3.5 0.00e+00 0.0 0.0e+00 0.0e+00 0.0e+00  0  0  0  0  0   1  0  0  0  0     0       0      0 0.00e+00    0 0.00e+00  0
DMPlexSymmetrize      53 1.0 1.3990e-02 11.2 0.00e+00 0.0 0.0e+00 0.0e+00 0.0e+00  0  0  0  0  0   0  0  0  0  0     0       0      0 0.00e+00    0 0.00e+00  0
DMPlexPrealloc         1 1.0 1.1575e+00 1.0 0.00e+00 0.0 4.7e+02 3.9e+05 4.0e+00  2  0  1 20  3  36  0 28 84  7     0       0      0 0.00e+00    0 0.00e+00  0
DMPlexGenerate         1 1.0 3.5731e-02 1.0 0.00e+00 0.0 0.0e+00 0.0e+00 0.0e+00  0  0  0  0  0   1  0  0  0  0     0       0      0 0.00e+00    0 0.00e+00  0
SFSetGraph            27 1.0 1.4286e-02 5.1 0.00e+00 0.0 0.0e+00 0.0e+00 0.0e+00  0  0  0  0  0   0  0  0  0  0     0       0      0 0.00e+00    0 0.00e+00  0
SFSetUp               22 1.0 5.4241e-01 5.3 0.00e+00 0.0 7.3e+02 9.3e+04 0.0e+00  0  0  1  7  0   7  0 44 31  0     0       0      0 0.00e+00    0 0.00e+00  0
SFBcastBegin          49 1.0 6.9330e-03 9.8 0.00e+00 0.0 6.8e+02 6.4e+04 0.0e+00  0  0  1  5  0   0  0 40 20  0     0       0      0 0.00e+00    0 0.00e+00  0
SFBcastEnd            49 1.0 9.4179e-01 26.3 0.00e+00 0.0 0.0e+00 0.0e+00 0.0e+00  2  0  0  0  0  24  0  0  0  0     0       0      0 0.00e+00    0 0.00e+00  0
SFReduceBegin         11 1.0 1.0915e-01 178.2 0.00e+00 0.0 2.0e+02 3.3e+05 0.0e+00  0  0  0  7  0   0  0 12 30  0     0       0      0 0.00e+00    0 0.00e+00  0
SFReduceEnd           11 1.0 7.7970e-01 117.5 0.00e+00 0.0 0.0e+00 0.0e+00 0.0e+00  0  0  0  0  0   5  0  0  0  0     0       0      0 0.00e+00    0 0.00e+00  0
SFFetchOpBegin         2 1.0 9.5845e-04 36.5 0.00e+00 0.0 3.8e+01 5.4e+05 0.0e+00  0  0  0  2  0   0  0  2  9  0     0       0      0 0.00e+00    0 0.00e+00  0
SFFetchOpEnd           2 1.0 6.6823e-03 3.1 0.00e+00 0.0 3.8e+01 5.4e+05 0.0e+00  0  0  0  2  0   0  0  2  9  0     0       0      0 0.00e+00    0 0.00e+00  0
SFCreateEmbed          3 1.0 1.7567e-02 29.5 0.00e+00 0.0 4.5e+01 6.7e+03 0.0e+00  0  0  0  0  0   0  0  3  0  0     0       0      0 0.00e+00    0 0.00e+00  0
SFDistSection          9 1.0 1.0066e-02 2.0 0.00e+00 0.0 3.1e+02 3.0e+04 0.0e+00  0  0  1  1  0   0  0 19  4  0     0       0      0 0.00e+00    0 0.00e+00  0
SFSectionSF           11 1.0 4.8955e-01 10.7 0.00e+00 0.0 2.9e+02 8.6e+04 0.0e+00  0  0  1  3  0   5  0 17 11  0     0       0      0 0.00e+00    0 0.00e+00  0
SFRemoteOff            2 1.0 1.7323e-02 17.6 0.00e+00 0.0 7.6e+01 3.4e+03 0.0e+00  0  0  0  0  0   0  0  5  0  0     0       0      0 0.00e+00    0 0.00e+00  0
SFPack                62 1.0 7.8829e-03 14.1 0.00e+00 0.0 0.0e+00 0.0e+00 0.0e+00  0  0  0  0  0   0  0  0  0  0     0       0      0 0.00e+00    0 0.00e+00  0
SFUnpack              64 1.0 7.5503e-01 301.2 0.00e+00 0.0 0.0e+00 0.0e+00 0.0e+00  0  0  0  0  0   3  0  0  0  0     0       0      0 0.00e+00    0 0.00e+00  0
VecMDot                5 1.0 2.0267e-02 1.0 2.95e+06 1.1 0.0e+00 0.0e+00 0.0e+00  0  0  0  0  0   1  7  0  0  0  1110    1162      0 0.00e+00    6 9.60e-05 100
VecNorm                6 1.0 3.0024e-02 1.1 1.18e+06 1.1 0.0e+00 0.0e+00 0.0e+00  0  0  0  0  0   1  3  0  0  0   300     324      0 0.00e+00    0 0.00e+00 100
VecScale               6 1.0 2.6144e-04 1.1 5.90e+05 1.1 0.0e+00 0.0e+00 0.0e+00  0  0  0  0  0   0  1  0  0  0 17216   22315      0 0.00e+00    0 0.00e+00 100
VecCopy                1 1.0 7.6040e-06 1.3 0.00e+00 0.0 0.0e+00 0.0e+00 0.0e+00  0  0  0  0  0   0  0  0  0  0     0       0      0 0.00e+00    0 0.00e+00  0
VecSet                 8 1.0 2.3917e-04 1.1 0.00e+00 0.0 0.0e+00 0.0e+00 0.0e+00  0  0  0  0  0   0  0  0  0  0     0       0      0 0.00e+00    0 0.00e+00  0
VecAXPY                8 1.0 5.1700e-04 1.1 1.57e+06 1.1 0.0e+00 0.0e+00 0.0e+00  0  0  0  0  0   0  4  0  0  0 23215   27730      0 0.00e+00    0 0.00e+00 100
VecNormalize           6 1.0 3.0305e-02 1.1 1.77e+06 1.1 0.0e+00 0.0e+00 0.0e+00  0  0  0  0  0   1  4  0  0  0   446     483      0 0.00e+00    0 0.00e+00 100
DCtxCreate             1 1.0 1.5270e-05 1.6 0.00e+00 0.0 0.0e+00 0.0e+00 0.0e+00  0  0  0  0  0   0  0  0  0  0     0       0      0 0.00e+00    0 0.00e+00  0
DCtxSetUp              1 1.0 8.8870e-06 1.2 0.00e+00 0.0 0.0e+00 0.0e+00 0.0e+00  0  0  0  0  0   0  0  0  0  0     0       0      0 0.00e+00    0 0.00e+00  0
DCtxSetDevice          1 1.0 1.5861e-05 1.4 0.00e+00 0.0 0.0e+00 0.0e+00 0.0e+00  0  0  0  0  0   0  0  0  0  0     0       0      0 0.00e+00    0 0.00e+00  0
DualSpaceSetUp         6 1.0 1.4751e-02 1.0 3.61e+03 1.0 0.0e+00 0.0e+00 0.0e+00  0  0  0  0  0   0  0  0  0  0     2       0      0 0.00e+00    0 0.00e+00  0
FESetUp                6 1.0 6.3852e-04 1.1 0.00e+00 0.0 0.0e+00 0.0e+00 0.0e+00  0  0  0  0  0   0  0  0  0  0     0       0      0 0.00e+00    0 0.00e+00  0
MatMult            24576 1.0 5.9702e-03 1.1 1.99e+06 1.0 0.0e+00 0.0e+00 0.0e+00  0  0  0  0  0   0  5  0  0  0  2667       0      0 0.00e+00    0 0.00e+00  0
MatAssemblyBegin      68 1.0 2.8906e-02 178.9 0.00e+00 0.0 0.0e+00 0.0e+00 0.0e+00  0  0  0  0  0   0  0  0  0  0     0       0      0 0.00e+00    0 0.00e+00  0
MatAssemblyEnd        68 1.0 3.0624e-02 1.0 0.00e+00 0.0 1.1e+02 4.0e+03 1.0e+00  0  0  0  0  1   1  0  7  0  2     0       0      0 0.00e+00    0 0.00e+00  0
MatSetPreallCOO       36 1.0 7.3449e-05 1.2 0.00e+00 0.0 0.0e+00 0.0e+00 0.0e+00  0  0  0  0  0   0  0  0  0  0     0       0      0 0.00e+00    0 0.00e+00  0
MatSetValuesCOO       36 1.0 4.6376e-05 1.1 0.00e+00 0.0 0.0e+00 0.0e+00 0.0e+00  0  0  0  0  0   0  0  0  0  0     0       0      0 0.00e+00    0 0.00e+00  0

--- Event Stage 2: Solve 0

BuildTwoSided        149 1.0 1.9487e-01 19.5 0.00e+00 0.0 1.6e+03 4.0e+00 0.0e+00  0  0  3  0  0   2  0  5  0  0     0       0      0 0.00e+00    0 0.00e+00  0
BuildTwoSidedF       110 1.0 1.7051e-01 35.9 0.00e+00 0.0 2.3e+02 1.9e+04 0.0e+00  0  0  0  0  0   1  0  1  1  0     0       0      0 0.00e+00    0 0.00e+00  0
DMPlexResidualFE       1 1.0 4.2914e-01 1.0 4.08e+08 1.0 0.0e+00 0.0e+00 0.0e+00  1  4  0  0  0   7  9  0  0  0  7607       0      0 0.00e+00    2 1.72e+00  0
SFSetGraph            39 1.0 1.9768e-04 1.4 0.00e+00 0.0 0.0e+00 0.0e+00 0.0e+00  0  0  0  0  0   0  0  0  0  0     0       0      0 0.00e+00    0 0.00e+00  0
SFSetUp               39 1.0 5.6493e-02 1.0 0.00e+00 0.0 2.9e+03 2.8e+04 0.0e+00  0  0  6  8  0   1  0 10 17  0     0       0      0 0.00e+00    0 0.00e+00  0
SFBcastBegin          34 1.0 2.4214e-02 3.0 0.00e+00 0.0 1.9e+03 4.2e+04 0.0e+00  0  0  4  8  0   0  0  6 17  0     0       0      0 0.00e+00    0 0.00e+00  0
SFBcastEnd            34 1.0 3.6449e+00 270.5 0.00e+00 0.0 0.0e+00 0.0e+00 0.0e+00  4  0  0  0  0  29  0  0  0  0     0       0      0 0.00e+00    0 0.00e+00  0
SFReduceBegin         11 1.0 9.1841e-03 1.5 0.00e+00 0.0 3.9e+02 4.1e+05 0.0e+00  0  0  1 17  0   0  0  1 35  0     0       0      0 0.00e+00    0 0.00e+00  0
SFReduceEnd           11 1.0 1.7533e-02 3.0 9.51e+03 0.0 0.0e+00 0.0e+00 0.0e+00  0  0  0  0  0   0  0  0  0  0     2       0      0 0.00e+00    0 0.00e+00 100
SFPack               568 1.0 1.8272e-03 1.1 0.00e+00 0.0 0.0e+00 0.0e+00 0.0e+00  0  0  0  0  0   0  0  0  0  0     0       0      7 1.32e-01    0 0.00e+00  0
SFUnpack             568 1.0 5.1197e-04 1.3 3.16e+04 1.4 0.0e+00 0.0e+00 0.0e+00  0  0  0  0  0   0  0  0  0  0   396       0      2 4.35e-03    0 0.00e+00 100
VecTDot              178 1.0 1.9213e-02 1.5 1.71e+07 1.1 0.0e+00 0.0e+00 0.0e+00  0  0  0  0  0   0  0  0  0  0  6779   29964      0 0.00e+00    0 0.00e+00 100
VecNorm               53 1.0 1.2064e-02 2.6 6.14e+06 1.1 0.0e+00 0.0e+00 0.0e+00  0  0  0  0  0   0  0  0  0  0  3879   20377      0 0.00e+00    0 0.00e+00 100
VecCopy              185 1.0 3.4717e-03 1.0 0.00e+00 0.0 0.0e+00 0.0e+00 0.0e+00  0  0  0  0  0   0  0  0  0  0     0       0      0 0.00e+00    0 0.00e+00  0
VecSet                86 1.0 1.5264e-03 1.1 0.00e+00 0.0 0.0e+00 0.0e+00 0.0e+00  0  0  0  0  0   0  0  0  0  0     0       0      0 0.00e+00    0 0.00e+00  0
VecAXPY              160 1.0 2.7867e-03 1.1 1.59e+07 1.1 0.0e+00 0.0e+00 0.0e+00  0  0  0  0  0   0  0  0  0  0 43449   109302      0 0.00e+00    0 0.00e+00 100
VecAYPX              414 1.0 8.0207e-03 1.0 3.00e+07 1.1 0.0e+00 0.0e+00 0.0e+00  0  0  0  0  0   0  1  0  0  0 28492   61537      0 0.00e+00    0 0.00e+00 100
VecAXPBYCZ           114 1.0 2.2355e-03 1.0 1.90e+07 1.1 0.0e+00 0.0e+00 0.0e+00  0  0  0  0  0   0  0  0  0  0 64878   136237      0 0.00e+00    0 0.00e+00 100
VecAssemblyBegin      98 1.0 1.4111e-01 39.5 0.00e+00 0.0 0.0e+00 0.0e+00 0.0e+00  0  0  0  0  0   1  0  0  0  0     0       0      0 0.00e+00    0 0.00e+00  0
VecAssemblyEnd        98 1.0 1.2473e-04 1.2 0.00e+00 0.0 0.0e+00 0.0e+00 0.0e+00  0  0  0  0  0   0  0  0  0  0     0       0      0 0.00e+00    0 0.00e+00  0
VecPointwiseMult      52 1.0 9.7956e-04 1.1 1.10e+06 1.1 0.0e+00 0.0e+00 0.0e+00  0  0  0  0  0   0  0  0  0  0  8572   19289      0 0.00e+00    0 0.00e+00 100
VecReciprocal         10 1.0 3.3688e-03 1.6 0.00e+00 0.0 0.0e+00 0.0e+00 0.0e+00  0  0  0  0  0   0  0  0  0  0     0       0      0 0.00e+00    0 0.00e+00  0
VecSetValues      765059 1.1 1.3019e+00 1.1 0.00e+00 0.0 0.0e+00 0.0e+00 0.0e+00  3  0  0  0  0  19  0  0  0  0     0       0      0 0.00e+00    0 0.00e+00  0
VecScatterBegin      523 1.0 8.4832e-02 1.8 0.00e+00 0.0 2.4e+04 5.8e+03 0.0e+00  0  0 46 15  0   1  0 80 30  0     0       0     52 7.90e+00    0 0.00e+00  0
VecScatterEnd        523 1.0 9.3140e-02 1.6 2.23e+04 1.2 0.0e+00 0.0e+00 0.0e+00  0  0  0  0  0   1  0  0  0  0     2       0      2 4.35e-03    0 0.00e+00 100
MatMult             1028 1.0 7.8451e-02 1.1 4.29e+09 1.1 1.7e+04 6.9e+03 0.0e+00  0 41 33 13  0   1 84 57 26  0 410372   938791      4 6.55e+00    0 0.00e+00 100
MatMultAdd            57 1.0 9.3153e-03 1.1 1.14e+08 1.1 2.2e+03 6.0e+02 0.0e+00  0  1  4  0  0   0  2  7  0  0 92456   269516      0 0.00e+00    0 0.00e+00 100
MatMultTranspose      57 1.0 5.5250e-02 1.0 1.14e+08 1.1 2.2e+03 6.0e+02 0.0e+00  0  1  4  0  0   1  2  7  0  0 15591   387684      2 4.35e-03    0 0.00e+00 100
MatScale               9 1.0 1.8341e-02 1.8 1.00e+07 1.1 1.7e+02 1.9e+03 0.0e+00  0  0  0  0  0   0  0  1  0  0  4131   51141      9 1.04e+00    0 0.00e+00 100
MatResidual           57 1.0 1.2189e-02 1.0 7.17e+08 1.1 3.2e+03 6.3e+03 0.0e+00  0  7  6  2  0   0 14 11  4  0 441438   918187      0 0.00e+00    0 0.00e+00 100
MatAssemblyBegin      47 1.0 2.9783e-02 8.6 0.00e+00 0.0 2.3e+02 1.9e+04 0.0e+00  0  0  0  0  0   0  0  1  1  0     0       0      0 0.00e+00    0 0.00e+00  0
MatAssemblyEnd        47 1.0 8.3209e-02 1.5 0.00e+00 0.0 1.5e+03 4.9e+02 2.3e+01  0  0  3  0 15   1  0  5  0 29     0       0      0 0.00e+00    0 0.00e+00  0
MatSetValues      137311 1.1 3.7814e-01 1.1 6.01e+05 1.1 0.0e+00 0.0e+00 0.0e+00  1  0  0  0  0   6  0  0  0  0    12       0      0 0.00e+00    6 2.27e+01  0
MatGetValues       33075 1.1 6.8737e-02 1.1 0.00e+00 0.0 0.0e+00 0.0e+00 0.0e+00  0  0  0  0  0   1  0  0  0  0     0       0      0 0.00e+00    0 0.00e+00  0
MatGetRow         466752 1.1 9.1434e-01 1.1 0.00e+00 0.0 0.0e+00 0.0e+00 0.0e+00  2  0  0  0  0  14  0  0  0  0     0       0      0 0.00e+00   10 2.04e+01  0
MatCreateSubMat        1 1.0 1.2491e-03 1.0 0.00e+00 0.0 1.4e+01 3.3e+01 5.0e+00  0  0  0  0  3   0  0  0  0  6     0       0      0 0.00e+00    0 0.00e+00  0
MatCoarsen             3 1.0 1.7177e-02 1.1 0.00e+00 0.0 1.5e+03 1.5e+03 1.8e+01  0  0  3  0 12   0  0  5  1 23     0       0      2 1.88e-03    0 0.00e+00  0
MatAXPY                3 1.0 6.9250e-01 1.1 6.01e+05 1.1 0.0e+00 0.0e+00 0.0e+00  1  0  0  0  0  10  0  0  0  0     7       0      0 0.00e+00    6 2.27e+01  0
MatTranspose           2 1.0 2.6244e-03 1.0 0.00e+00 0.0 1.8e+02 4.0e+01 6.0e+00  0  0  0  0  4   0  0  1  0  8     0       0      2 1.88e-03    0 0.00e+00  0
MatMatMultSym          3 1.0 1.0816e-01 1.0 0.00e+00 0.0 1.3e+03 1.1e+04 9.0e+00  0  0  2  1  6   2  0  4  3 12     0       0      6 4.58e+00    0 0.00e+00  0
MatMatMultNum          3 1.0 7.0300e-07 1.3 0.00e+00 0.0 0.0e+00 0.0e+00 0.0e+00  0  0  0  0  0   0  0  0  0  0     0       0      0 0.00e+00    0 0.00e+00  0
MatPtAPSymbolic        3 1.0 6.4107e-01 1.1 0.00e+00 0.0 2.2e+03 5.9e+04 1.8e+01  1  0  4 14 12  10  0  7 28 23     0       0      6 2.27e+01    0 0.00e+00  0
MatPtAPNumeric         3 1.0 8.1100e-07 1.3 0.00e+00 0.0 0.0e+00 0.0e+00 0.0e+00  0  0  0  0  0   0  0  0  0  0     0       0      0 0.00e+00    0 0.00e+00  0
MatTrnMatMultSym       1 1.0 2.2515e-01 1.1 0.00e+00 0.0 4.5e+02 3.8e+05 3.0e+00  0  0  1 18  2   3  0  1 37  4     0       0      0 0.00e+00    0 0.00e+00  0
MatCreateGraph         3 1.0 6.3950e-01 1.0 4.04e+06 1.1 5.0e+02 9.7e+02 9.0e+00  1  0  1  0  6  10  0  2  0 12    48    9009     12 1.55e+01    7 5.46e+00 100
KSPSetUp               1 1.0 1.3593e-03 3.7 0.00e+00 0.0 0.0e+00 0.0e+00 0.0e+00  0  0  0  0  0   0  0  0  0  0     0       0      0 0.00e+00    0 0.00e+00  0
KSPSolve               1 1.0 1.3841e-01 1.0 3.88e+09 1.1 1.8e+04 5.5e+03 0.0e+00  0 37 35 11  0   2 76 61 22  0 210458   720510      2 4.35e-03    0 0.00e+00 100
SNESSolve              1 1.0 8.1970e+00 1.8 5.08e+09 1.1 3.0e+04 1.5e+04 7.8e+01 13 49 58 49 51 100 100 100 100 100  4679   589342     78 1.88e+02   52 5.26e+01 91
SNESSetUp              1 1.0 7.5523e-04 2.4 0.00e+00 0.0 0.0e+00 0.0e+00 0.0e+00  0  0  0  0  0   0  0  0  0  0     0       0      0 0.00e+00    0 0.00e+00  0
SNESFunctionEval       1 1.0 4.0792e+00 8.9 4.09e+08 1.0 3.8e+01 1.5e+04 0.0e+00  5  4  0  0  0  36  9  0  0  0   802     862      2 1.72e+00    3 2.59e+00  0
PCSetUp_GAMG+          1 1.0 3.9789e+00 1.0 7.92e+08 1.1 1.2e+04 3.0e+04 7.8e+01  8  8 23 39 51  62 16 39 78 100  1495   307886     74 1.86e+02   49 5.00e+01 100
 PCGAMGCreateG         3 1.0 6.3951e-01 1.0 4.04e+06 1.1 5.0e+02 9.7e+02 9.0e+00  1  0  1  0  6  10  0  2  0 12    48    9009     12 1.55e+01    7 5.46e+00 100
 GAMG Coarsen          6 1.0 6.2980e-01 1.0 0.00e+00 0.0 2.2e+03 8.0e+04 2.1e+01  1  0  4 19 14  10  0  7 39 27     0       0      7 1.05e+00   11 1.56e+01  0
  GAMG MIS/Agg         3 1.0 2.5796e-01 1.1 0.00e+00 0.0 1.9e+03 9.0e+04 2.1e+01  1  0  4 19 14   4  0  6 38 27     0       0      2 1.88e-03    0 0.00e+00  0
 PCGAMGProl            3 1.0 1.1664e+00 1.0 0.00e+00 0.0 2.2e+03 8.2e+03 9.0e+00  2  0  4  2  6  18  0  7  4 12     0       0     38 6.52e+00   19 1.77e+00  0
  GAMG Prol-col        3 1.0 1.1414e+00 1.0 0.00e+00 0.0 2.0e+03 7.2e+03 0.0e+00  2  0  4  2  0  18  0  7  3  0     0       0     38 6.52e+00   19 1.77e+00  0
  GAMG Prol-lift       3 1.0 2.3085e-02 1.0 0.00e+00 0.0 2.6e+02 1.6e+04 3.0e+00  0  0  0  0  2   0  0  1  1  4     0       0      0 0.00e+00    0 0.00e+00  0
 PCGAMGOptProl         3 1.0 8.6061e-01 1.1 3.94e+08 1.1 2.9e+03 8.1e+03 9.0e+00  2  4  6  3  6  13  8 10  5 12  3433   319819     11 1.40e+02    6 2.27e+01 100
  GAMG smooth          3 1.0 8.1694e-01 1.1 6.59e+06 1.1 1.3e+03 1.1e+04 9.0e+00  2  0  2  1  6  12  0  4  3 12    61   163291      6 4.58e+00    6 2.27e+01 91
 PCGAMGCreateL         3 1.0 6.4602e-01 1.1 0.00e+00 0.0 2.2e+03 5.8e+04 2.9e+01  1  0  4 14 19  10  0  7 28 37     0       0      6 2.27e+01    0 0.00e+00  0
  GAMG PtAP            3 1.0 6.4111e-01 1.1 0.00e+00 0.0 2.2e+03 5.9e+04 1.8e+01  1  0  4 14 12  10  0  7 28 23     0       0      6 2.27e+01    0 0.00e+00  0
  GAMG Reduce          1 1.0 3.7400e-02 1.1 0.00e+00 0.0 4.4e+02 1.8e+03 1.7e+01  0  0  1  0 11   1  0  1  0 22     0       0      2 6.44e-03    0 0.00e+00  0
PCGAMG Squ l00         1 1.0 2.2515e-01 1.1 0.00e+00 0.0 4.5e+02 3.8e+05 3.0e+00  0  0  1 18  2   3  0  1 37  4     0       0      0 0.00e+00    0 0.00e+00  0
PCGAMG Gal l00         1 1.0 5.4913e-01 1.1 0.00e+00 0.0 8.8e+02 1.2e+05 6.0e+00  1  0  2 11  4   8  0  3 22  8     0       0      2 2.20e+01    0 0.00e+00  0
PCGAMG Opt l00         1 1.0 5.5483e-02 1.0 0.00e+00 0.0 4.4e+02 2.5e+04 3.0e+00  0  0  1  1  2   1  0  1  2  4     0       0      2 4.50e+00    0 0.00e+00  0
PCGAMG Gal l01         1 1.0 6.1120e-02 1.0 0.00e+00 0.0 9.0e+02 3.0e+04 6.0e+00  0  0  2  3  4   1  0  3  6  8     0       0      2 6.63e-01    0 0.00e+00  0
PCGAMG Opt l01         1 1.0 1.3600e-02 1.0 0.00e+00 0.0 4.5e+02 3.4e+03 3.0e+00  0  0  1  0  2   0  0  1  0  4     0       0      2 7.55e-02    0 0.00e+00  0
PCGAMG Gal l02         1 1.0 3.2391e-02 1.0 0.00e+00 0.0 4.1e+02 1.9e+03 6.0e+00  0  0  1  0  4   1  0  1  0  8     0       0      2 6.44e-03    0 0.00e+00  0
PCGAMG Opt l02         1 1.0 3.9134e-02 1.0 0.00e+00 0.0 3.7e+02 1.1e+03 3.0e+00  0  0  1  0  2   1  0  1  0  4     0       0      2 3.71e-03    0 0.00e+00  0
PCSetUp                1 1.0 3.9789e+00 1.0 7.92e+08 1.1 1.2e+04 3.0e+04 7.8e+01  8  8 23 39 51  62 16 39 78 100  1495   307886     74 1.86e+02   49 5.00e+01 100
PCApply               19 1.0 1.2729e-01 1.0 3.17e+09 1.1 1.7e+04 4.8e+03 0.0e+00  0 31 33  9  0   2 62 57 18  0 186999   692015      2 4.35e-03    0 0.00e+00 100

--- Event Stage 3: Hot Solve

DMPlexResidualFE       1 1.0 4.2823e-01 1.0 4.08e+08 1.0 0.0e+00 0.0e+00 0.0e+00  1  4  0  0  0  73  9  0  0  0  7624       0      0 0.00e+00    2 1.72e+00  0
SFBcastBegin           4 1.0 2.2969e-03 1.5 0.00e+00 0.0 1.9e+02 2.3e+05 0.0e+00  0  0  0  5  0   0  0  1 25  0     0       0      0 0.00e+00    0 0.00e+00  0
SFBcastEnd             4 1.0 5.5103e-03 49.9 0.00e+00 0.0 0.0e+00 0.0e+00 0.0e+00  0  0  0  0  0   0  0  0  0  0     0       0      0 0.00e+00    0 0.00e+00  0
SFReduceBegin          4 1.0 5.9283e-04 1.4 0.00e+00 0.0 1.4e+02 1.5e+05 0.0e+00  0  0  0  2  0   0  0  1 12  0     0       0      0 0.00e+00    0 0.00e+00  0
SFReduceEnd            4 1.0 4.8454e-03 4.3 9.51e+03 0.0 0.0e+00 0.0e+00 0.0e+00  0  0  0  0  0   1  0  0  0  0     7       0      0 0.00e+00    0 0.00e+00 100
SFPack               399 1.0 1.2169e-03 1.1 0.00e+00 0.0 0.0e+00 0.0e+00 0.0e+00  0  0  0  0  0   0  0  0  0  0     0       0      0 0.00e+00    0 0.00e+00  0
SFUnpack             399 1.0 3.6395e-04 1.3 3.16e+04 1.4 0.0e+00 0.0e+00 0.0e+00  0  0  0  0  0   0  0  0  0  0   557       0      0 0.00e+00    0 0.00e+00 100
VecTDot              109 1.0 8.0547e-03 1.1 1.25e+07 1.1 0.0e+00 0.0e+00 0.0e+00  0  0  0  0  0   1  0  0  0  0 11810   36963      0 0.00e+00    0 0.00e+00 100
VecNorm               53 1.0 5.5936e-03 1.2 6.14e+06 1.1 0.0e+00 0.0e+00 0.0e+00  0  0  0  0  0   1  0  0  0  0  8367   20644      0 0.00e+00    0 0.00e+00 100
VecCopy              179 1.0 3.2999e-03 1.0 0.00e+00 0.0 0.0e+00 0.0e+00 0.0e+00  0  0  0  0  0   1  0  0  0  0     0       0      0 0.00e+00    0 0.00e+00  0
VecSet                83 1.0 1.4738e-03 1.1 0.00e+00 0.0 0.0e+00 0.0e+00 0.0e+00  0  0  0  0  0   0  0  0  0  0     0       0      0 0.00e+00    0 0.00e+00  0
VecAXPY              100 1.0 1.7240e-03 1.1 1.19e+07 1.1 0.0e+00 0.0e+00 0.0e+00  0  0  0  0  0   0  0  0  0  0 52521   134984      0 0.00e+00    0 0.00e+00 100
VecAYPX              387 1.0 6.9122e-03 1.0 2.82e+07 1.1 0.0e+00 0.0e+00 0.0e+00  0  0  0  0  0   1  1  0  0  0 31074   75070      0 0.00e+00    0 0.00e+00 100
VecAXPBYCZ           114 1.0 1.9752e-03 1.0 1.90e+07 1.1 0.0e+00 0.0e+00 0.0e+00  0  0  0  0  0   0  0  0  0  0 73427   181235      0 0.00e+00    0 0.00e+00 100
VecPointwiseMult      19 1.0 3.2761e-04 1.3 3.42e+02 0.0 0.0e+00 0.0e+00 0.0e+00  0  0  0  0  0   0  0  0  0  0     1       3      0 0.00e+00    0 0.00e+00 100
VecReciprocal          1 1.0 1.8185e-05 1.4 0.00e+00 0.0 0.0e+00 0.0e+00 0.0e+00  0  0  0  0  0   0  0  0  0  0     0       0      0 0.00e+00    0 0.00e+00  0
VecScatterBegin      391 1.0 2.2094e-02 1.3 0.00e+00 0.0 2.0e+04 5.5e+03 0.0e+00  0  0 38 12  0   3  0 98 63  0     0       0      0 0.00e+00    0 0.00e+00  0
VecScatterEnd        391 1.0 1.2510e-02 1.7 2.23e+04 1.2 0.0e+00 0.0e+00 0.0e+00  0  0  0  0  0   2  0  0  0  0    13       0      0 0.00e+00    0 0.00e+00 100
MatMult              998 1.0 5.6069e-02 1.0 3.91e+09 1.1 1.6e+04 7.0e+03 0.0e+00  0 38 30 12  0   9 83 77 62  0 523950   1024242      0 0.00e+00    0 0.00e+00 100
MatMultAdd            57 1.0 9.0951e-03 1.1 1.14e+08 1.1 2.2e+03 6.0e+02 0.0e+00  0  1  4  0  0   1  2 11  1  0 94695   267143      0 0.00e+00    0 0.00e+00 100
MatMultTranspose      57 1.0 8.8051e-03 1.2 1.14e+08 1.1 2.2e+03 6.0e+02 0.0e+00  0  1  4  0  0   1  2 11  1  0 97833   387466      0 0.00e+00    0 0.00e+00 100
MatResidual           57 1.0 1.2267e-02 1.0 7.17e+08 1.1 3.2e+03 6.3e+03 0.0e+00  0  7  6  2  0   2 15 16 11  0 438632   917600      0 0.00e+00    0 0.00e+00 100
MatPtAPNumeric         3 1.0 2.2800e-02 1.1 0.00e+00 0.0 2.8e+02 2.3e+05 0.0e+00  0  0  1  7  0   4  0  1 37  0     0       0      0 0.00e+00    0 0.00e+00  0
KSPSetUp               1 1.0 3.3100e-07 1.9 0.00e+00 0.0 0.0e+00 0.0e+00 0.0e+00  0  0  0  0  0   0  0  0  0  0     0       0      0 0.00e+00    0 0.00e+00  0
KSPSolve               1 1.0 9.0532e-02 1.0 3.88e+09 1.1 1.8e+04 5.5e+03 0.0e+00  0 37 35 11  0  15 82 90 57  0 321767   729167      0 0.00e+00    0 0.00e+00 100
SNESSolve              1 1.0 5.8624e-01 1.0 4.68e+09 1.1 2.0e+04 8.6e+03 0.0e+00  1 46 39 19  0 100 100 100 100  0 60334   684531      5 4.05e+00    3 2.59e+00 91
SNESFunctionEval       1 1.0 4.5602e-01 1.0 4.09e+08 1.0 3.8e+01 1.5e+04 0.0e+00  1  4  0  0  0  78  9  0  0  0  7177    1273      2 1.72e+00    3 2.59e+00  0
PCSetUp_GAMG+          1 1.0 4.2533e-02 1.1 3.95e+08 1.1 2.0e+03 3.8e+04 0.0e+00  0  4  4  8  0   7  8 10 43  0 69690   422515      3 2.33e+00    0 0.00e+00 100
PCGAMG Gal l00         1 1.0 1.7205e-02 1.2 0.00e+00 0.0 1.1e+02 4.6e+05 0.0e+00  0  0  0  5  0   3  0  1 29  0     0       0      0 0.00e+00    0 0.00e+00  0
PCGAMG Gal l01         1 1.0 4.3340e-03 1.3 0.00e+00 0.0 1.1e+02 1.2e+05 0.0e+00  0  0  0  1  0   1  0  1  8  0     0       0      0 0.00e+00    0 0.00e+00  0
PCGAMG Gal l02         1 1.0 1.5968e-03 1.3 0.00e+00 0.0 6.3e+01 5.9e+03 0.0e+00  0  0  0  0  0   0  0  0  0  0     0       0      0 0.00e+00    0 0.00e+00  0
PCSetUp                1 1.0 4.2534e-02 1.1 3.95e+08 1.1 2.0e+03 3.8e+04 0.0e+00  0  4  4  8  0   7  8 10 43  0 69687   422515      3 2.33e+00    0 0.00e+00 100
PCApply               19 1.0 7.9111e-02 1.0 3.17e+09 1.1 1.7e+04 4.8e+03 0.0e+00  0 31 33  9  0  13 67 85 47  0 300875   701402      0 0.00e+00    0 0.00e+00 100
---------------------------------------------------------------------------------------------------------------------------------------------------------------

Object Type          Creations   Destructions. Reports information only for process 0.

--- Event Stage 0: Main Stage

           Container     2             34
    Distributed Mesh     0             38
            DM Label     0             57
          Quadrature     1            236
           Index Set    25            125
   IS L to G Mapping     0             97
             Section     0            114
   Star Forest Graph     0             78
     Discrete System     0             38
           Weak Form     0             39
    GraphPartitioner     0             15
              Vector     1             72
        Linear Space     0              6
          Dual Space     0             16
            FE Space     0              4
              Matrix     0             55
      Matrix Coarsen     0              1
   Matrix Null Space     0              1
                SNES     0              1
              DMSNES     0              1
       Krylov Solver     0              8
     DMKSP interface     0              1
       Field over DM     1              1
      Preconditioner     0              5
              Viewer     0              1

--- Event Stage 1: Mesh Setup

           Container    93             61
    Distributed Mesh   118             82
            DM Label   296            239
          Quadrature   533            298
           Index Set  1338           1241
   IS L to G Mapping   290            193
             Section   390            276
   Star Forest Graph   313            254
     Discrete System   175            139
           Weak Form   177            140
    GraphPartitioner    53             38
              Vector    78             51
  PetscDeviceContext     1              0
        Linear Space    12              6
          Dual Space    63             47
            FE Space     6              2
              Matrix   178            151
   Matrix Null Space     1              0
                SNES     1              0
              DMSNES     1              0
       Krylov Solver     1              0
       Field over DM     1              1
      Preconditioner     1              0
              Viewer     1              0

--- Event Stage 2: Solve 0

           Container     2              2
    Distributed Mesh     2              0
          Quadrature     1              1
           Index Set    91             88
   Star Forest Graph    43             24
     Discrete System     2              0
           Weak Form     2              0
              Vector   213            169
              Matrix    70             42
      Matrix Coarsen     3              2
       Krylov Solver    11              4
     DMKSP interface     1              0
      Preconditioner    11              7
         PetscRandom     3              3

--- Event Stage 3: Hot Solve

          Quadrature     1              1
           Index Set    33             33
              Vector     9              9
========================================================================================================================
Average time to get PetscTime(): 3.21e-08
Average time for MPI_Barrier(): 1.37926e-05
Average time for zero size MPI_Send(): 1.3034e-05
#PETSc Option Table entries:
-dm_mat_type mpiaijkokkos # (source: command line)
-dm_plex_box_faces 32,32,32 # (source: command line)
-dm_plex_dim 3 # (source: command line)
-dm_plex_simplex 0 # (source: command line)
-dm_vec_type kokkos # (source: command line)
-ksp_converged_reason # (source: command line)
-ksp_norm_type unpreconditioned # (source: command line)
-ksp_rtol 1e-6 # (source: command line)
-ksp_type cg # (source: command line)
-log_view # (source: command line)
-log_view_gpu_time # (source: command line)
-max_conv_its 1 # (source: command line)
-mg_coarse_pc_type jacobi # (source: command line)
-mg_levels_ksp_type chebyshev # (source: command line)
-mg_levels_pc_type pbjacobi # (source: command line)
-n_solves 2 # (source: command line)
-pc_gamg_agg_nsmooths 1 # (source: command line)
-pc_gamg_reuse_interpolation true # (source: command line)
-pc_gamg_type agg # (source: command line)
-pc_type gamg # (source: command line)
-petscpartitioner_simple_process_grid 2,2,2 # (source: command line)
-petscspace_degree 2 # (source: command line)
-run_type 1 # (source: command line)
-snes_lag_jacobian -2 # (source: command line)
-snes_type ksponly # (source: command line)
-use_mat_nearnullspace true # (source: command line)
#End of PETSc Option Table entries
Compiled without FORTRAN kernels
Compiled with full precision matrices (default)
sizeof(short) 2 sizeof(int) 4 sizeof(long) 8 sizeof(void*) 8 sizeof(PetscScalar) 8 sizeof(PetscInt) 4
Configure options: --with-make-np=8 --with-mpiexec="srun -G4 --gpu-bind=none" --with-batch=0 --download-triangle=1 --with-cc=cc --with-cxx=CC --with-fc=0 --with-debugging=0 --with-cuda=1 --with-cuda-arch=80 --download-kokkos --download-kokkos-kernels --force PETSC_ARCH=arch-perlmutter-opt-gcc-kokkos-cuda
-----------------------------------------
Libraries compiled on 2026-06-22 11:34:59 on login15
Machine characteristics: Linux-6.4.0-150600.23.103_15.0.24-cray_shasta_c-x86_64-with-glibc2.3.4
Using PETSc directory: /global/u2/m/madams/petsc
Using PETSc arch: arch-perlmutter-opt-gcc-kokkos-cuda
-----------------------------------------

Using C compiler: cc  -fPIC -Wall -Wwrite-strings -Wno-unknown-pragmas -Wno-lto-type-mismatch -Wno-stringop-overflow -fstack-protector -fvisibility=hidden -g -O 
-----------------------------------------

Using include paths: -I/global/u2/m/madams/petsc/include -I/global/u2/m/madams/petsc/arch-perlmutter-opt-gcc-kokkos-cuda/include -I/opt/nvidia/hpc_sdk/Linux_x86_64/25.5/cuda/12.9/include -I/opt/nvidia/hpc_sdk/Linux_x86_64/25.5/math_libs/12.9/include
-----------------------------------------

Using C linker: cc
Using libraries: -Wl,-rpath,/global/u2/m/madams/petsc/arch-perlmutter-opt-gcc-kokkos-cuda/lib -L/global/u2/m/madams/petsc/arch-perlmutter-opt-gcc-kokkos-cuda/lib -lpetsc -Wl,-rpath,/global/u2/m/madams/petsc/arch-perlmutter-opt-gcc-kokkos-cuda/lib -L/global/u2/m/madams/petsc/arch-perlmutter-opt-gcc-kokkos-cuda/lib -Wl,-rpath,/opt/nvidia/hpc_sdk/Linux_x86_64/25.5/cuda/12.9/lib64 -L/opt/nvidia/hpc_sdk/Linux_x86_64/25.5/cuda/12.9/lib64 -Wl,-rpath,/opt/nvidia/hpc_sdk/Linux_x86_64/25.5/math_libs/12.9/lib64 -L/opt/nvidia/hpc_sdk/Linux_x86_64/25.5/math_libs/12.9/lib64 -L/opt/nvidia/hpc_sdk/Linux_x86_64/25.5/cuda/12.9/lib64/stubs -lkokkoskernels -lkokkoscontainers -lkokkoscore -lkokkossimd -ltriangle -lcudart -lnvtx3interop -lcufft -lcublas -lcusparse -lcusolver -lcurand -lcuda -lnvidia-ml -lX11 -lstdc++ -lquadmath
-----------------------------------------

ALL_Q2_TPL_DONE
